timestamp,etichetta_variante,modello,posizione_id,numero_pedine,mossa_ottimale,valore_teorico,mossa_scelta_llm,e_ottimale,tentativi_falliti
2026-09-17T14:41:00,elo_800,mimo-v2.5,1,39,"2,1,1",1,,False,3
2026-09-17T14:41:01,elo_800,mimo-v2.5,2,37,"4,3,1",1,,False,3
2026-09-17T14:41:03,elo_800,mimo-v2.5,5,42,"2,4,1",1,,False,3
2026-09-17T14:41:03,elo_800,mimo-v2.5,4,37,"2,4,3",1,,False,3
2026-09-17T14:41:04,elo_800,mimo-v2.5,3,40,"2,1,3",1,,False,3
2026-09-17T14:41:05,elo_800,mimo-v2.5,10,36,"1,4,3",1,,False,3
2026-09-17T14:41:06,elo_800,mimo-v2.5,7,36,"1,3,3",1,,False,3
2026-09-17T14:41:09,elo_800,mimo-v2.5,11,37,"2,1,4",1,,False,3
2026-09-17T14:41:10,elo_800,mimo-v2.5,8,37,"2,1,1",1,,False,3
2026-09-17T14:41:12,elo_800,mimo-v2.5,9,37,"4,4,2",1,,False,3
2026-09-17T14:41:13,elo_800,mimo-v2.5,12,39,"3,2,3",1,,False,3
2026-09-17T14:41:14,elo_800,mimo-v2.5,16,41,"4,3,3",1,,False,3
2026-09-17T14:41:16,elo_800,mimo-v2.5,15,40,"4,2,1",1,,False,3
2026-09-17T14:41:16,elo_800,mimo-v2.5,6,37,"1,4,1",1,,False,3
2026-09-17T14:41:17,elo_800,mimo-v2.5,14,36,"2,1,2",1,,False,3
2026-09-17T14:41:18,elo_800,mimo-v2.5,13,38,"3,4,4",1,,False,3
2026-09-17T14:41:19,elo_800,mimo-v2.5,17,40,"2,1,2",1,,False,3
2026-09-17T14:41:20,elo_800,mimo-v2.5,21,36,"4,4,4",1,,False,3
2026-09-17T14:41:22,elo_800,mimo-v2.5,18,37,"1,3,3",1,,False,3
2026-09-17T14:41:24,elo_800,mimo-v2.5,22,37,"2,3,1",1,,False,3
2026-09-17T14:41:26,elo_800,mimo-v2.5,20,39,"1,4,3",1,,False,3
2026-09-17T14:41:27,elo_800,mimo-v2.5,23,42,"3,3,2",1,,False,3
2026-09-17T14:41:28,elo_800,mimo-v2.5,28,40,"1,3,4",1,,False,3
2026-09-17T14:41:29,elo_800,mimo-v2.5,25,38,"4,2,1",1,,False,3
2026-09-17T14:41:30,elo_800,mimo-v2.5,19,39,"2,2,3",1,,False,3
2026-09-17T14:41:32,elo_800,mimo-v2.5,26,36,"3,3,3",1,,False,3
2026-09-17T14:41:32,elo_800,mimo-v2.5,24,40,"2,4,4",1,,False,3
2026-09-17T14:41:34,elo_800,mimo-v2.5,27,36,"1,4,4",1,,False,3
2026-09-17T14:41:34,elo_800,mimo-v2.5,29,39,"2,4,4",1,,False,3
2026-09-17T14:41:35,elo_800,mimo-v2.5,31,37,"1,3,2",1,,False,3
2026-09-17T14:41:36,elo_800,mimo-v2.5,30,38,"2,3,2",1,,False,3
2026-09-17T14:41:37,elo_800,mimo-v2.5,32,40,"1,2,4",1,,False,3
2026-09-17T14:41:39,elo_800,mimo-v2.5,34,36,"1,1,4",1,,False,3
2026-09-17T14:41:39,elo_800,mimo-v2.5,35,37,"3,4,1",1,,False,3
2026-09-17T14:41:40,elo_800,mimo-v2.5,39,39,"2,3,3",1,,False,3
2026-09-17T14:41:41,elo_800,mimo-v2.5,38,39,"2,1,1",1,,False,3
2026-09-17T14:41:42,elo_800,mimo-v2.5,41,38,"4,4,1",1,,False,3
2026-09-17T14:41:44,elo_800,mimo-v2.5,33,38,"4,1,1",1,,False,3
2026-09-17T14:41:46,elo_800,mimo-v2.5,40,39,"4,2,2",1,,False,3
2026-09-17T14:41:47,elo_800,mimo-v2.5,43,41,"2,2,4",1,,False,3
2026-09-17T14:41:48,elo_800,mimo-v2.5,36,39,"4,1,4",1,,False,3
2026-09-17T14:41:49,elo_800,mimo-v2.5,45,37,"1,3,3",1,,False,3
2026-09-17T14:41:50,elo_800,mimo-v2.5,37,39,"2,3,2",1,,False,3
2026-09-17T14:41:52,elo_800,mimo-v2.5,42,40,"3,2,4",1,,False,3
2026-09-17T14:41:54,elo_800,mimo-v2.5,46,38,"1,4,3",1,,False,3
2026-09-17T14:41:55,elo_800,mimo-v2.5,47,36,"3,1,1",1,,False,3
2026-09-17T14:41:57,elo_800,mimo-v2.5,48,37,"1,2,2",1,,False,3
2026-09-17T14:41:58,elo_800,mimo-v2.5,51,40,"1,1,4",1,,False,3
2026-09-17T14:42:00,elo_800,mimo-v2.5,50,39,"2,3,3",1,,False,3
2026-09-17T14:42:01,elo_800,mimo-v2.5,52,39,"4,4,1",1,,False,3
2026-09-17T14:42:03,elo_800,mimo-v2.5,49,40,"1,3,1",1,,False,3
2026-09-17T14:42:04,elo_800,mimo-v2.5,57,37,"2,4,2",1,,False,3
2026-09-17T14:42:05,elo_800,mimo-v2.5,55,41,"2,3,2",1,,False,3
2026-09-17T14:42:06,elo_800,mimo-v2.5,58,37,"4,4,3",1,,False,3
2026-09-17T14:42:08,elo_800,mimo-v2.5,54,39,"1,3,3",1,,False,3
2026-09-17T14:42:08,elo_800,mimo-v2.5,60,39,"1,1,4",1,,False,3
2026-09-17T14:42:10,elo_800,mimo-v2.5,59,39,"3,1,3",1,,False,3
2026-09-17T14:42:11,elo_800,mimo-v2.5,53,37,"3,2,3",1,,False,3
2026-09-17T14:42:12,elo_800,mimo-v2.5,56,40,"3,4,4",1,,False,3
2026-09-17T14:42:14,elo_800,mimo-v2.5,44,37,"2,2,3",1,,False,3
2026-09-17T14:42:15,elo_800,mimo-v2.5,64,38,"1,2,1",1,,False,3
2026-09-17T14:42:15,elo_800,mimo-v2.5,62,36,"2,2,3",1,,False,3
2026-09-17T14:42:16,elo_800,mimo-v2.5,63,39,"3,2,1",1,,False,3
2026-09-17T14:42:17,elo_800,mimo-v2.5,61,36,"4,2,1",1,,False,3
2026-09-17T14:42:19,elo_800,mimo-v2.5,69,40,"4,3,1",1,,False,3
2026-09-17T14:42:19,elo_800,mimo-v2.5,67,36,"1,3,2",1,,False,3
2026-09-17T14:42:20,elo_800,mimo-v2.5,68,36,"2,4,3",1,,False,3
2026-09-17T14:42:21,elo_800,mimo-v2.5,65,38,"1,3,4",1,,False,3
2026-09-17T14:42:22,elo_800,mimo-v2.5,71,39,"3,3,4",1,,False,3
2026-09-17T14:42:24,elo_800,mimo-v2.5,70,36,"2,2,3",1,,False,3
2026-09-17T14:42:25,elo_800,mimo-v2.5,72,38,"1,2,1",1,,False,3
2026-09-17T14:42:27,elo_800,mimo-v2.5,66,36,"4,4,2",1,,False,3
2026-09-17T14:42:28,elo_800,mimo-v2.5,76,37,"3,4,3",1,,False,3
2026-09-17T14:42:29,elo_800,mimo-v2.5,73,41,"2,4,4",1,,False,3
2026-09-17T14:42:30,elo_800,mimo-v2.5,75,40,"1,1,4",1,,False,3
2026-09-17T14:42:30,elo_800,mimo-v2.5,77,39,"4,4,1",1,,False,3
2026-09-17T14:42:31,elo_800,mimo-v2.5,81,40,"2,3,4",1,,False,3
2026-09-17T14:42:33,elo_800,mimo-v2.5,79,39,"3,3,4",1,,False,3
2026-09-17T14:42:34,elo_800,mimo-v2.5,83,36,"3,2,1",1,,False,3
2026-09-17T14:42:35,elo_800,mimo-v2.5,74,36,"2,1,2",1,,False,3
2026-09-17T14:42:36,elo_800,mimo-v2.5,78,36,"2,1,2",1,,False,3
2026-09-17T14:42:37,elo_800,mimo-v2.5,82,37,"4,2,4",1,,False,3
2026-09-17T14:42:38,elo_800,mimo-v2.5,87,36,"2,1,1",1,,False,3
2026-09-17T14:42:40,elo_800,mimo-v2.5,80,37,"4,1,2",1,,False,3
2026-09-17T14:42:41,elo_800,mimo-v2.5,85,40,"4,3,1",1,,False,3
2026-09-17T14:42:42,elo_800,mimo-v2.5,89,36,"2,3,3",1,,False,3
2026-09-17T14:42:42,elo_800,mimo-v2.5,84,36,"4,3,3",1,,False,3
2026-09-17T14:42:44,elo_800,mimo-v2.5,88,39,"2,1,4",1,,False,3
2026-09-17T14:42:45,elo_800,mimo-v2.5,91,39,"3,3,2",1,,False,3
2026-09-17T14:42:45,elo_800,mimo-v2.5,86,39,"3,4,2",1,,False,3
2026-09-17T14:42:46,elo_800,mimo-v2.5,90,39,"4,1,1",1,,False,3
2026-09-17T14:42:47,elo_800,mimo-v2.5,95,39,"3,3,4",1,,False,3
2026-09-17T14:42:48,elo_800,mimo-v2.5,92,36,"4,1,4",1,,False,3
2026-09-17T14:42:48,elo_800,mimo-v2.5,93,37,"2,2,3",1,,False,3
2026-09-17T14:42:49,elo_800,mimo-v2.5,97,38,"4,4,4",1,,False,3
2026-09-17T14:42:51,elo_800,mimo-v2.5,94,37,"4,1,2",1,,False,3
2026-09-17T14:42:51,elo_800,mimo-v2.5,100,38,"3,3,4",1,,False,3
2026-09-17T14:42:53,elo_800,mimo-v2.5,98,40,"1,3,2",1,,False,3
2026-09-17T14:42:53,elo_800,mimo-v2.5,96,40,"2,1,3",1,,False,3
2026-09-17T14:42:54,elo_800,mimo-v2.5,99,37,"3,3,3",1,,False,3
2026-09-17T14:43:01,elo_1800,mimo-v2.5,7,36,"1,3,3",1,,False,3
2026-09-17T14:43:02,elo_1800,mimo-v2.5,4,37,"2,4,3",1,,False,3
2026-09-17T14:43:03,elo_1800,mimo-v2.5,5,42,"2,4,1",1,,False,3
2026-09-17T14:43:05,elo_1800,mimo-v2.5,2,37,"4,3,1",1,,False,3
2026-09-17T14:43:05,elo_1800,mimo-v2.5,8,37,"2,1,1",1,,False,3
2026-09-17T14:43:06,elo_1800,mimo-v2.5,3,40,"2,1,3",1,,False,3
2026-09-17T14:43:08,elo_1800,mimo-v2.5,6,37,"1,4,1",1,,False,3
2026-09-17T14:43:09,elo_1800,mimo-v2.5,9,37,"4,4,2",1,,False,3
2026-09-17T14:43:09,elo_1800,mimo-v2.5,1,39,"2,1,1",1,,False,3
2026-09-17T14:43:10,elo_1800,mimo-v2.5,12,39,"3,2,3",1,,False,3
2026-09-17T14:43:11,elo_1800,mimo-v2.5,11,37,"2,1,4",1,,False,3
2026-09-17T14:43:12,elo_1800,mimo-v2.5,10,36,"1,4,3",1,,False,3
2026-09-17T14:43:13,elo_1800,mimo-v2.5,16,41,"4,3,3",1,,False,3
2026-09-17T14:43:13,elo_1800,mimo-v2.5,13,38,"3,4,4",1,,False,3
2026-09-17T14:43:14,elo_1800,mimo-v2.5,15,40,"4,2,1",1,,False,3
2026-09-17T14:43:15,elo_1800,mimo-v2.5,19,39,"2,2,3",1,,False,3
2026-09-17T14:43:16,elo_1800,mimo-v2.5,17,40,"2,1,2",1,,False,3
2026-09-17T14:43:18,elo_1800,mimo-v2.5,23,42,"3,3,2",1,,False,3
2026-09-17T14:43:20,elo_1800,mimo-v2.5,14,36,"2,1,2",1,,False,3
2026-09-17T14:43:20,elo_1800,mimo-v2.5,18,37,"1,3,3",1,,False,3
2026-09-17T14:43:21,elo_1800,mimo-v2.5,22,37,"2,3,1",1,,False,3
2026-09-17T14:43:22,elo_1800,mimo-v2.5,21,36,"4,4,4",1,,False,3
2026-09-17T14:43:23,elo_1800,mimo-v2.5,20,39,"1,4,3",1,,False,3
2026-09-17T14:43:24,elo_1800,mimo-v2.5,24,40,"2,4,4",1,,False,3
2026-09-17T14:43:24,elo_1800,mimo-v2.5,26,36,"3,3,3",1,,False,3
2026-09-17T14:43:25,elo_1800,mimo-v2.5,29,39,"2,4,4",1,,False,3
2026-09-17T14:43:26,elo_1800,mimo-v2.5,27,36,"1,4,4",1,,False,3
2026-09-17T14:43:27,elo_1800,mimo-v2.5,30,38,"2,3,2",1,,False,3
2026-09-17T14:43:28,elo_1800,mimo-v2.5,28,40,"1,3,4",1,,False,3
2026-09-17T14:43:29,elo_1800,mimo-v2.5,25,38,"4,2,1",1,,False,3
2026-09-17T14:43:29,elo_1800,mimo-v2.5,38,39,"2,1,1",1,,False,3
2026-09-17T14:43:30,elo_1800,mimo-v2.5,31,37,"1,3,2",1,,False,3
2026-09-17T14:43:31,elo_1800,mimo-v2.5,37,39,"2,3,2",1,,False,3
2026-09-17T14:43:33,elo_1800,mimo-v2.5,34,36,"1,1,4",1,,False,3
2026-09-17T14:43:35,elo_1800,mimo-v2.5,32,40,"1,2,4",1,,False,3
2026-09-17T14:43:35,elo_1800,mimo-v2.5,33,38,"4,1,1",1,,False,3
2026-09-17T14:43:37,elo_1800,mimo-v2.5,35,37,"3,4,1",1,,False,3
2026-09-17T14:43:38,elo_1800,mimo-v2.5,40,39,"4,2,2",1,,False,3
2026-09-17T14:43:39,elo_1800,mimo-v2.5,39,39,"2,3,3",1,,False,3
2026-09-17T14:43:39,elo_1800,mimo-v2.5,36,39,"4,1,4",1,,False,3
2026-09-17T14:43:41,elo_1800,mimo-v2.5,41,38,"4,4,1",1,,False,3
2026-09-17T14:43:42,elo_1800,mimo-v2.5,44,37,"2,2,3",1,,False,3
2026-09-17T14:43:43,elo_1800,mimo-v2.5,42,40,"3,2,4",1,,False,3
2026-09-17T14:43:44,elo_1800,mimo-v2.5,43,41,"2,2,4",1,,False,3
2026-09-17T14:43:44,elo_1800,mimo-v2.5,45,37,"1,3,3",1,,False,3
2026-09-17T14:43:45,elo_1800,mimo-v2.5,49,40,"1,3,1",1,,False,3
2026-09-17T14:43:46,elo_1800,mimo-v2.5,48,37,"1,2,2",1,,False,3
2026-09-17T14:43:47,elo_1800,mimo-v2.5,51,40,"1,1,4",1,,False,3
2026-09-17T14:43:48,elo_1800,mimo-v2.5,46,38,"1,4,3",1,,False,3
2026-09-17T14:43:49,elo_1800,mimo-v2.5,52,39,"4,4,1",1,,False,3
2026-09-17T14:43:50,elo_1800,mimo-v2.5,50,39,"2,3,3",1,,False,3
2026-09-17T14:43:52,elo_1800,mimo-v2.5,47,36,"3,1,1",1,,False,3
2026-09-17T14:43:53,elo_1800,mimo-v2.5,54,39,"1,3,3",1,,False,3
2026-09-17T14:43:54,elo_1800,mimo-v2.5,58,37,"4,4,3",1,,False,3
2026-09-17T14:43:55,elo_1800,mimo-v2.5,53,37,"3,2,3",1,,False,3
2026-09-17T14:43:55,elo_1800,mimo-v2.5,60,39,"1,1,4",1,,False,3
2026-09-17T14:43:56,elo_1800,mimo-v2.5,57,37,"2,4,2",1,,False,3
2026-09-17T14:43:58,elo_1800,mimo-v2.5,56,40,"3,4,4",1,,False,3
2026-09-17T14:43:59,elo_1800,mimo-v2.5,55,41,"2,3,2",1,,False,3
2026-09-17T14:44:00,elo_1800,mimo-v2.5,59,39,"3,1,3",1,,False,3
2026-09-17T14:44:01,elo_1800,mimo-v2.5,62,36,"2,2,3",1,,False,3
2026-09-17T14:44:02,elo_1800,mimo-v2.5,61,36,"4,2,1",1,,False,3
2026-09-17T14:44:03,elo_1800,mimo-v2.5,65,38,"1,3,4",1,,False,3
2026-09-17T14:44:04,elo_1800,mimo-v2.5,63,39,"3,2,1",1,,False,3
2026-09-17T14:44:06,elo_1800,mimo-v2.5,64,38,"1,2,1",1,,False,3
2026-09-17T14:44:07,elo_1800,mimo-v2.5,69,40,"4,3,1",1,,False,3
2026-09-17T14:44:08,elo_1800,mimo-v2.5,66,36,"4,4,2",1,,False,3
2026-09-17T14:44:09,elo_1800,mimo-v2.5,67,36,"1,3,2",1,,False,3
2026-09-17T14:44:10,elo_1800,mimo-v2.5,68,36,"2,4,3",1,,False,3
2026-09-17T14:44:11,elo_1800,mimo-v2.5,70,36,"2,2,3",1,,False,3
2026-09-17T14:44:11,elo_1800,mimo-v2.5,72,38,"1,2,1",1,,False,3
2026-09-17T14:44:13,elo_1800,mimo-v2.5,71,39,"3,3,4",1,,False,3
2026-09-17T14:44:14,elo_1800,mimo-v2.5,73,41,"2,4,4",1,,False,3
2026-09-17T14:44:15,elo_1800,mimo-v2.5,74,36,"2,1,2",1,,False,3
2026-09-17T14:44:16,elo_1800,mimo-v2.5,75,40,"1,1,4",1,,False,3
2026-09-17T14:44:17,elo_1800,mimo-v2.5,77,39,"4,4,1",1,,False,3
2026-09-17T14:44:18,elo_1800,mimo-v2.5,80,37,"4,1,2",1,,False,3
2026-09-17T14:44:19,elo_1800,mimo-v2.5,78,36,"2,1,2",1,,False,3
2026-09-17T14:44:21,elo_1800,mimo-v2.5,76,37,"3,4,3",1,,False,3
2026-09-17T14:44:23,elo_1800,mimo-v2.5,79,39,"3,3,4",1,,False,3
2026-09-17T14:44:23,elo_1800,mimo-v2.5,83,36,"3,2,1",1,,False,3
2026-09-17T14:44:24,elo_1800,mimo-v2.5,82,37,"4,2,4",1,,False,3
2026-09-17T14:44:24,elo_1800,mimo-v2.5,84,36,"4,3,3",1,,False,3
2026-09-17T14:44:25,elo_1800,mimo-v2.5,81,40,"2,3,4",1,,False,3
2026-09-17T14:44:26,elo_1800,mimo-v2.5,85,40,"4,3,1",1,,False,3
2026-09-17T14:44:28,elo_1800,mimo-v2.5,86,39,"3,4,2",1,,False,3
2026-09-17T14:44:29,elo_1800,mimo-v2.5,91,39,"3,3,2",1,,False,3
2026-09-17T14:44:30,elo_1800,mimo-v2.5,93,37,"2,2,3",1,,False,3
2026-09-17T14:44:31,elo_1800,mimo-v2.5,89,36,"2,3,3",1,,False,3
2026-09-17T14:44:31,elo_1800,mimo-v2.5,88,39,"2,1,4",1,,False,3
2026-09-17T14:44:33,elo_1800,mimo-v2.5,96,40,"2,1,3",1,,False,3
2026-09-17T14:44:34,elo_1800,mimo-v2.5,87,36,"2,1,1",1,,False,3
2026-09-17T14:44:35,elo_1800,mimo-v2.5,94,37,"4,1,2",1,,False,3
2026-09-17T14:44:36,elo_1800,mimo-v2.5,90,39,"4,1,1",1,,False,3
2026-09-17T14:44:37,elo_1800,mimo-v2.5,95,39,"3,3,4",1,,False,3
2026-09-17T14:44:38,elo_1800,mimo-v2.5,99,37,"3,3,3",1,,False,3
2026-09-17T14:44:38,elo_1800,mimo-v2.5,97,38,"4,4,4",1,,False,3
2026-09-17T14:44:39,elo_1800,mimo-v2.5,92,36,"4,1,4",1,,False,3
2026-09-17T14:44:40,elo_1800,mimo-v2.5,98,40,"1,3,2",1,,False,3
2026-09-17T14:44:41,elo_1800,mimo-v2.5,100,38,"3,3,4",1,,False,3
2026-09-17T14:44:48,elo_2800,mimo-v2.5,2,37,"4,3,1",1,,False,3
2026-09-17T14:44:49,elo_2800,mimo-v2.5,1,39,"2,1,1",1,,False,3
2026-09-17T14:44:50,elo_2800,mimo-v2.5,3,40,"2,1,3",1,,False,3
2026-09-17T14:44:51,elo_2800,mimo-v2.5,12,39,"3,2,3",1,,False,3
2026-09-17T14:44:52,elo_2800,mimo-v2.5,7,36,"1,3,3",1,,False,3
2026-09-17T14:44:53,elo_2800,mimo-v2.5,8,37,"2,1,1",1,,False,3
2026-09-17T14:44:54,elo_2800,mimo-v2.5,6,37,"1,4,1",1,,False,3
2026-09-17T14:44:55,elo_2800,mimo-v2.5,5,42,"2,4,1",1,,False,3
2026-09-17T14:44:56,elo_2800,mimo-v2.5,10,36,"1,4,3",1,,False,3
2026-09-17T14:44:57,elo_2800,mimo-v2.5,11,37,"2,1,4",1,,False,3
2026-09-17T14:44:59,elo_2800,mimo-v2.5,4,37,"2,4,3",1,,False,3
2026-09-17T14:45:00,elo_2800,mimo-v2.5,13,38,"3,4,4",1,,False,3
2026-09-17T14:45:01,elo_2800,mimo-v2.5,14,36,"2,1,2",1,,False,3
2026-09-17T14:45:03,elo_2800,mimo-v2.5,9,37,"4,4,2",1,,False,3
2026-09-17T14:45:04,elo_2800,mimo-v2.5,15,40,"4,2,1",1,,False,3
2026-09-17T14:45:05,elo_2800,mimo-v2.5,17,40,"2,1,2",1,,False,3
2026-09-17T14:45:06,elo_2800,mimo-v2.5,16,41,"4,3,3",1,,False,3
2026-09-17T14:45:07,elo_2800,mimo-v2.5,18,37,"1,3,3",1,,False,3
2026-09-17T14:45:07,elo_2800,mimo-v2.5,20,39,"1,4,3",1,,False,3
2026-09-17T14:45:08,elo_2800,mimo-v2.5,22,37,"2,3,1",1,,False,3
2026-09-17T14:45:09,elo_2800,mimo-v2.5,19,39,"2,2,3",1,,False,3
2026-09-17T14:45:10,elo_2800,mimo-v2.5,25,38,"4,2,1",1,,False,3
2026-09-17T14:45:10,elo_2800,mimo-v2.5,21,36,"4,4,4",1,,False,3
2026-09-17T14:45:11,elo_2800,mimo-v2.5,24,40,"2,4,4",1,,False,3
2026-09-17T14:45:12,elo_2800,mimo-v2.5,23,42,"3,3,2",1,,False,3
2026-09-17T14:45:13,elo_2800,mimo-v2.5,27,36,"1,4,4",1,,False,3
2026-09-17T14:45:14,elo_2800,mimo-v2.5,30,38,"2,3,2",1,,False,3
2026-09-17T14:45:14,elo_2800,mimo-v2.5,29,39,"2,4,4",1,,False,3
2026-09-17T14:45:15,elo_2800,mimo-v2.5,33,38,"4,1,1",1,,False,3
2026-09-17T14:45:16,elo_2800,mimo-v2.5,28,40,"1,3,4",1,,False,3
2026-09-17T14:45:17,elo_2800,mimo-v2.5,31,37,"1,3,2",1,,False,3
2026-09-17T14:45:18,elo_2800,mimo-v2.5,38,39,"2,1,1",1,,False,3
2026-09-17T14:45:20,elo_2800,mimo-v2.5,26,36,"3,3,3",1,,False,3
2026-09-17T14:45:21,elo_2800,mimo-v2.5,35,37,"3,4,1",1,,False,3
2026-09-17T14:45:22,elo_2800,mimo-v2.5,32,40,"1,2,4",1,,False,3
2026-09-17T14:45:23,elo_2800,mimo-v2.5,34,36,"1,1,4",1,,False,3
2026-09-17T14:45:24,elo_2800,mimo-v2.5,36,39,"4,1,4",1,,False,3
2026-09-17T14:45:24,elo_2800,mimo-v2.5,40,39,"4,2,2",1,,False,3
2026-09-17T14:45:25,elo_2800,mimo-v2.5,42,40,"3,2,4",1,,False,3
2026-09-17T14:45:26,elo_2800,mimo-v2.5,37,39,"2,3,2",1,,False,3
2026-09-17T14:45:27,elo_2800,mimo-v2.5,47,36,"3,1,1",1,,False,3
2026-09-17T14:45:28,elo_2800,mimo-v2.5,44,37,"2,2,3",1,,False,3
2026-09-17T14:45:29,elo_2800,mimo-v2.5,41,38,"4,4,1",1,,False,3
2026-09-17T14:45:30,elo_2800,mimo-v2.5,39,39,"2,3,3",1,,False,3
2026-09-17T14:45:30,elo_2800,mimo-v2.5,45,37,"1,3,3",1,,False,3
2026-09-17T14:45:31,elo_2800,mimo-v2.5,43,41,"2,2,4",1,,False,3
2026-09-17T14:45:32,elo_2800,mimo-v2.5,46,38,"1,4,3",1,,False,3
2026-09-17T14:45:32,elo_2800,mimo-v2.5,48,37,"1,2,2",1,,False,3
2026-09-17T14:45:33,elo_2800,mimo-v2.5,51,40,"1,1,4",1,,False,3
2026-09-17T14:45:34,elo_2800,mimo-v2.5,52,39,"4,4,1",1,,False,3
2026-09-17T14:45:35,elo_2800,mimo-v2.5,49,40,"1,3,1",1,,False,3
2026-09-17T14:45:36,elo_2800,mimo-v2.5,54,39,"1,3,3",1,,False,3
2026-09-17T14:45:37,elo_2800,mimo-v2.5,50,39,"2,3,3",1,,False,3
2026-09-17T14:45:38,elo_2800,mimo-v2.5,53,37,"3,2,3",1,,False,3
2026-09-17T14:45:39,elo_2800,mimo-v2.5,55,41,"2,3,2",1,,False,3
2026-09-17T14:45:41,elo_2800,mimo-v2.5,59,39,"3,1,3",1,,False,3
2026-09-17T14:45:43,elo_2800,mimo-v2.5,61,36,"4,2,1",1,,False,3
2026-09-17T14:45:45,elo_2800,mimo-v2.5,56,40,"3,4,4",1,,False,3
2026-09-17T14:45:46,elo_2800,mimo-v2.5,60,39,"1,1,4",1,,False,3
2026-09-17T14:45:46,elo_2800,mimo-v2.5,65,38,"1,3,4",1,,False,3
2026-09-17T14:45:47,elo_2800,mimo-v2.5,66,36,"4,4,2",1,,False,3
2026-09-17T14:45:47,elo_2800,mimo-v2.5,67,36,"1,3,2",1,,False,3
2026-09-17T14:45:48,elo_2800,mimo-v2.5,64,38,"1,2,1",1,,False,3
2026-09-17T14:45:48,elo_2800,mimo-v2.5,62,36,"2,2,3",1,,False,3
2026-09-17T14:45:50,elo_2800,mimo-v2.5,58,37,"4,4,3",1,,False,3
2026-09-17T14:45:50,elo_2800,mimo-v2.5,63,39,"3,2,1",1,,False,3
2026-09-17T14:45:52,elo_2800,mimo-v2.5,70,36,"2,2,3",1,,False,3
2026-09-17T14:45:53,elo_2800,mimo-v2.5,57,37,"2,4,2",1,,False,3
2026-09-17T14:45:54,elo_2800,mimo-v2.5,68,36,"2,4,3",1,,False,3
2026-09-17T14:45:55,elo_2800,mimo-v2.5,69,40,"4,3,1",1,,False,3
2026-09-17T14:45:56,elo_2800,mimo-v2.5,71,39,"3,3,4",1,,False,3
2026-09-17T14:45:57,elo_2800,mimo-v2.5,72,38,"1,2,1",1,,False,3
2026-09-17T14:45:58,elo_2800,mimo-v2.5,79,39,"3,3,4",1,,False,3
2026-09-17T14:45:59,elo_2800,mimo-v2.5,75,40,"1,1,4",1,,False,3
2026-09-17T14:46:00,elo_2800,mimo-v2.5,74,36,"2,1,2",1,,False,3
2026-09-17T14:46:01,elo_2800,mimo-v2.5,76,37,"3,4,3",1,,False,3
2026-09-17T14:46:01,elo_2800,mimo-v2.5,77,39,"4,4,1",1,,False,3
2026-09-17T14:46:02,elo_2800,mimo-v2.5,81,40,"2,3,4",1,,False,3
2026-09-17T14:46:03,elo_2800,mimo-v2.5,80,37,"4,1,2",1,,False,3
2026-09-17T14:46:04,elo_2800,mimo-v2.5,78,36,"2,1,2",1,,False,3
2026-09-17T14:46:05,elo_2800,mimo-v2.5,82,37,"4,2,4",1,,False,3
2026-09-17T14:46:05,elo_2800,mimo-v2.5,73,41,"2,4,4",1,,False,3
2026-09-17T14:46:06,elo_2800,mimo-v2.5,83,36,"3,2,1",1,,False,3
2026-09-17T14:46:07,elo_2800,mimo-v2.5,84,36,"4,3,3",1,,False,3
2026-09-17T14:46:08,elo_2800,mimo-v2.5,88,39,"2,1,4",1,,False,3
2026-09-17T14:46:09,elo_2800,mimo-v2.5,86,39,"3,4,2",1,,False,3
2026-09-17T14:46:09,elo_2800,mimo-v2.5,89,36,"2,3,3",1,,False,3
2026-09-17T14:46:10,elo_2800,mimo-v2.5,85,40,"4,3,1",1,,False,3
2026-09-17T14:46:12,elo_2800,mimo-v2.5,95,39,"3,3,4",1,,False,3
2026-09-17T14:46:13,elo_2800,mimo-v2.5,91,39,"3,3,2",1,,False,3
2026-09-17T14:46:14,elo_2800,mimo-v2.5,90,39,"4,1,1",1,,False,3
2026-09-17T14:46:15,elo_2800,mimo-v2.5,87,36,"2,1,1",1,,False,3
2026-09-17T14:46:16,elo_2800,mimo-v2.5,92,36,"4,1,4",1,,False,3
2026-09-17T14:46:18,elo_2800,mimo-v2.5,97,38,"4,4,4",1,,False,3
2026-09-17T14:46:19,elo_2800,mimo-v2.5,93,37,"2,2,3",1,,False,3
2026-09-17T14:46:20,elo_2800,mimo-v2.5,100,38,"3,3,4",1,,False,3
2026-09-17T14:46:22,elo_2800,mimo-v2.5,96,40,"2,1,3",1,,False,3
2026-09-17T14:46:23,elo_2800,mimo-v2.5,99,37,"3,3,3",1,,False,3
2026-09-17T14:46:24,elo_2800,mimo-v2.5,94,37,"4,1,2",1,,False,3
2026-09-17T14:46:40,elo_2800,mimo-v2.5,98,40,"1,3,2",1,,False,3
2026-09-17T16:17:09,elo_800,mimo-v2.5,6,37,"1,2,3",1,,False,3
2026-09-17T16:17:09,elo_800,mimo-v2.5,5,37,"3,4,4",1,,False,3
2026-09-17T16:17:09,elo_800,mimo-v2.5,2,36,"1,4,4",1,,False,3
2026-09-17T16:17:09,elo_800,mimo-v2.5,8,36,"1,3,2",1,,False,3
2026-09-17T16:17:09,elo_800,mimo-v2.5,9,37,"4,1,4",1,,False,3
2026-09-17T16:17:09,elo_800,mimo-v2.5,7,39,"2,2,3",1,,False,3
2026-09-17T16:17:09,elo_800,mimo-v2.5,10,40,"4,2,3",1,,False,3
2026-09-17T16:17:09,elo_800,mimo-v2.5,4,41,"2,3,4",1,,False,3
2026-09-17T16:17:09,elo_800,mimo-v2.5,1,38,"1,4,2",1,,False,3
2026-09-17T16:17:09,elo_800,mimo-v2.5,3,40,"2,3,3",1,,False,3
2026-09-17T16:17:10,elo_1800,mimo-v2.5,3,40,"2,3,3",1,,False,3
2026-09-17T16:17:10,elo_1800,mimo-v2.5,6,37,"1,2,3",1,,False,3
2026-09-17T16:17:10,elo_1800,mimo-v2.5,4,41,"2,3,4",1,,False,3
2026-09-17T16:17:10,elo_1800,mimo-v2.5,10,40,"4,2,3",1,,False,3
2026-09-17T16:17:10,elo_1800,mimo-v2.5,9,37,"4,1,4",1,,False,3
2026-09-17T16:17:10,elo_1800,mimo-v2.5,7,39,"2,2,3",1,,False,3
2026-09-17T16:17:10,elo_1800,mimo-v2.5,8,36,"1,3,2",1,,False,3
2026-09-17T16:17:10,elo_1800,mimo-v2.5,2,36,"1,4,4",1,,False,3
2026-09-17T16:17:10,elo_1800,mimo-v2.5,5,37,"3,4,4",1,,False,3
2026-09-17T16:17:11,elo_1800,mimo-v2.5,1,38,"1,4,2",1,,False,3
2026-09-17T16:17:12,elo_2800,mimo-v2.5,1,38,"1,4,2",1,,False,3
2026-09-17T16:17:12,elo_2800,mimo-v2.5,8,36,"1,3,2",1,,False,3
2026-09-17T16:17:12,elo_2800,mimo-v2.5,6,37,"1,2,3",1,,False,3
2026-09-17T16:17:12,elo_2800,mimo-v2.5,4,41,"2,3,4",1,,False,3
2026-09-17T16:17:12,elo_2800,mimo-v2.5,9,37,"4,1,4",1,,False,3
2026-09-17T16:17:12,elo_2800,mimo-v2.5,10,40,"4,2,3",1,,False,3
2026-09-17T16:17:12,elo_2800,mimo-v2.5,2,36,"1,4,4",1,,False,3
2026-09-17T16:17:12,elo_2800,mimo-v2.5,5,37,"3,4,4",1,,False,3
2026-09-17T16:17:12,elo_2800,mimo-v2.5,3,40,"2,3,3",1,,False,3
2026-09-17T16:17:12,elo_2800,mimo-v2.5,7,39,"2,2,3",1,,False,3
2026-09-17T16:36:55,elo_800,mimo-v2.5,10,36,"4,3,4",1,"4,3,4",True,0
2026-09-17T16:36:55,elo_800,mimo-v2.5,9,39,"2,2,3",1,"2,2,3",True,0
2026-09-17T16:36:56,elo_800,mimo-v2.5,2,37,"2,2,3",1,"2,2,3",True,0
2026-09-17T16:37:02,elo_800,mimo-v2.5,1,41,"2,3,3",1,"2,3,3",True,0
2026-09-17T16:37:20,elo_800,mimo-v2.5,5,41,"3,2,2",1,"3,2,2",True,0
2026-09-17T16:37:54,elo_800,mimo-v2.5,3,37,"2,3,3",1,"2,3,3",True,0
2026-09-17T16:38:03,elo_800,mimo-v2.5,7,37,"3,4,1",1,"3,4,1",True,0
2026-09-17T16:39:02,elo_800,mimo-v2.5,4,36,"1,3,1",1,"4,2,3",False,0
2026-09-17T16:42:57,elo_800,mimo-v2.5,6,36,"1,2,1",1,"1,1,3",False,0
2026-09-17T16:50:17,elo_800,mimo-v2.5,8,40,"1,3,3",1,"4,2,2",False,1
2026-09-17T16:50:30,elo_1800,mimo-v2.5,8,40,"1,3,3",1,"1,3,3",True,0
2026-09-17T16:50:49,elo_1800,mimo-v2.5,1,41,"2,3,3",1,"2,3,3",True,0
2026-09-17T16:50:50,elo_1800,mimo-v2.5,2,37,"2,2,3",1,"2,2,3",True,0
2026-09-17T16:51:07,elo_1800,mimo-v2.5,3,37,"2,3,3",1,"2,3,3",True,0
2026-09-17T16:51:27,elo_1800,mimo-v2.5,6,36,"1,2,1",1,"1,2,1",True,0
2026-09-17T16:51:37,elo_1800,mimo-v2.5,5,41,"3,2,2",1,"3,2,2",True,0
2026-09-17T16:51:46,elo_1800,mimo-v2.5,9,39,"2,2,3",1,"2,2,3",True,0
2026-09-17T16:52:22,elo_1800,mimo-v2.5,10,36,"4,3,4",1,"4,3,4",True,0
2026-09-17T16:52:31,elo_1800,mimo-v2.5,4,36,"1,3,1",1,"1,3,1",True,0
2026-09-17T16:53:25,elo_1800,mimo-v2.5,7,37,"3,4,1",1,"3,4,1",True,0
2026-09-17T16:53:51,elo_2800,mimo-v2.5,8,40,"1,3,3",1,"1,3,3",True,0
2026-09-17T16:53:56,elo_2800,mimo-v2.5,4,36,"1,3,1",1,"1,3,1",True,0
2026-09-17T16:54:17,elo_2800,mimo-v2.5,2,37,"2,2,3",1,"2,2,3",True,0
2026-09-17T16:54:22,elo_2800,mimo-v2.5,9,39,"2,2,3",1,"2,2,3",True,0
2026-09-17T16:54:27,elo_2800,mimo-v2.5,7,37,"3,4,1",1,"4,4,3",False,0
2026-09-17T16:54:29,elo_2800,mimo-v2.5,1,41,"2,3,3",1,"2,3,3",True,0
2026-09-17T16:55:14,elo_2800,mimo-v2.5,3,37,"2,3,3",1,"2,3,3",True,0
2026-09-17T16:55:19,elo_2800,mimo-v2.5,5,41,"3,2,2",1,"3,2,2",True,0
2026-09-17T16:55:35,elo_2800,mimo-v2.5,6,36,"1,2,1",1,"1,2,1",True,0
2026-09-17T16:59:07,elo_2800,mimo-v2.5,10,36,"4,3,4",1,"4,3,4",True,1
2026-09-17T17:26:19,elo_800,mimo-v2.5,7,38,"2,1,2",1,"2,1,2",True,0
2026-09-17T17:26:22,elo_800,mimo-v2.5,9,38,"1,1,4",1,"2,3,1",False,0
2026-09-17T17:26:23,elo_800,mimo-v2.5,8,37,"4,3,1",1,"4,3,1",True,0
2026-09-17T17:26:33,elo_800,mimo-v2.5,10,37,"2,3,3",1,"2,3,3",True,0
2026-09-17T17:26:37,elo_800,mimo-v2.5,13,36,"2,3,3",1,"2,3,3",True,0
2026-09-17T17:26:51,elo_800,mimo-v2.5,14,38,"3,3,1",1,"3,3,3",False,0
2026-09-17T17:27:01,elo_800,mimo-v2.5,1,37,"1,2,4",1,"1,4,4",False,0
2026-09-17T17:27:10,elo_800,mimo-v2.5,5,38,"4,1,4",1,"4,1,4",True,0
2026-09-17T17:27:33,elo_800,mimo-v2.5,11,36,"4,4,4",1,"4,4,4",True,0
2026-09-17T17:27:58,elo_800,mimo-v2.5,3,38,"4,2,4",1,"4,4,1",False,1
2026-09-17T17:28:18,elo_800,mimo-v2.5,6,36,"3,2,3",1,"3,2,3",True,0
2026-09-17T17:28:21,elo_800,mimo-v2.5,2,39,"1,1,1",1,"1,1,1",True,0
2026-09-17T17:28:23,elo_800,mimo-v2.5,18,36,"2,1,3",1,"2,1,3",True,0
2026-09-17T17:28:24,elo_800,mimo-v2.5,16,38,"4,4,3",1,"3,1,2",False,0
2026-09-17T17:28:31,elo_800,mimo-v2.5,19,37,"3,3,3",1,"3,3,3",True,0
2026-09-17T17:28:42,elo_800,mimo-v2.5,4,38,"2,4,1",1,"2,4,1",True,0
2026-09-17T17:28:43,elo_800,mimo-v2.5,22,39,"4,4,1",1,"4,4,1",True,0
2026-09-17T17:28:46,elo_800,mimo-v2.5,20,42,"4,2,1",1,"2,3,4",False,0
2026-09-17T17:28:47,elo_800,mimo-v2.5,23,40,"1,1,4",1,"1,1,4",True,0
2026-09-17T17:29:03,elo_800,mimo-v2.5,21,37,"4,2,1",1,"4,2,1",True,0
2026-09-17T17:29:11,elo_800,mimo-v2.5,15,38,"3,2,3",1,"3,2,3",True,0
2026-09-17T17:29:12,elo_800,mimo-v2.5,24,36,"4,2,1",1,"4,2,1",True,0
2026-09-17T17:29:22,elo_800,mimo-v2.5,17,36,"4,1,4",1,"4,1,4",True,0
2026-09-17T17:29:35,elo_800,mimo-v2.5,12,40,"4,4,4",1,"2,3,4",False,0
2026-09-17T17:29:40,elo_800,mimo-v2.5,32,36,"4,2,3",1,"4,2,3",True,0
2026-09-17T17:29:50,elo_800,mimo-v2.5,25,38,"3,1,4",1,"3,1,4",True,0
2026-09-17T17:29:56,elo_800,mimo-v2.5,33,39,"3,2,1",1,"3,2,1",True,0
2026-09-17T17:30:26,elo_800,mimo-v2.5,35,38,"2,1,1",1,"2,1,1",True,0
2026-09-17T17:30:38,elo_800,mimo-v2.5,27,42,"2,1,3",1,"2,1,3",True,0
2026-09-17T17:31:00,elo_800,mimo-v2.5,37,40,"4,3,4",1,"4,3,4",True,0
2026-09-17T17:31:03,elo_800,mimo-v2.5,39,39,"1,2,2",1,"1,2,2",True,0
2026-09-17T17:31:05,elo_800,mimo-v2.5,26,37,"1,1,4",1,"1,3,3",False,0
2026-09-17T17:31:20,elo_800,mimo-v2.5,28,41,"3,1,4",1,"3,1,4",True,0
2026-09-17T17:32:05,elo_800,mimo-v2.5,38,39,"4,1,1",1,"4,1,1",True,0
2026-09-17T17:32:07,elo_800,mimo-v2.5,30,38,"3,2,2",1,"1,2,4",False,0
2026-09-17T17:32:23,elo_800,mimo-v2.5,36,41,"2,3,3",1,"2,3,3",True,0
2026-09-17T17:33:00,elo_800,mimo-v2.5,34,36,"1,4,1",1,"1,4,1",True,0
2026-09-17T17:33:02,elo_800,mimo-v2.5,31,37,"3,1,2",1,"2,3,1",False,0
2026-09-17T17:33:16,elo_800,mimo-v2.5,48,38,"3,4,1",1,"3,4,1",True,0
2026-09-17T17:33:29,elo_800,mimo-v2.5,49,36,"4,1,1",1,"4,1,1",True,0
2026-09-17T17:33:38,elo_800,mimo-v2.5,40,37,"2,3,3",1,"2,3,3",True,0
2026-09-17T17:34:11,elo_800,mimo-v2.5,47,38,"4,2,1",1,"1,1,3",False,0
2026-09-17T17:34:17,elo_800,mimo-v2.5,43,36,"4,4,2",1,"4,4,2",True,0
2026-09-17T17:34:29,elo_800,mimo-v2.5,44,38,"4,1,3",1,"3,3,2",False,0
2026-09-17T17:34:32,elo_800,mimo-v2.5,45,36,"3,1,3",1,"2,2,4",False,0
2026-09-17T17:34:45,elo_800,mimo-v2.5,51,37,"2,2,2",1,"3,2,4",False,0
2026-09-17T17:34:47,elo_800,mimo-v2.5,41,37,"3,2,3",1,"4,3,4",False,1
2026-09-17T17:35:11,elo_800,mimo-v2.5,56,36,"4,4,4",1,"4,4,4",True,0
2026-09-17T17:35:11,elo_800,mimo-v2.5,50,36,"4,2,2",1,"4,2,2",True,1
2026-09-17T17:35:23,elo_800,mimo-v2.5,42,36,"2,4,3",1,"2,2,4",False,0
2026-09-17T17:35:27,elo_800,mimo-v2.5,54,37,"4,2,1",1,"4,2,1",True,0
2026-09-17T17:35:29,elo_800,mimo-v2.5,59,37,"3,4,1",1,"1,1,3",False,0
2026-09-17T17:35:31,elo_800,mimo-v2.5,57,38,"1,4,2",1,"1,4,2",True,0
2026-09-17T17:35:34,elo_800,mimo-v2.5,53,37,"4,4,4",1,"4,2,2",False,0
2026-09-17T17:35:45,elo_800,mimo-v2.5,62,42,"4,1,3",1,"4,1,3",True,0
2026-09-17T17:36:03,elo_800,mimo-v2.5,55,36,"2,4,2",1,"2,4,2",True,0
2026-09-17T17:36:05,elo_800,mimo-v2.5,52,38,"4,2,1",1,"4,2,1",True,0
2026-09-17T17:36:18,elo_800,mimo-v2.5,67,42,"4,3,1",1,"4,3,1",True,0
2026-09-17T17:36:24,elo_800,mimo-v2.5,61,39,"4,4,4",1,"1,2,2",False,0
2026-09-17T17:36:26,elo_800,mimo-v2.5,65,40,"3,1,3",1,"3,1,3",True,0
2026-09-17T17:36:38,elo_800,mimo-v2.5,63,39,"4,1,4",1,"4,1,3",False,0
2026-09-17T17:36:39,elo_800,mimo-v2.5,60,41,"2,2,3",1,"2,2,3",True,0
2026-09-17T17:36:42,elo_800,mimo-v2.5,64,40,"4,2,1",1,"4,2,1",True,0
2026-09-17T17:36:58,elo_800,mimo-v2.5,73,39,"1,4,1",1,"1,4,1",True,0
2026-09-17T17:37:25,elo_800,mimo-v2.5,72,37,"4,4,4",1,"4,4,4",True,0
2026-09-17T17:37:28,elo_800,mimo-v2.5,68,36,"3,2,2",1,"3,2,2",True,0
2026-09-17T17:37:37,elo_800,mimo-v2.5,46,37,"1,1,4",1,"4,4,2",False,1
2026-09-17T17:37:53,elo_800,mimo-v2.5,75,41,"1,1,1",1,"1,1,1",True,0
2026-09-17T17:37:58,elo_800,mimo-v2.5,70,39,"4,2,1",1,"4,2,1",True,0
2026-09-17T17:37:59,elo_800,mimo-v2.5,71,36,"3,2,1",1,"3,2,1",True,0
2026-09-17T17:38:14,elo_800,mimo-v2.5,66,36,"4,1,1",1,"3,1,3",False,0
2026-09-17T17:38:15,elo_800,mimo-v2.5,79,37,"3,4,3",1,"3,4,3",True,0
2026-09-17T17:38:23,elo_800,mimo-v2.5,77,37,"3,2,3",1,"3,2,3",True,0
2026-09-17T17:38:33,elo_800,mimo-v2.5,81,42,"3,3,4",1,"3,3,4",True,0
2026-09-17T17:38:45,elo_800,mimo-v2.5,83,36,"1,1,3",1,"2,1,2",False,0
2026-09-17T17:38:47,elo_800,mimo-v2.5,82,41,"4,2,1",1,"4,2,1",True,0
2026-09-17T17:38:59,elo_800,mimo-v2.5,80,36,"2,1,3",1,"2,1,3",True,0
2026-09-17T17:39:08,elo_800,mimo-v2.5,74,40,"4,1,4",1,"4,1,4",True,0
2026-09-17T17:39:17,elo_800,mimo-v2.5,86,36,"4,4,3",1,"4,4,3",True,0
2026-09-17T17:39:19,elo_800,mimo-v2.5,78,38,"4,3,1",1,"4,3,1",True,0
2026-09-17T17:39:25,elo_800,mimo-v2.5,85,38,"2,3,3",1,"2,3,3",True,0
2026-09-17T17:39:35,elo_800,mimo-v2.5,87,39,"2,3,2",1,"2,3,2",True,0
2026-09-17T17:39:38,elo_800,mimo-v2.5,88,38,"2,3,1",1,"2,3,1",True,0
2026-09-17T17:39:44,elo_800,mimo-v2.5,84,41,"3,2,2",1,"3,2,2",True,0
2026-09-17T17:39:52,elo_800,mimo-v2.5,92,37,"3,1,1",1,"3,1,1",True,0
2026-09-17T17:39:59,elo_800,mimo-v2.5,94,38,"2,1,2",1,"2,1,2",True,0
2026-09-17T17:40:02,elo_800,mimo-v2.5,89,41,"2,1,3",1,"2,1,3",True,0
2026-09-17T17:40:04,elo_800,mimo-v2.5,90,39,"2,4,4",1,"2,4,4",True,0
2026-09-17T17:40:18,elo_800,mimo-v2.5,29,40,"1,4,4",1,"4,4,4",False,0
2026-09-17T17:40:32,elo_800,mimo-v2.5,58,37,"2,1,3",1,"2,1,3",True,1
2026-09-17T17:40:38,elo_800,mimo-v2.5,93,38,"4,4,1",1,"4,4,1",True,0
2026-09-17T17:40:40,elo_800,mimo-v2.5,95,36,"4,3,2",1,"4,3,2",True,0
2026-09-17T17:40:46,elo_800,mimo-v2.5,69,36,"4,1,4",1,"2,2,2",False,1
2026-09-17T17:40:48,elo_800,mimo-v2.5,91,39,"2,1,4",1,"2,1,4",True,0
2026-09-17T17:40:58,elo_800,mimo-v2.5,102,39,"1,4,3",1,"1,4,3",True,0
2026-09-17T17:41:04,elo_800,mimo-v2.5,100,37,"1,1,2",1,"1,1,2",True,0
2026-09-17T17:41:07,elo_800,mimo-v2.5,98,39,"2,1,3",1,"2,1,3",True,0
2026-09-17T17:41:09,elo_800,mimo-v2.5,104,36,"2,1,1",1,"2,1,1",True,0
2026-09-17T17:41:25,elo_800,mimo-v2.5,96,36,"2,3,2",1,"2,3,2",True,0
2026-09-17T17:41:30,elo_800,mimo-v2.5,101,42,"4,2,1",1,"3,1,3",False,0
2026-09-17T17:41:43,elo_800,mimo-v2.5,108,39,"4,2,3",1,"4,1,1",False,0
2026-09-17T17:41:45,elo_800,mimo-v2.5,76,41,"4,4,1",1,"4,4,1",True,1
2026-09-17T17:41:48,elo_800,mimo-v2.5,107,39,"1,1,3",1,"4,3,2",False,0
2026-09-17T17:41:50,elo_800,mimo-v2.5,109,39,"2,2,4",1,"2,2,4",True,0
2026-09-17T17:41:53,elo_800,mimo-v2.5,111,41,"3,3,2",1,"3,3,2",True,0
2026-09-17T17:42:06,elo_800,mimo-v2.5,114,41,"2,2,2",1,"2,2,2",True,0
2026-09-17T17:42:13,elo_800,mimo-v2.5,103,36,"3,3,1",1,"3,3,1",True,0
2026-09-17T17:42:23,elo_800,mimo-v2.5,99,40,"1,1,3",1,"1,1,3",True,0
2026-09-17T17:42:36,elo_800,mimo-v2.5,117,37,"4,3,3",1,"4,3,3",True,0
2026-09-17T17:42:40,elo_800,mimo-v2.5,112,37,"1,3,2",1,"1,2,3",False,0
2026-09-17T17:42:54,elo_800,mimo-v2.5,97,38,"1,4,4",1,"4,1,1",False,0
2026-09-17T17:42:56,elo_800,mimo-v2.5,120,37,"4,1,3",1,"4,1,3",True,0
2026-09-17T17:42:56,elo_800,mimo-v2.5,115,37,"4,4,4",1,"4,4,4",True,0
2026-09-17T17:42:59,elo_800,mimo-v2.5,119,39,"4,3,1",1,"4,3,1",True,0
2026-09-17T17:43:10,elo_800,mimo-v2.5,123,40,"2,1,4",1,"2,1,4",True,0
2026-09-17T17:43:12,elo_800,mimo-v2.5,105,38,"3,1,2",1,"3,1,2",True,0
2026-09-17T17:43:15,elo_800,mimo-v2.5,110,36,"2,2,2",1,"1,1,1",False,0
2026-09-17T17:43:17,elo_800,mimo-v2.5,126,39,"4,4,4",1,"2,3,4",False,0
2026-09-17T17:43:21,elo_800,mimo-v2.5,122,38,"2,2,2",1,"1,3,1",False,0
2026-09-17T17:43:36,elo_800,mimo-v2.5,127,41,"4,1,1",1,"4,1,1",True,0
2026-09-17T17:43:44,elo_800,mimo-v2.5,113,37,"3,3,2",1,"3,3,2",True,0
2026-09-17T17:44:11,elo_800,mimo-v2.5,128,37,"4,4,1",1,"4,4,1",True,0
2026-09-17T17:44:15,elo_800,mimo-v2.5,129,39,"2,3,1",1,"2,3,1",True,0
2026-09-17T17:44:17,elo_800,mimo-v2.5,118,42,"2,2,2",1,"2,2,2",True,0
2026-09-17T17:44:24,elo_800,mimo-v2.5,124,40,"1,4,1",1,"2,2,2",False,0
2026-09-17T17:44:46,elo_800,mimo-v2.5,106,38,"1,4,1",1,"2,3,1",False,1
2026-09-17T17:44:47,elo_800,mimo-v2.5,131,39,"4,4,4",1,"1,1,2",False,0
2026-09-17T17:44:53,elo_800,mimo-v2.5,121,41,"3,2,2",1,"3,2,2",True,0
2026-09-17T17:44:55,elo_800,mimo-v2.5,136,38,"4,4,2",1,"4,4,2",True,0
2026-09-17T17:45:10,elo_800,mimo-v2.5,135,40,"4,1,2",1,"4,1,2",True,0
2026-09-17T17:45:23,elo_800,mimo-v2.5,134,41,"4,4,4",1,"4,4,4",True,0
2026-09-17T17:45:26,elo_800,mimo-v2.5,130,36,"3,2,2",1,"1,4,1",False,0
2026-09-17T17:45:34,elo_800,mimo-v2.5,132,36,"1,1,3",1,"1,1,3",True,0
2026-09-17T17:45:38,elo_800,mimo-v2.5,140,36,"4,1,3",1,"4,1,3",True,0
2026-09-17T17:45:43,elo_800,mimo-v2.5,138,40,"2,3,3",1,"2,3,3",True,0
2026-09-17T17:45:52,elo_800,mimo-v2.5,144,36,"2,4,3",1,"2,4,3",True,0
2026-09-17T17:45:57,elo_800,mimo-v2.5,133,38,"4,4,3",1,"4,4,3",True,0
2026-09-17T17:46:13,elo_800,mimo-v2.5,147,38,"4,3,4",1,"4,3,4",True,0
2026-09-17T17:46:24,elo_800,mimo-v2.5,116,37,"3,2,4",1,"3,2,4",True,1
2026-09-17T17:46:38,elo_800,mimo-v2.5,139,39,"3,1,2",1,"4,3,3",False,0
2026-09-17T17:46:43,elo_800,mimo-v2.5,141,40,"4,1,1",1,"4,1,1",True,0
2026-09-17T17:46:46,elo_800,mimo-v2.5,146,37,"3,3,1",1,"3,3,1",True,0
2026-09-17T17:46:48,elo_800,mimo-v2.5,125,37,"4,1,3",1,"4,1,3",True,2
2026-09-17T17:46:56,elo_800,mimo-v2.5,153,37,"2,2,4",1,"2,2,4",True,0
2026-09-17T17:47:01,elo_800,mimo-v2.5,151,37,"4,2,2",1,"4,2,2",True,0
2026-09-17T17:47:03,elo_800,mimo-v2.5,148,40,"2,3,1",1,"3,2,4",False,0
2026-09-17T17:47:04,elo_800,mimo-v2.5,142,38,"3,1,4",1,"1,4,2",False,0
2026-09-17T17:47:37,elo_800,mimo-v2.5,143,40,"3,2,1",1,"4,1,3",False,0
2026-09-17T17:47:44,elo_800,mimo-v2.5,154,36,"1,1,3",1,"1,1,3",True,0
2026-09-17T17:48:07,elo_800,mimo-v2.5,149,37,"2,2,3",1,"2,2,3",True,0
2026-09-17T17:48:09,elo_800,mimo-v2.5,156,37,"4,1,4",1,"4,1,4",True,0
2026-09-17T17:48:31,elo_800,mimo-v2.5,159,37,"3,3,3",1,"3,3,3",True,0
2026-09-17T17:48:32,elo_800,mimo-v2.5,157,36,"4,2,2",1,"4,4,2",False,0
2026-09-17T17:48:35,elo_800,mimo-v2.5,158,37,"1,3,3",1,"1,3,3",True,0
2026-09-17T17:48:36,elo_800,mimo-v2.5,152,39,"1,3,3",1,"1,3,3",True,0
2026-09-17T17:48:48,elo_800,mimo-v2.5,150,42,"1,3,2",1,"3,2,2",False,0
2026-09-17T17:48:52,elo_800,mimo-v2.5,165,36,"3,3,3",1,"3,3,3",True,0
2026-09-17T17:49:03,elo_800,mimo-v2.5,163,41,"4,1,4",1,"4,1,4",True,0
2026-09-17T17:49:06,elo_800,mimo-v2.5,137,39,"2,4,2",1,"1,1,2",False,1
2026-09-17T17:49:08,elo_800,mimo-v2.5,166,37,"2,3,4",1,"2,3,4",True,0
2026-09-17T17:49:11,elo_800,mimo-v2.5,161,38,"3,2,3",1,"3,2,3",True,0
2026-09-17T17:49:20,elo_800,mimo-v2.5,167,36,"1,1,4",1,"1,1,4",True,0
2026-09-17T17:49:23,elo_800,mimo-v2.5,164,38,"3,3,3",1,"3,3,3",True,0
2026-09-17T17:49:43,elo_800,mimo-v2.5,162,41,"4,2,3",1,"2,2,3",False,0
2026-09-17T17:49:48,elo_800,mimo-v2.5,168,39,"4,4,1",1,"4,4,1",True,0
2026-09-17T17:49:56,elo_800,mimo-v2.5,172,36,"2,4,1",1,"2,4,1",True,0
2026-09-17T17:50:10,elo_800,mimo-v2.5,171,36,"4,4,1",1,"4,4,1",True,0
2026-09-17T17:50:16,elo_800,mimo-v2.5,170,38,"1,1,2",1,"1,4,2",False,0
2026-09-17T17:50:21,elo_800,mimo-v2.5,160,41,"1,3,3",1,"3,3,1",False,0
2026-09-17T17:50:40,elo_800,mimo-v2.5,176,41,"4,1,2",1,"4,1,2",True,0
2026-09-17T17:51:07,elo_800,mimo-v2.5,179,37,"4,4,2",1,"4,4,2",True,0
2026-09-17T17:51:10,elo_800,mimo-v2.5,173,42,"3,3,3",1,"3,3,3",True,0
2026-09-17T17:51:13,elo_800,mimo-v2.5,178,40,"3,2,2",1,"3,2,2",True,0
2026-09-17T17:51:22,elo_800,mimo-v2.5,175,38,"2,3,2",1,"2,3,4",False,0
2026-09-17T17:51:30,elo_800,mimo-v2.5,169,41,"2,1,2",1,"2,1,2",True,0
2026-09-17T17:51:46,elo_800,mimo-v2.5,183,40,"4,4,4",1,"4,4,4",True,0
2026-09-17T17:51:56,elo_800,mimo-v2.5,174,42,"3,1,2",1,"4,1,4",False,0
2026-09-17T17:52:01,elo_800,mimo-v2.5,182,36,"4,1,1",1,"4,1,1",True,0
2026-09-17T17:52:03,elo_800,mimo-v2.5,177,37,"2,4,1",1,"2,4,1",True,0
2026-09-17T17:52:05,elo_800,mimo-v2.5,181,37,"3,2,3",1,"3,2,3",True,0
2026-09-17T17:52:17,elo_800,mimo-v2.5,180,40,"2,3,2",1,"2,3,2",True,0
2026-09-17T17:52:24,elo_800,mimo-v2.5,185,36,"2,4,1",1,"2,4,1",True,0
2026-09-17T17:52:38,elo_800,mimo-v2.5,155,40,"4,3,2",1,"3,2,1",False,1
2026-09-17T17:52:40,elo_800,mimo-v2.5,190,41,"2,2,2",1,"1,4,3",False,0
2026-09-17T17:52:43,elo_800,mimo-v2.5,184,41,"3,2,2",1,"4,1,4",False,0
2026-09-17T17:52:47,elo_800,mimo-v2.5,188,36,"3,2,3",1,"3,2,3",True,0
2026-09-17T17:53:11,elo_800,mimo-v2.5,191,40,"3,3,1",1,"3,3,1",True,0
2026-09-17T17:53:32,elo_800,mimo-v2.5,187,37,"1,1,4",1,"1,1,4",True,0
2026-09-17T17:53:50,elo_800,mimo-v2.5,186,38,"3,1,1",1,"3,1,1",True,0
2026-09-17T17:53:52,elo_800,mimo-v2.5,192,37,"3,1,4",1,"3,1,4",True,0
2026-09-17T17:53:53,elo_800,mimo-v2.5,195,38,"4,2,2",1,"2,2,2",False,0
2026-09-17T17:53:56,elo_800,mimo-v2.5,197,41,"2,3,2",1,"2,3,2",True,0
2026-09-17T17:54:13,elo_800,mimo-v2.5,189,36,"2,4,4",1,"2,4,4",True,0
2026-09-17T17:54:14,elo_800,mimo-v2.5,198,36,"4,4,4",1,"4,4,4",True,0
2026-09-17T17:54:37,elo_800,mimo-v2.5,194,41,"2,4,3",1,"2,4,3",True,0
2026-09-17T17:54:54,elo_800,mimo-v2.5,200,41,"2,3,2",1,"2,3,2",True,0
2026-09-17T17:55:25,elo_800,mimo-v2.5,199,40,"3,3,2",1,"3,3,2",True,0
2026-09-17T17:55:58,elo_800,mimo-v2.5,196,39,"3,2,4",1,"3,2,4",True,1
2026-09-17T17:55:59,elo_800,mimo-v2.5,145,39,"3,3,3",1,,False,3
2026-09-17T18:01:19,elo_800,mimo-v2.5,193,36,"4,2,3",1,"4,2,3",True,2
2026-09-17T18:01:46,elo_1800,mimo-v2.5,3,38,"4,2,4",1,"4,2,4",True,0
2026-09-17T18:02:04,elo_1800,mimo-v2.5,9,38,"1,1,4",1,"1,1,4",True,0
2026-09-17T18:02:29,elo_1800,mimo-v2.5,8,37,"4,3,1",1,"4,3,1",True,0
2026-09-17T18:02:35,elo_1800,mimo-v2.5,7,38,"2,1,2",1,"2,1,2",True,0
2026-09-17T18:02:51,elo_1800,mimo-v2.5,14,38,"3,3,1",1,"3,3,1",True,0
2026-09-17T18:02:52,elo_1800,mimo-v2.5,13,36,"2,3,3",1,"2,3,3",True,0
2026-09-17T18:02:54,elo_1800,mimo-v2.5,11,36,"4,4,4",1,"4,4,4",True,0
2026-09-17T18:03:32,elo_1800,mimo-v2.5,12,40,"4,4,4",1,"4,4,4",True,0
2026-09-17T18:03:39,elo_1800,mimo-v2.5,17,36,"4,1,4",1,"4,1,4",True,0
2026-09-17T18:03:42,elo_1800,mimo-v2.5,15,38,"3,2,3",1,"3,2,3",True,0
2026-09-17T18:03:51,elo_1800,mimo-v2.5,2,39,"1,1,1",1,"4,2,3",False,0
2026-09-17T18:03:53,elo_1800,mimo-v2.5,6,36,"3,2,3",1,"3,2,3",True,0
2026-09-17T18:03:55,elo_1800,mimo-v2.5,10,37,"2,3,3",1,"4,1,3",False,0
2026-09-17T18:03:57,elo_1800,mimo-v2.5,16,38,"4,4,3",1,"4,4,3",True,0
2026-09-17T18:04:03,elo_1800,mimo-v2.5,21,37,"4,2,1",1,"4,2,1",True,0
2026-09-17T18:04:05,elo_1800,mimo-v2.5,23,40,"1,1,4",1,"1,1,4",True,0
2026-09-17T18:04:18,elo_1800,mimo-v2.5,24,36,"4,2,1",1,"4,2,1",True,0
2026-09-17T18:04:21,elo_1800,mimo-v2.5,20,42,"4,2,1",1,"4,2,1",True,0
2026-09-17T18:04:28,elo_1800,mimo-v2.5,25,38,"3,1,4",1,"3,1,4",True,0
2026-09-17T18:04:30,elo_1800,mimo-v2.5,18,36,"2,1,3",1,"2,1,3",True,0
2026-09-17T18:04:44,elo_1800,mimo-v2.5,22,39,"4,4,1",1,"4,4,1",True,0
2026-09-17T18:04:46,elo_1800,mimo-v2.5,29,40,"1,4,4",1,"1,4,4",True,0
2026-09-17T18:05:10,elo_1800,mimo-v2.5,4,38,"2,4,1",1,"2,4,1",True,1
2026-09-17T18:05:12,elo_1800,mimo-v2.5,27,42,"2,1,3",1,"2,1,3",True,0
2026-09-17T18:05:24,elo_1800,mimo-v2.5,28,41,"3,1,4",1,"3,1,4",True,0
2026-09-17T18:05:35,elo_1800,mimo-v2.5,35,38,"2,1,1",1,"2,1,1",True,0
2026-09-17T18:05:41,elo_1800,mimo-v2.5,19,37,"3,3,3",1,"3,3,3",True,1
2026-09-17T18:05:48,elo_1800,mimo-v2.5,34,36,"1,4,1",1,"1,4,1",True,0
2026-09-17T18:05:55,elo_1800,mimo-v2.5,26,37,"1,1,4",1,"3,2,2",False,0
2026-09-17T18:05:58,elo_1800,mimo-v2.5,1,37,"1,2,4",1,"1,2,4",True,1
2026-09-17T18:06:31,elo_1800,mimo-v2.5,37,40,"4,3,4",1,"4,3,4",True,0
2026-09-17T18:06:51,elo_1800,mimo-v2.5,38,39,"4,1,1",1,"4,1,1",True,0
2026-09-17T18:07:13,elo_1800,mimo-v2.5,32,36,"4,2,3",1,"4,2,3",True,0
2026-09-17T18:07:30,elo_1800,mimo-v2.5,40,37,"2,3,3",1,"2,3,3",True,0
2026-09-17T18:07:32,elo_1800,mimo-v2.5,43,36,"4,4,2",1,"4,4,2",True,0
2026-09-17T18:08:16,elo_1800,mimo-v2.5,36,41,"2,3,3",1,"3,2,2",False,0
2026-09-17T18:08:18,elo_1800,mimo-v2.5,44,38,"4,1,3",1,"4,1,3",True,0
2026-09-17T18:08:37,elo_1800,mimo-v2.5,31,37,"3,1,2",1,"3,1,2",True,1
2026-09-17T18:08:39,elo_1800,mimo-v2.5,33,39,"3,2,1",1,"3,2,1",True,1
2026-09-17T18:08:40,elo_1800,mimo-v2.5,5,38,"4,1,4",1,"4,1,4",True,2
2026-09-17T18:08:43,elo_1800,mimo-v2.5,47,38,"4,2,1",1,"4,2,1",True,0
2026-09-17T18:08:49,elo_1800,mimo-v2.5,49,36,"4,1,1",1,"4,1,1",True,0
2026-09-17T18:08:58,elo_1800,mimo-v2.5,45,36,"3,1,3",1,"3,1,3",True,0
2026-09-17T18:09:05,elo_1800,mimo-v2.5,48,38,"3,4,1",1,"3,4,1",True,0
2026-09-17T18:09:11,elo_1800,mimo-v2.5,46,37,"1,1,4",1,"4,4,2",False,0
2026-09-17T18:09:17,elo_1800,mimo-v2.5,39,39,"1,2,2",1,"1,2,2",True,1
2026-09-17T18:09:32,elo_1800,mimo-v2.5,53,37,"4,4,4",1,"4,4,4",True,0
2026-09-17T18:09:34,elo_1800,mimo-v2.5,55,36,"2,4,2",1,"2,4,2",True,0
2026-09-17T18:09:52,elo_1800,mimo-v2.5,57,38,"1,4,2",1,"2,4,2",False,0
2026-09-17T18:09:54,elo_1800,mimo-v2.5,51,37,"2,2,2",1,"2,2,2",True,0
2026-09-17T18:09:59,elo_1800,mimo-v2.5,42,36,"2,4,3",1,"2,2,1",False,0
2026-09-17T18:10:20,elo_1800,mimo-v2.5,41,37,"3,2,3",1,"3,2,3",True,1
2026-09-17T18:10:28,elo_1800,mimo-v2.5,58,37,"2,1,3",1,"2,1,3",True,0
2026-09-17T18:10:32,elo_1800,mimo-v2.5,56,36,"4,4,4",1,"4,1,3",False,0
2026-09-17T18:10:46,elo_1800,mimo-v2.5,64,40,"4,2,1",1,"4,2,1",True,0
2026-09-17T18:11:07,elo_1800,mimo-v2.5,50,36,"4,2,2",1,"4,2,2",True,0
2026-09-17T18:11:10,elo_1800,mimo-v2.5,62,42,"4,1,3",1,"4,1,3",True,0
2026-09-17T18:11:12,elo_1800,mimo-v2.5,54,37,"4,2,1",1,"4,4,4",False,0
2026-09-17T18:11:22,elo_1800,mimo-v2.5,60,41,"2,2,3",1,"2,2,3",True,0
2026-09-17T18:11:40,elo_1800,mimo-v2.5,61,39,"4,4,4",1,"1,2,2",False,0
2026-09-17T18:11:45,elo_1800,mimo-v2.5,67,42,"4,3,1",1,"4,3,1",True,0
2026-09-17T18:12:03,elo_1800,mimo-v2.5,59,37,"3,4,1",1,"3,4,1",True,0
2026-09-17T18:12:05,elo_1800,mimo-v2.5,65,40,"3,1,3",1,"3,1,3",True,0
2026-09-17T18:12:10,elo_1800,mimo-v2.5,66,36,"4,1,1",1,"4,1,1",True,0
2026-09-17T18:12:21,elo_1800,mimo-v2.5,52,38,"4,2,1",1,"2,2,2",False,0
2026-09-17T18:12:36,elo_1800,mimo-v2.5,75,41,"1,1,1",1,"1,1,1",True,0
2026-09-17T18:12:45,elo_1800,mimo-v2.5,68,36,"3,2,2",1,"3,2,2",True,0
2026-09-17T18:12:47,elo_1800,mimo-v2.5,74,40,"4,1,4",1,"3,4,3",False,0
2026-09-17T18:12:50,elo_1800,mimo-v2.5,69,36,"4,1,4",1,"4,1,4",True,0
2026-09-17T18:12:59,elo_1800,mimo-v2.5,71,36,"3,2,1",1,"3,2,1",True,0
2026-09-17T18:13:05,elo_1800,mimo-v2.5,30,38,"3,2,2",1,"1,2,4",False,2
2026-09-17T18:13:22,elo_1800,mimo-v2.5,77,37,"3,2,3",1,"3,2,3",True,0
2026-09-17T18:13:44,elo_1800,mimo-v2.5,82,41,"4,2,1",1,"4,2,1",True,0
2026-09-17T18:13:48,elo_1800,mimo-v2.5,72,37,"4,4,4",1,"4,4,4",True,0
2026-09-17T18:13:56,elo_1800,mimo-v2.5,73,39,"1,4,1",1,"1,4,1",True,0
2026-09-17T18:14:10,elo_1800,mimo-v2.5,81,42,"3,3,4",1,"3,3,4",True,0
2026-09-17T18:14:12,elo_1800,mimo-v2.5,76,41,"4,4,1",1,"1,1,4",False,0
2026-09-17T18:14:14,elo_1800,mimo-v2.5,63,39,"4,1,4",1,"4,1,3",False,0
2026-09-17T18:14:15,elo_1800,mimo-v2.5,78,38,"4,3,1",1,"4,3,1",True,0
2026-09-17T18:14:17,elo_1800,mimo-v2.5,84,41,"3,2,2",1,"4,4,1",False,0
2026-09-17T18:14:38,elo_1800,mimo-v2.5,85,38,"2,3,3",1,"2,3,3",True,0
2026-09-17T18:14:39,elo_1800,mimo-v2.5,80,36,"2,1,3",1,"2,1,3",True,0
2026-09-17T18:14:43,elo_1800,mimo-v2.5,88,38,"2,3,1",1,"2,3,1",True,0
2026-09-17T18:14:46,elo_1800,mimo-v2.5,70,39,"4,2,1",1,"4,2,1",True,0
2026-09-17T18:14:47,elo_1800,mimo-v2.5,89,41,"2,1,3",1,"2,3,1",False,0
2026-09-17T18:14:53,elo_1800,mimo-v2.5,87,39,"2,3,2",1,"2,3,2",True,0
2026-09-17T18:15:03,elo_1800,mimo-v2.5,90,39,"2,4,4",1,"2,4,4",True,0
2026-09-17T18:15:13,elo_1800,mimo-v2.5,83,36,"1,1,3",1,"1,1,3",True,0
2026-09-17T18:15:17,elo_1800,mimo-v2.5,91,39,"2,1,4",1,"2,1,4",True,0
2026-09-17T18:15:20,elo_1800,mimo-v2.5,93,38,"4,4,1",1,"4,4,1",True,0
2026-09-17T18:15:31,elo_1800,mimo-v2.5,99,40,"1,1,3",1,"1,1,3",True,0
2026-09-17T18:15:35,elo_1800,mimo-v2.5,100,37,"1,1,2",1,"1,1,2",True,0
2026-09-17T18:15:36,elo_1800,mimo-v2.5,79,37,"3,4,3",1,"3,4,3",True,0
2026-09-17T18:15:57,elo_1800,mimo-v2.5,102,39,"1,4,3",1,"1,4,3",True,0
2026-09-17T18:16:10,elo_1800,mimo-v2.5,95,36,"4,3,2",1,"4,3,2",True,0
2026-09-17T18:16:13,elo_1800,mimo-v2.5,92,37,"3,1,1",1,"3,1,1",True,0
2026-09-17T18:16:20,elo_1800,mimo-v2.5,103,36,"3,3,1",1,"3,3,1",True,0
2026-09-17T18:16:22,elo_1800,mimo-v2.5,94,38,"2,1,2",1,"4,4,4",False,0
2026-09-17T18:16:25,elo_1800,mimo-v2.5,97,38,"1,4,4",1,"1,4,4",True,0
2026-09-17T18:16:29,elo_1800,mimo-v2.5,104,36,"2,1,1",1,"2,1,1",True,0
2026-09-17T18:16:30,elo_1800,mimo-v2.5,86,36,"4,4,3",1,"4,4,3",True,0
2026-09-17T18:16:57,elo_1800,mimo-v2.5,96,36,"2,3,2",1,"2,3,2",True,0
2026-09-17T18:17:19,elo_1800,mimo-v2.5,98,39,"2,1,3",1,"2,1,3",True,0
2026-09-17T18:17:25,elo_1800,mimo-v2.5,106,38,"1,4,1",1,"1,4,1",True,0
2026-09-17T18:17:30,elo_1800,mimo-v2.5,112,37,"1,3,2",1,"1,3,2",True,0
2026-09-17T18:17:32,elo_1800,mimo-v2.5,107,39,"1,1,3",1,"4,3,2",False,0
2026-09-17T18:18:02,elo_1800,mimo-v2.5,105,38,"3,1,2",1,"1,3,4",False,0
2026-09-17T18:18:24,elo_1800,mimo-v2.5,116,37,"3,2,4",1,"3,2,4",True,0
2026-09-17T18:18:39,elo_1800,mimo-v2.5,109,39,"2,2,4",1,"2,3,3",False,0
2026-09-17T18:18:50,elo_1800,mimo-v2.5,113,37,"3,3,2",1,"3,3,2",True,0
2026-09-17T18:19:04,elo_1800,mimo-v2.5,110,36,"2,2,2",1,"2,2,2",True,0
2026-09-17T18:19:12,elo_1800,mimo-v2.5,118,42,"2,2,2",1,"2,2,2",True,0
2026-09-17T18:19:25,elo_1800,mimo-v2.5,120,37,"4,1,3",1,"4,1,3",True,0
2026-09-17T18:19:37,elo_1800,mimo-v2.5,111,41,"3,3,2",1,"2,1,2",False,0
2026-09-17T18:19:42,elo_1800,mimo-v2.5,114,41,"2,2,2",1,"2,2,2",True,0
2026-09-17T18:19:57,elo_1800,mimo-v2.5,123,40,"2,1,4",1,"2,1,4",True,0
2026-09-17T18:19:59,elo_1800,mimo-v2.5,125,37,"4,1,3",1,"4,1,3",True,0
2026-09-17T18:20:16,elo_1800,mimo-v2.5,126,39,"4,4,4",1,"4,4,4",True,0
2026-09-17T18:20:37,elo_1800,mimo-v2.5,119,39,"4,3,1",1,"3,4,4",False,0
2026-09-17T18:20:58,elo_1800,mimo-v2.5,127,41,"4,1,1",1,"4,1,1",True,0
2026-09-17T18:21:01,elo_1800,mimo-v2.5,121,41,"3,2,2",1,"1,1,2",False,0
2026-09-17T18:21:02,elo_1800,mimo-v2.5,128,37,"4,4,1",1,"4,4,1",True,0
2026-09-17T18:21:04,elo_1800,mimo-v2.5,115,37,"4,4,4",1,"1,3,1",False,0
2026-09-17T18:21:44,elo_1800,mimo-v2.5,101,42,"4,2,1",1,"2,2,4",False,1
2026-09-17T18:21:46,elo_1800,mimo-v2.5,132,36,"1,1,3",1,"1,1,3",True,0
2026-09-17T18:22:02,elo_1800,mimo-v2.5,131,39,"4,4,4",1,"4,4,4",True,0
2026-09-17T18:22:03,elo_1800,mimo-v2.5,117,37,"4,3,3",1,"3,2,1",False,0
2026-09-17T18:22:19,elo_1800,mimo-v2.5,129,39,"2,3,1",1,"2,3,1",True,0
2026-09-17T18:22:22,elo_1800,mimo-v2.5,134,41,"4,4,4",1,"4,4,4",True,0
2026-09-17T18:22:25,elo_1800,mimo-v2.5,122,38,"2,2,2",1,"2,2,2",True,0
2026-09-17T18:22:47,elo_1800,mimo-v2.5,140,36,"4,1,3",1,"4,1,3",True,0
2026-09-17T18:23:02,elo_1800,mimo-v2.5,137,39,"2,4,2",1,"1,1,2",False,0
2026-09-17T18:23:17,elo_1800,mimo-v2.5,124,40,"1,4,1",1,"1,4,1",True,0
2026-09-17T18:23:19,elo_1800,mimo-v2.5,108,39,"4,2,3",1,"3,1,1",False,1
2026-09-17T18:23:31,elo_1800,mimo-v2.5,138,40,"2,3,3",1,"2,3,3",True,1
2026-09-17T18:23:56,elo_1800,mimo-v2.5,144,36,"2,4,3",1,"2,4,3",True,0
2026-09-17T18:24:03,elo_1800,mimo-v2.5,136,38,"4,4,2",1,"4,4,2",True,0
2026-09-17T18:24:21,elo_1800,mimo-v2.5,141,40,"4,1,1",1,"4,1,1",True,0
2026-09-17T18:24:28,elo_1800,mimo-v2.5,147,38,"4,3,4",1,"4,3,4",True,0
2026-09-17T18:24:37,elo_1800,mimo-v2.5,142,38,"3,1,4",1,"3,1,4",True,0
2026-09-17T18:24:42,elo_1800,mimo-v2.5,146,37,"3,3,1",1,"3,3,1",True,0
2026-09-17T18:24:50,elo_1800,mimo-v2.5,143,40,"3,2,1",1,"3,2,1",True,0
2026-09-17T18:25:00,elo_1800,mimo-v2.5,148,40,"2,3,1",1,"2,3,1",True,0
2026-09-17T18:25:32,elo_1800,mimo-v2.5,153,37,"2,2,4",1,"2,2,4",True,0
2026-09-17T18:25:52,elo_1800,mimo-v2.5,133,38,"4,4,3",1,"3,3,3",False,0
2026-09-17T18:26:21,elo_1800,mimo-v2.5,130,36,"3,2,2",1,"3,2,4",False,1
2026-09-17T18:26:33,elo_1800,mimo-v2.5,154,36,"1,1,3",1,"1,1,3",True,0
2026-09-17T18:26:45,elo_1800,mimo-v2.5,151,37,"4,2,2",1,"2,1,2",False,0
2026-09-17T18:26:54,elo_1800,mimo-v2.5,139,39,"3,1,2",1,"3,1,2",True,1
2026-09-17T18:26:55,elo_1800,mimo-v2.5,145,39,"3,3,3",1,"3,3,3",True,0
2026-09-17T18:26:57,elo_1800,mimo-v2.5,149,37,"2,2,3",1,"2,2,3",True,0
2026-09-17T18:27:33,elo_1800,mimo-v2.5,159,37,"3,3,3",1,"3,3,3",True,0
2026-09-17T18:27:38,elo_1800,mimo-v2.5,155,40,"4,3,2",1,"1,3,3",False,0
2026-09-17T18:27:53,elo_1800,mimo-v2.5,152,39,"1,3,3",1,"4,2,1",False,0
2026-09-17T18:28:02,elo_1800,mimo-v2.5,157,36,"4,2,2",1,"4,4,2",False,0
2026-09-17T18:28:20,elo_1800,mimo-v2.5,162,41,"4,2,3",1,"4,2,3",True,0
2026-09-17T18:28:25,elo_1800,mimo-v2.5,161,38,"3,2,3",1,"3,2,3",True,0
2026-09-17T18:28:42,elo_1800,mimo-v2.5,156,37,"4,1,4",1,"4,1,4",True,0
2026-09-17T18:28:46,elo_1800,mimo-v2.5,160,41,"1,3,3",1,"1,3,3",True,0
2026-09-17T18:28:54,elo_1800,mimo-v2.5,164,38,"3,3,3",1,"4,4,4",False,0
2026-09-17T18:28:56,elo_1800,mimo-v2.5,165,36,"3,3,3",1,"3,3,3",True,0
2026-09-17T18:29:10,elo_1800,mimo-v2.5,169,41,"2,1,2",1,"2,1,2",True,0
2026-09-17T18:29:14,elo_1800,mimo-v2.5,167,36,"1,1,4",1,"1,1,4",True,0
2026-09-17T18:29:18,elo_1800,mimo-v2.5,163,41,"4,1,4",1,"4,1,4",True,0
2026-09-17T18:29:34,elo_1800,mimo-v2.5,158,37,"1,3,3",1,"1,3,3",True,0
2026-09-17T18:29:36,elo_1800,mimo-v2.5,171,36,"4,4,1",1,"4,4,1",True,0
2026-09-17T18:29:45,elo_1800,mimo-v2.5,168,39,"4,4,1",1,"4,4,1",True,0
2026-09-17T18:30:20,elo_1800,mimo-v2.5,170,38,"1,1,2",1,"1,1,2",True,0
2026-09-17T18:30:26,elo_1800,mimo-v2.5,150,42,"1,3,2",1,"1,3,2",True,1
2026-09-17T18:30:52,elo_1800,mimo-v2.5,177,37,"2,4,1",1,"4,2,3",False,0
2026-09-17T18:30:53,elo_1800,mimo-v2.5,179,37,"4,4,2",1,"4,4,2",True,0
2026-09-17T18:30:56,elo_1800,mimo-v2.5,172,36,"2,4,1",1,"3,2,3",False,0
2026-09-17T18:31:05,elo_1800,mimo-v2.5,135,40,"4,1,2",1,"4,1,2",True,1
2026-09-17T18:31:12,elo_1800,mimo-v2.5,166,37,"2,3,4",1,"2,3,4",True,0
2026-09-17T18:31:19,elo_1800,mimo-v2.5,175,38,"2,3,2",1,"2,3,2",True,0
2026-09-17T18:31:26,elo_1800,mimo-v2.5,176,41,"4,1,2",1,"4,1,2",True,0
2026-09-17T18:31:28,elo_1800,mimo-v2.5,182,36,"4,1,1",1,"4,1,1",True,0
2026-09-17T18:31:34,elo_1800,mimo-v2.5,174,42,"3,1,2",1,"3,1,2",True,0
2026-09-17T18:31:35,elo_1800,mimo-v2.5,178,40,"3,2,2",1,"3,2,2",True,0
2026-09-17T18:31:39,elo_1800,mimo-v2.5,173,42,"3,3,3",1,"1,4,2",False,0
2026-09-17T18:31:51,elo_1800,mimo-v2.5,183,40,"4,4,4",1,"4,4,4",True,0
2026-09-17T18:32:28,elo_1800,mimo-v2.5,191,40,"3,3,1",1,"3,3,1",True,0
2026-09-17T18:32:42,elo_1800,mimo-v2.5,184,41,"3,2,2",1,"3,2,2",True,0
2026-09-17T18:32:47,elo_1800,mimo-v2.5,186,38,"3,1,1",1,"3,1,1",True,0
2026-09-17T18:32:52,elo_1800,mimo-v2.5,187,37,"1,1,4",1,"3,2,4",False,0
2026-09-17T18:32:54,elo_1800,mimo-v2.5,192,37,"3,1,4",1,"3,1,4",True,0
2026-09-17T18:33:08,elo_1800,mimo-v2.5,188,36,"3,2,3",1,"3,2,3",True,0
2026-09-17T18:33:09,elo_1800,mimo-v2.5,193,36,"4,2,3",1,"4,2,3",True,0
2026-09-17T18:33:34,elo_1800,mimo-v2.5,185,36,"2,4,1",1,"1,2,2",False,0
2026-09-17T18:34:13,elo_1800,mimo-v2.5,181,37,"3,2,3",1,"3,2,3",True,0
2026-09-17T18:34:25,elo_1800,mimo-v2.5,189,36,"2,4,4",1,"1,1,1",False,0
2026-09-17T18:34:41,elo_1800,mimo-v2.5,196,39,"3,2,4",1,"3,2,4",True,0
2026-09-17T18:34:47,elo_1800,mimo-v2.5,198,36,"4,4,4",1,"4,4,4",True,1
2026-09-17T18:34:52,elo_1800,mimo-v2.5,195,38,"4,2,2",1,"4,2,2",True,0
2026-09-17T18:34:56,elo_1800,mimo-v2.5,190,41,"2,2,2",1,"1,3,1",False,0
2026-09-17T18:35:42,elo_1800,mimo-v2.5,194,41,"2,4,3",1,"1,1,1",False,0
2026-09-17T18:37:14,elo_1800,mimo-v2.5,180,40,"2,3,2",1,"2,3,2",True,1
2026-09-17T18:37:20,elo_1800,mimo-v2.5,200,41,"2,3,2",1,"4,1,1",False,1
2026-09-17T18:38:22,elo_1800,mimo-v2.5,197,41,"2,3,2",1,"2,3,2",True,1
2026-09-17T18:39:18,elo_1800,mimo-v2.5,199,40,"3,3,2",1,"1,4,3",False,1
2026-09-17T18:40:26,elo_2800,mimo-v2.5,8,37,"4,3,1",1,"4,3,1",True,0
2026-09-17T18:40:38,elo_2800,mimo-v2.5,10,37,"2,3,3",1,"3,3,3",False,0
2026-09-17T18:40:49,elo_2800,mimo-v2.5,2,39,"1,1,1",1,"1,1,1",True,0
2026-09-17T18:40:53,elo_2800,mimo-v2.5,1,37,"1,2,4",1,"1,2,4",True,0
2026-09-17T18:40:55,elo_2800,mimo-v2.5,9,38,"1,1,4",1,"1,1,4",True,0
2026-09-17T18:40:56,elo_2800,mimo-v2.5,7,38,"2,1,2",1,"2,1,2",True,0
2026-09-17T18:41:29,elo_2800,mimo-v2.5,16,38,"4,4,3",1,"4,4,3",True,0
2026-09-17T18:41:42,elo_2800,mimo-v2.5,12,40,"4,4,4",1,"4,4,4",True,0
2026-09-17T18:42:14,elo_2800,mimo-v2.5,4,38,"2,4,1",1,"2,4,1",True,0
2026-09-17T18:42:15,elo_2800,mimo-v2.5,3,38,"4,2,4",1,"2,2,1",False,0
2026-09-17T18:42:34,elo_2800,mimo-v2.5,18,36,"2,1,3",1,"2,1,3",True,0
2026-09-17T18:42:40,elo_2800,mimo-v2.5,20,42,"4,2,1",1,"4,2,1",True,0
2026-09-17T18:42:45,elo_2800,mimo-v2.5,13,36,"2,3,3",1,"2,3,3",True,0
2026-09-17T18:42:53,elo_2800,mimo-v2.5,15,38,"3,2,3",1,"3,2,3",True,0
2026-09-17T18:42:54,elo_2800,mimo-v2.5,21,37,"4,2,1",1,"4,2,1",True,0
2026-09-17T18:42:56,elo_2800,mimo-v2.5,23,40,"1,1,4",1,"1,1,4",True,0
2026-09-17T18:43:00,elo_2800,mimo-v2.5,14,38,"3,3,1",1,"2,2,3",False,0
2026-09-17T18:43:30,elo_2800,mimo-v2.5,24,36,"4,2,1",1,"4,2,1",True,0
2026-09-17T18:43:40,elo_2800,mimo-v2.5,19,37,"3,3,3",1,"3,3,3",True,0
2026-09-17T18:43:48,elo_2800,mimo-v2.5,27,42,"2,1,3",1,"2,1,3",True,0
2026-09-17T18:44:13,elo_2800,mimo-v2.5,25,38,"3,1,4",1,"3,1,4",True,0
2026-09-17T18:44:29,elo_2800,mimo-v2.5,6,36,"3,2,3",1,"3,2,3",True,1
2026-09-17T18:44:38,elo_2800,mimo-v2.5,11,36,"4,4,4",1,"4,4,4",True,0
2026-09-17T18:44:47,elo_2800,mimo-v2.5,29,40,"1,4,4",1,"1,4,4",True,0
2026-09-17T18:44:51,elo_2800,mimo-v2.5,30,38,"3,2,2",1,"3,2,2",True,0
2026-09-17T18:45:03,elo_2800,mimo-v2.5,5,38,"4,1,4",1,"4,1,4",True,1
2026-09-17T18:45:26,elo_2800,mimo-v2.5,31,37,"3,1,2",1,"3,1,2",True,0
2026-09-17T18:45:27,elo_2800,mimo-v2.5,17,36,"4,1,4",1,"4,1,4",True,1
2026-09-17T18:45:57,elo_2800,mimo-v2.5,35,38,"2,1,1",1,"2,1,1",True,0
2026-09-17T18:46:19,elo_2800,mimo-v2.5,22,39,"4,4,1",1,"4,4,1",True,1
2026-09-17T18:46:32,elo_2800,mimo-v2.5,26,37,"1,1,4",1,"2,3,4",False,1
2026-09-17T18:46:40,elo_2800,mimo-v2.5,33,39,"3,2,1",1,"1,1,2",False,0
2026-09-17T18:46:57,elo_2800,mimo-v2.5,32,36,"4,2,3",1,"4,2,3",True,0
2026-09-17T18:47:02,elo_2800,mimo-v2.5,39,39,"1,2,2",1,"3,3,2",False,0
2026-09-17T18:47:03,elo_2800,mimo-v2.5,37,40,"4,3,4",1,"4,3,4",True,0
2026-09-17T18:47:20,elo_2800,mimo-v2.5,28,41,"3,1,4",1,"3,1,4",True,0
2026-09-17T18:47:25,elo_2800,mimo-v2.5,36,41,"2,3,3",1,"2,3,3",True,0
2026-09-17T18:47:36,elo_2800,mimo-v2.5,44,38,"4,1,3",1,"4,1,3",True,0
2026-09-17T18:47:49,elo_2800,mimo-v2.5,48,38,"3,4,1",1,"3,4,1",True,0
2026-09-17T18:47:59,elo_2800,mimo-v2.5,38,39,"4,1,1",1,"4,2,4",False,0
2026-09-17T18:48:00,elo_2800,mimo-v2.5,47,38,"4,2,1",1,"4,2,1",True,0
2026-09-17T18:48:01,elo_2800,mimo-v2.5,49,36,"4,1,1",1,"4,1,1",True,0
2026-09-17T18:48:05,elo_2800,mimo-v2.5,42,36,"2,4,3",1,"2,4,3",True,0
2026-09-17T18:48:29,elo_2800,mimo-v2.5,43,36,"4,4,2",1,"4,4,2",True,0
2026-09-17T18:48:37,elo_2800,mimo-v2.5,46,37,"1,1,4",1,"1,1,4",True,0
2026-09-17T18:48:38,elo_2800,mimo-v2.5,45,36,"3,1,3",1,"3,1,3",True,0
2026-09-17T18:48:47,elo_2800,mimo-v2.5,53,37,"4,4,4",1,"4,4,4",True,0
2026-09-17T18:48:53,elo_2800,mimo-v2.5,54,37,"4,2,1",1,"3,3,1",False,0
2026-09-17T18:49:00,elo_2800,mimo-v2.5,50,36,"4,2,2",1,"4,2,2",True,0
2026-09-17T18:49:08,elo_2800,mimo-v2.5,51,37,"2,2,2",1,"2,2,2",True,0
2026-09-17T18:49:19,elo_2800,mimo-v2.5,52,38,"4,2,1",1,"4,2,1",True,0
2026-09-17T18:49:22,elo_2800,mimo-v2.5,41,37,"3,2,3",1,"3,2,3",True,1
2026-09-17T18:49:28,elo_2800,mimo-v2.5,56,36,"4,4,4",1,"4,4,4",True,0
2026-09-17T18:49:35,elo_2800,mimo-v2.5,62,42,"4,1,3",1,"4,1,3",True,0
2026-09-17T18:49:37,elo_2800,mimo-v2.5,57,38,"1,4,2",1,"1,4,2",True,0
2026-09-17T18:49:41,elo_2800,mimo-v2.5,58,37,"2,1,3",1,"4,4,1",False,0
2026-09-17T18:49:44,elo_2800,mimo-v2.5,64,40,"4,2,1",1,"4,2,1",True,0
2026-09-17T18:49:51,elo_2800,mimo-v2.5,60,41,"2,2,3",1,"2,2,3",True,0
2026-09-17T18:49:57,elo_2800,mimo-v2.5,63,39,"4,1,4",1,"4,1,4",True,0
2026-09-17T18:49:58,elo_2800,mimo-v2.5,67,42,"4,3,1",1,"4,3,1",True,0
2026-09-17T18:50:23,elo_2800,mimo-v2.5,70,39,"4,2,1",1,"4,2,1",True,0
2026-09-17T18:50:30,elo_2800,mimo-v2.5,65,40,"3,1,3",1,"3,1,3",True,0
2026-09-17T18:50:31,elo_2800,mimo-v2.5,40,37,"2,3,3",1,"2,3,3",True,1
2026-09-17T18:50:37,elo_2800,mimo-v2.5,59,37,"3,4,1",1,"3,4,1",True,0
2026-09-17T18:50:40,elo_2800,mimo-v2.5,68,36,"3,2,2",1,"3,2,2",True,0
2026-09-17T18:50:43,elo_2800,mimo-v2.5,61,39,"4,4,4",1,"4,4,4",True,0
2026-09-17T18:50:44,elo_2800,mimo-v2.5,55,36,"2,4,2",1,"3,1,3",False,0
2026-09-17T18:50:50,elo_2800,mimo-v2.5,34,36,"1,4,1",1,"3,3,2",False,2
2026-09-17T18:50:51,elo_2800,mimo-v2.5,72,37,"4,4,4",1,"4,4,4",True,0
2026-09-17T18:51:13,elo_2800,mimo-v2.5,79,37,"3,4,3",1,"3,4,3",True,0
2026-09-17T18:51:15,elo_2800,mimo-v2.5,75,41,"1,1,1",1,"1,1,1",True,0
2026-09-17T18:51:17,elo_2800,mimo-v2.5,69,36,"4,1,4",1,"4,1,4",True,0
2026-09-17T18:51:18,elo_2800,mimo-v2.5,73,39,"1,4,1",1,"1,4,1",True,0
2026-09-17T18:51:18,elo_2800,mimo-v2.5,71,36,"3,2,1",1,"3,2,1",True,0
2026-09-17T18:51:20,elo_2800,mimo-v2.5,78,38,"4,3,1",1,"4,3,1",True,0
2026-09-17T18:51:31,elo_2800,mimo-v2.5,82,41,"4,2,1",1,"4,2,1",True,0
2026-09-17T18:51:33,elo_2800,mimo-v2.5,74,40,"4,1,4",1,"4,1,4",True,0
2026-09-17T18:51:40,elo_2800,mimo-v2.5,77,37,"3,2,3",1,"3,2,3",True,0
2026-09-17T18:51:50,elo_2800,mimo-v2.5,86,36,"4,4,3",1,"4,4,3",True,0
2026-09-17T18:51:52,elo_2800,mimo-v2.5,66,36,"4,1,1",1,"4,1,1",True,0
2026-09-17T18:51:53,elo_2800,mimo-v2.5,83,36,"1,1,3",1,"1,1,3",True,0
2026-09-17T18:52:01,elo_2800,mimo-v2.5,80,36,"2,1,3",1,"2,1,3",True,0
2026-09-17T18:52:02,elo_2800,mimo-v2.5,85,38,"2,3,3",1,"2,3,3",True,0
2026-09-17T18:52:05,elo_2800,mimo-v2.5,87,39,"2,3,2",1,"2,3,2",True,0
2026-09-17T18:52:06,elo_2800,mimo-v2.5,89,41,"2,1,3",1,"2,1,3",True,0
2026-09-17T18:52:14,elo_2800,mimo-v2.5,92,37,"3,1,1",1,"3,1,1",True,0
2026-09-17T18:52:17,elo_2800,mimo-v2.5,90,39,"2,4,4",1,"2,4,4",True,0
2026-09-17T18:52:35,elo_2800,mimo-v2.5,91,39,"2,1,4",1,"2,1,4",True,0
2026-09-17T18:52:36,elo_2800,mimo-v2.5,76,41,"4,4,1",1,"4,4,1",True,0
2026-09-17T18:52:57,elo_2800,mimo-v2.5,93,38,"4,4,1",1,"4,4,1",True,0
2026-09-17T18:53:01,elo_2800,mimo-v2.5,96,36,"2,3,2",1,"2,3,2",True,0
2026-09-17T18:53:05,elo_2800,mimo-v2.5,97,38,"1,4,4",1,"1,4,4",True,0
2026-09-17T18:53:09,elo_2800,mimo-v2.5,100,37,"1,1,2",1,"1,1,2",True,0
2026-09-17T18:53:14,elo_2800,mimo-v2.5,99,40,"1,1,3",1,"1,1,3",True,0
2026-09-17T18:53:15,elo_2800,mimo-v2.5,81,42,"3,3,4",1,"1,4,1",False,0
2026-09-17T18:53:15,elo_2800,mimo-v2.5,102,39,"1,4,3",1,"1,4,3",True,0
2026-09-17T18:53:24,elo_2800,mimo-v2.5,88,38,"2,3,1",1,"1,1,2",False,0
2026-09-17T18:53:27,elo_2800,mimo-v2.5,98,39,"2,1,3",1,"2,1,3",True,0
2026-09-17T18:53:28,elo_2800,mimo-v2.5,104,36,"2,1,1",1,"2,1,1",True,0
2026-09-17T18:53:41,elo_2800,mimo-v2.5,107,39,"1,1,3",1,"1,1,3",True,0
2026-09-17T18:53:57,elo_2800,mimo-v2.5,105,38,"3,1,2",1,"3,1,2",True,0
2026-09-17T18:54:03,elo_2800,mimo-v2.5,95,36,"4,3,2",1,"1,4,3",False,0
2026-09-17T18:54:04,elo_2800,mimo-v2.5,103,36,"3,3,1",1,"3,3,1",True,0
2026-09-17T18:54:13,elo_2800,mimo-v2.5,84,41,"3,2,2",1,"3,2,2",True,1
2026-09-17T18:54:30,elo_2800,mimo-v2.5,113,37,"3,3,2",1,"3,3,2",True,0
2026-09-17T18:54:32,elo_2800,mimo-v2.5,110,36,"2,2,2",1,"2,2,2",True,0
2026-09-17T18:54:40,elo_2800,mimo-v2.5,112,37,"1,3,2",1,"1,3,2",True,0
2026-09-17T18:54:42,elo_2800,mimo-v2.5,101,42,"4,2,1",1,"3,1,1",False,0
2026-09-17T18:54:48,elo_2800,mimo-v2.5,108,39,"4,2,3",1,"4,2,3",True,0
2026-09-17T18:55:03,elo_2800,mimo-v2.5,106,38,"1,4,1",1,"1,4,1",True,0
2026-09-17T18:55:03,elo_2800,mimo-v2.5,116,37,"3,2,4",1,"3,2,4",True,0
2026-09-17T18:55:13,elo_2800,mimo-v2.5,114,41,"2,2,2",1,"2,2,2",True,0
2026-09-17T18:55:13,elo_2800,mimo-v2.5,117,37,"4,3,3",1,"4,3,3",True,0
2026-09-17T18:55:16,elo_2800,mimo-v2.5,119,39,"4,3,1",1,"4,2,4",False,0
2026-09-17T18:55:19,elo_2800,mimo-v2.5,111,41,"3,3,2",1,"3,3,2",True,0
2026-09-17T18:55:25,elo_2800,mimo-v2.5,125,37,"4,1,3",1,"4,1,3",True,0
2026-09-17T18:55:26,elo_2800,mimo-v2.5,118,42,"2,2,2",1,"2,2,2",True,0
2026-09-17T18:55:31,elo_2800,mimo-v2.5,121,41,"3,2,2",1,"4,3,3",False,0
2026-09-17T18:55:32,elo_2800,mimo-v2.5,115,37,"4,4,4",1,"4,4,4",True,0
2026-09-17T18:55:35,elo_2800,mimo-v2.5,123,40,"2,1,4",1,"2,1,4",True,0
2026-09-17T18:55:41,elo_2800,mimo-v2.5,94,38,"2,1,2",1,"2,1,2",True,1
2026-09-17T18:55:49,elo_2800,mimo-v2.5,129,39,"2,3,1",1,"2,3,1",True,0
2026-09-17T18:55:51,elo_2800,mimo-v2.5,127,41,"4,1,1",1,"4,1,1",True,0
2026-09-17T18:55:56,elo_2800,mimo-v2.5,126,39,"4,4,4",1,"4,4,4",True,0
2026-09-17T18:56:11,elo_2800,mimo-v2.5,131,39,"4,4,4",1,"4,4,4",True,0
2026-09-17T18:56:17,elo_2800,mimo-v2.5,130,36,"3,2,2",1,"1,4,1",False,0
2026-09-17T18:56:20,elo_2800,mimo-v2.5,109,39,"2,2,4",1,"2,4,3",False,1
2026-09-17T18:56:22,elo_2800,mimo-v2.5,132,36,"1,1,3",1,"1,1,3",True,0
2026-09-17T18:56:23,elo_2800,mimo-v2.5,133,38,"4,4,3",1,"4,4,3",True,0
2026-09-17T18:56:24,elo_2800,mimo-v2.5,128,37,"4,4,1",1,"4,4,1",True,0
2026-09-17T18:56:25,elo_2800,mimo-v2.5,137,39,"2,4,2",1,"2,3,4",False,0
2026-09-17T18:56:43,elo_2800,mimo-v2.5,140,36,"4,1,3",1,"4,1,3",True,0
2026-09-17T18:56:44,elo_2800,mimo-v2.5,139,39,"3,1,2",1,"3,1,2",True,0
2026-09-17T18:56:47,elo_2800,mimo-v2.5,120,37,"4,1,3",1,"3,1,2",False,0
2026-09-17T18:56:53,elo_2800,mimo-v2.5,136,38,"4,4,2",1,"4,4,2",True,0
2026-09-17T18:56:55,elo_2800,mimo-v2.5,143,40,"3,2,1",1,"3,2,1",True,0
2026-09-17T18:57:02,elo_2800,mimo-v2.5,124,40,"1,4,1",1,"1,4,1",True,0
2026-09-17T18:57:07,elo_2800,mimo-v2.5,144,36,"2,4,3",1,"2,4,3",True,0
2026-09-17T18:57:15,elo_2800,mimo-v2.5,145,39,"3,3,3",1,"3,3,3",True,0
2026-09-17T18:57:42,elo_2800,mimo-v2.5,148,40,"2,3,1",1,"2,3,1",True,0
2026-09-17T18:57:49,elo_2800,mimo-v2.5,134,41,"4,4,4",1,"4,4,3",False,0
2026-09-17T18:57:53,elo_2800,mimo-v2.5,138,40,"2,3,3",1,"2,1,4",False,0
2026-09-17T18:58:10,elo_2800,mimo-v2.5,147,38,"4,3,4",1,"4,3,4",True,0
2026-09-17T18:58:16,elo_2800,mimo-v2.5,122,38,"2,2,2",1,"2,2,2",True,1
2026-09-17T18:58:20,elo_2800,mimo-v2.5,153,37,"2,2,4",1,"2,2,4",True,0
2026-09-17T18:58:35,elo_2800,mimo-v2.5,152,39,"1,3,3",1,"1,3,3",True,0
2026-09-17T18:58:36,elo_2800,mimo-v2.5,151,37,"4,2,2",1,"4,2,2",True,0
2026-09-17T18:58:43,elo_2800,mimo-v2.5,149,37,"2,2,3",1,"2,2,3",True,0
2026-09-17T18:58:49,elo_2800,mimo-v2.5,150,42,"1,3,2",1,"2,4,4",False,0
2026-09-17T18:58:51,elo_2800,mimo-v2.5,154,36,"1,1,3",1,"1,1,3",True,0
2026-09-17T18:59:01,elo_2800,mimo-v2.5,146,37,"3,3,1",1,"3,3,1",True,0
2026-09-17T18:59:05,elo_2800,mimo-v2.5,157,36,"4,2,2",1,"4,2,2",True,0
2026-09-17T18:59:07,elo_2800,mimo-v2.5,141,40,"4,1,1",1,"3,3,3",False,0
2026-09-17T18:59:20,elo_2800,mimo-v2.5,161,38,"3,2,3",1,"3,2,3",True,0
2026-09-17T18:59:28,elo_2800,mimo-v2.5,155,40,"4,3,2",1,"4,3,2",True,0
2026-09-17T18:59:30,elo_2800,mimo-v2.5,159,37,"3,3,3",1,"3,3,3",True,0
2026-09-17T18:59:48,elo_2800,mimo-v2.5,142,38,"3,1,4",1,"3,1,4",True,1
2026-09-17T18:59:51,elo_2800,mimo-v2.5,166,37,"2,3,4",1,"2,3,4",True,0
2026-09-17T18:59:58,elo_2800,mimo-v2.5,160,41,"1,3,3",1,"1,3,3",True,0
2026-09-17T18:59:59,elo_2800,mimo-v2.5,168,39,"4,4,1",1,"4,4,1",True,0
2026-09-17T19:00:05,elo_2800,mimo-v2.5,165,36,"3,3,3",1,"3,3,3",True,0
2026-09-17T19:00:13,elo_2800,mimo-v2.5,169,41,"2,1,2",1,"2,1,2",True,0
2026-09-17T19:00:25,elo_2800,mimo-v2.5,167,36,"1,1,4",1,"1,1,4",True,0
2026-09-17T19:00:27,elo_2800,mimo-v2.5,170,38,"1,1,2",1,"1,1,2",True,0
2026-09-17T19:00:29,elo_2800,mimo-v2.5,171,36,"4,4,1",1,"4,4,1",True,0
2026-09-17T19:00:48,elo_2800,mimo-v2.5,175,38,"2,3,2",1,"2,3,2",True,0
2026-09-17T19:00:51,elo_2800,mimo-v2.5,163,41,"4,1,4",1,"4,3,2",False,0
2026-09-17T19:01:00,elo_2800,mimo-v2.5,135,40,"4,1,2",1,"4,1,2",True,2
2026-09-17T19:01:05,elo_2800,mimo-v2.5,174,42,"3,1,2",1,"3,1,2",True,0
2026-09-17T19:01:08,elo_2800,mimo-v2.5,177,37,"2,4,1",1,"2,4,1",True,0
2026-09-17T19:01:16,elo_2800,mimo-v2.5,179,37,"4,4,2",1,"4,4,2",True,0
2026-09-17T19:01:21,elo_2800,mimo-v2.5,173,42,"3,3,3",1,"3,3,3",True,1
2026-09-17T19:01:28,elo_2800,mimo-v2.5,178,40,"3,2,2",1,"3,2,2",True,0
2026-09-17T19:01:29,elo_2800,mimo-v2.5,176,41,"4,1,2",1,"4,1,2",True,0
2026-09-17T19:01:36,elo_2800,mimo-v2.5,182,36,"4,1,1",1,"4,1,1",True,0
2026-09-17T19:01:45,elo_2800,mimo-v2.5,185,36,"2,4,1",1,"2,4,1",True,0
2026-09-17T19:02:00,elo_2800,mimo-v2.5,162,41,"4,2,3",1,"4,2,3",True,1
2026-09-17T19:02:01,elo_2800,mimo-v2.5,164,38,"3,3,3",1,"3,3,3",True,1
2026-09-17T19:02:04,elo_2800,mimo-v2.5,183,40,"4,4,4",1,"4,4,4",True,0
2026-09-17T19:02:05,elo_2800,mimo-v2.5,180,40,"2,3,2",1,"2,3,2",True,0
2026-09-17T19:02:08,elo_2800,mimo-v2.5,184,41,"3,2,2",1,"3,2,2",True,0
2026-09-17T19:02:28,elo_2800,mimo-v2.5,188,36,"3,2,3",1,"3,2,3",True,0
2026-09-17T19:02:30,elo_2800,mimo-v2.5,186,38,"3,1,1",1,"3,1,1",True,0
2026-09-17T19:02:33,elo_2800,mimo-v2.5,191,40,"3,3,1",1,"3,3,1",True,0
2026-09-17T19:02:44,elo_2800,mimo-v2.5,192,37,"3,1,4",1,"3,1,4",True,0
2026-09-17T19:02:44,elo_2800,mimo-v2.5,194,41,"2,4,3",1,"2,4,3",True,0
2026-09-17T19:02:57,elo_2800,mimo-v2.5,193,36,"4,2,3",1,"4,2,3",True,0
2026-09-17T19:03:12,elo_2800,mimo-v2.5,190,41,"2,2,2",1,"2,2,2",True,0
2026-09-17T19:03:19,elo_2800,mimo-v2.5,197,41,"2,3,2",1,"2,3,2",True,0
2026-09-17T19:03:22,elo_2800,mimo-v2.5,187,37,"1,1,4",1,"1,1,4",True,0
2026-09-17T19:03:24,elo_2800,mimo-v2.5,196,39,"3,2,4",1,"3,2,4",True,0
2026-09-17T19:03:32,elo_2800,mimo-v2.5,158,37,"1,3,3",1,"1,3,3",True,1
2026-09-17T19:03:42,elo_2800,mimo-v2.5,172,36,"2,4,1",1,"2,4,1",True,1
2026-09-17T19:04:12,elo_2800,mimo-v2.5,198,36,"4,4,4",1,"4,4,4",True,0
2026-09-17T19:04:23,elo_2800,mimo-v2.5,200,41,"2,3,2",1,"2,3,2",True,0
2026-09-17T19:05:07,elo_2800,mimo-v2.5,195,38,"4,2,2",1,"2,2,1",False,1
2026-09-17T19:05:11,elo_2800,mimo-v2.5,199,40,"3,3,2",1,"1,4,3",False,0
2026-09-17T19:05:13,elo_2800,mimo-v2.5,156,37,"4,1,4",1,"4,1,4",True,2
2026-09-17T19:06:28,elo_2800,mimo-v2.5,181,37,"3,2,3",1,"3,2,3",True,2
2026-09-17T19:08:09,elo_2800,mimo-v2.5,189,36,"2,4,4",1,,False,3
2026-09-17T20:31:30,elo_800,mimo-v2.5,6,41,"1,4,4",1,"1,4,4",True,0
2026-09-17T20:31:37,elo_800,mimo-v2.5,1,39,"2,3,2",1,"2,3,2",True,0
2026-09-17T20:31:43,elo_800,mimo-v2.5,7,39,"1,4,4",1,"3,4,4",False,0
2026-09-17T20:31:45,elo_800,mimo-v2.5,3,37,"2,2,3",1,"2,2,3",True,0
2026-09-17T20:31:53,elo_800,mimo-v2.5,2,40,"1,1,1",1,"1,1,1",True,0
2026-09-17T20:31:58,elo_800,mimo-v2.5,8,37,"1,2,3",1,"1,2,3",True,0
2026-09-17T20:32:07,elo_800,mimo-v2.5,5,39,"4,1,4",1,"4,1,4",True,0
2026-09-17T20:32:14,elo_800,mimo-v2.5,13,37,"1,1,4",1,"1,1,4",True,0
2026-09-17T20:32:19,elo_800,mimo-v2.5,14,38,"1,4,3",1,"1,4,3",True,0
2026-09-17T20:32:21,elo_800,mimo-v2.5,15,38,"4,4,2",1,"4,4,2",True,0
2026-09-17T20:32:29,elo_800,mimo-v2.5,10,36,"2,1,1",1,"4,2,1",False,0
2026-09-17T20:32:37,elo_800,mimo-v2.5,17,36,"2,2,2",1,"2,2,2",True,0
2026-09-17T20:32:43,elo_800,mimo-v2.5,16,37,"3,1,2",1,"3,1,2",True,0
2026-09-17T20:32:59,elo_800,mimo-v2.5,18,36,"1,2,4",1,"1,2,4",True,0
2026-09-17T20:33:00,elo_800,mimo-v2.5,19,37,"1,4,4",1,"1,4,4",True,0
2026-09-17T20:33:01,elo_800,mimo-v2.5,22,42,"2,3,3",1,"2,3,3",True,0
2026-09-17T20:33:06,elo_800,mimo-v2.5,20,37,"3,4,3",1,"4,3,4",False,0
2026-09-17T20:33:08,elo_800,mimo-v2.5,25,39,"1,4,4",1,"1,4,4",True,0
2026-09-17T20:33:15,elo_800,mimo-v2.5,4,36,"4,1,1",1,"4,1,1",True,0
2026-09-17T20:33:23,elo_800,mimo-v2.5,11,40,"1,1,2",1,"2,1,2",False,0
2026-09-17T20:33:30,elo_800,mimo-v2.5,28,39,"1,1,1",1,"1,1,1",True,0
2026-09-17T20:33:37,elo_800,mimo-v2.5,24,36,"1,4,1",1,"2,2,2",False,0
2026-09-17T20:33:45,elo_800,mimo-v2.5,29,38,"4,4,4",1,"4,4,4",True,0
2026-09-17T20:33:56,elo_800,mimo-v2.5,30,41,"1,1,1",1,"1,1,1",True,0
2026-09-17T20:33:58,elo_800,mimo-v2.5,23,38,"3,4,2",1,"3,4,2",True,0
2026-09-17T20:33:59,elo_800,mimo-v2.5,33,41,"4,4,1",1,"4,4,1",True,0
2026-09-17T20:33:59,elo_800,mimo-v2.5,26,36,"4,3,2",1,"4,3,2",True,0
2026-09-17T20:34:06,elo_800,mimo-v2.5,27,42,"1,2,2",1,"4,1,1",False,0
2026-09-17T20:34:09,elo_800,mimo-v2.5,21,36,"4,4,4",1,"4,4,4",True,0
2026-09-17T20:34:11,elo_800,mimo-v2.5,35,41,"3,1,1",1,"3,1,1",True,0
2026-09-17T20:34:21,elo_800,mimo-v2.5,9,41,"4,1,4",1,"4,1,4",True,1
2026-09-17T20:34:24,elo_800,mimo-v2.5,40,38,"4,4,1",1,"4,4,1",True,0
2026-09-17T20:34:26,elo_800,mimo-v2.5,31,36,"3,2,3",1,"3,2,3",True,0
2026-09-17T20:34:29,elo_800,mimo-v2.5,34,37,"1,4,4",1,"1,2,2",False,0
2026-09-17T20:34:34,elo_800,mimo-v2.5,44,37,"2,1,2",1,"2,1,2",True,0
2026-09-17T20:34:36,elo_800,mimo-v2.5,12,41,"2,3,3",1,"4,1,1",False,1
2026-09-17T20:34:40,elo_800,mimo-v2.5,45,37,"4,3,2",1,"4,3,2",True,0
2026-09-17T20:34:46,elo_800,mimo-v2.5,41,37,"1,2,1",1,"1,2,1",True,0
2026-09-17T20:34:53,elo_800,mimo-v2.5,42,36,"1,1,4",1,"1,1,4",True,0
2026-09-17T20:35:04,elo_800,mimo-v2.5,36,39,"3,2,2",1,"2,1,1",False,0
2026-09-17T20:35:07,elo_800,mimo-v2.5,37,42,"1,3,2",1,"2,2,2",False,0
2026-09-17T20:35:09,elo_800,mimo-v2.5,39,39,"3,3,4",1,"3,3,4",True,0
2026-09-17T20:35:17,elo_800,mimo-v2.5,50,37,"2,2,2",1,"2,2,2",True,0
2026-09-17T20:35:23,elo_800,mimo-v2.5,38,37,"1,1,4",1,"2,4,3",False,1
2026-09-17T20:35:23,elo_800,mimo-v2.5,51,37,"3,1,4",1,"3,1,4",True,0
2026-09-17T20:35:30,elo_800,mimo-v2.5,53,37,"1,3,3",1,"1,3,3",True,0
2026-09-17T20:35:31,elo_800,mimo-v2.5,43,36,"3,1,1",1,"4,1,3",False,0
2026-09-17T20:35:32,elo_800,mimo-v2.5,54,40,"4,1,3",1,"4,1,3",True,0
2026-09-17T20:35:39,elo_800,mimo-v2.5,47,38,"2,2,4",1,"1,4,2",False,0
2026-09-17T20:35:40,elo_800,mimo-v2.5,56,39,"1,4,1",1,"2,4,3",False,0
2026-09-17T20:35:42,elo_800,mimo-v2.5,48,37,"3,2,3",1,"2,1,2",False,0
2026-09-17T20:35:56,elo_800,mimo-v2.5,55,36,"1,1,1",1,"4,3,4",False,0
2026-09-17T20:36:19,elo_800,mimo-v2.5,49,36,"3,4,3",1,"2,3,3",False,0
2026-09-17T20:36:20,elo_800,mimo-v2.5,52,39,"3,4,4",1,"4,1,4",False,0
2026-09-17T20:36:22,elo_800,mimo-v2.5,46,36,"1,1,1",1,"4,1,2",False,0
2026-09-17T20:36:23,elo_800,mimo-v2.5,60,38,"3,2,2",1,"2,2,3",False,0
2026-09-17T20:36:24,elo_800,mimo-v2.5,57,36,"4,1,4",1,"4,1,4",True,0
2026-09-17T20:36:28,elo_800,mimo-v2.5,32,41,"2,1,1",1,"2,1,1",True,1
2026-09-17T20:36:29,elo_800,mimo-v2.5,59,38,"1,2,3",1,"3,1,3",False,0
2026-09-17T20:36:32,elo_800,mimo-v2.5,62,36,"2,3,2",1,"2,3,2",True,0
2026-09-17T20:36:39,elo_800,mimo-v2.5,65,38,"1,2,4",1,"1,2,4",True,0
2026-09-17T20:36:44,elo_800,mimo-v2.5,64,37,"2,4,1",1,"2,4,1",True,0
2026-09-17T20:36:57,elo_800,mimo-v2.5,72,36,"1,2,4",1,"1,2,4",True,0
2026-09-17T20:36:58,elo_800,mimo-v2.5,70,38,"2,1,1",1,"2,1,1",True,0
2026-09-17T20:36:59,elo_800,mimo-v2.5,71,38,"2,3,1",1,"2,3,1",True,0
2026-09-17T20:37:07,elo_800,mimo-v2.5,69,37,"3,3,3",1,"3,3,3",True,0
2026-09-17T20:37:11,elo_800,mimo-v2.5,68,36,"3,1,3",1,"3,1,3",True,0
2026-09-17T20:37:13,elo_800,mimo-v2.5,63,39,"3,2,1",1,"3,2,1",True,0
2026-09-17T20:37:15,elo_800,mimo-v2.5,73,39,"4,4,4",1,"4,4,4",True,0
2026-09-17T20:37:17,elo_800,mimo-v2.5,77,36,"2,4,1",1,"2,4,1",True,0
2026-09-17T20:37:25,elo_800,mimo-v2.5,61,39,"1,4,2",1,"2,4,3",False,0
2026-09-17T20:37:29,elo_800,mimo-v2.5,67,38,"2,1,2",1,"2,1,2",True,0
2026-09-17T20:37:29,elo_800,mimo-v2.5,78,38,"2,4,1",1,"2,4,1",True,0
2026-09-17T20:37:32,elo_800,mimo-v2.5,79,39,"4,4,1",1,"4,4,1",True,0
2026-09-17T20:37:33,elo_800,mimo-v2.5,66,37,"1,2,4",1,"1,2,4",True,0
2026-09-17T20:37:37,elo_800,mimo-v2.5,74,40,"4,3,2",1,"4,3,2",True,0
2026-09-17T20:37:38,elo_800,mimo-v2.5,82,41,"4,1,3",1,"4,1,3",True,0
2026-09-17T20:37:41,elo_800,mimo-v2.5,75,40,"4,4,3",1,"4,4,3",True,0
2026-09-17T20:37:44,elo_800,mimo-v2.5,84,37,"1,4,2",1,"1,4,2",True,0
2026-09-17T20:37:48,elo_800,mimo-v2.5,58,40,"3,4,2",1,"3,4,2",True,1
2026-09-17T20:37:51,elo_800,mimo-v2.5,80,37,"1,3,4",1,"1,3,4",True,0
2026-09-17T20:38:03,elo_800,mimo-v2.5,85,36,"4,4,1",1,"4,4,1",True,0
2026-09-17T20:38:06,elo_800,mimo-v2.5,89,37,"2,3,1",1,"2,3,1",True,0
2026-09-17T20:38:08,elo_800,mimo-v2.5,92,39,"1,1,3",1,"1,1,3",True,0
2026-09-17T20:38:10,elo_800,mimo-v2.5,76,36,"1,2,2",1,"1,2,2",True,0
2026-09-17T20:38:11,elo_800,mimo-v2.5,93,37,"4,4,3",1,"4,4,3",True,0
2026-09-17T20:38:12,elo_800,mimo-v2.5,81,41,"2,4,2",1,"2,3,2",False,0
2026-09-17T20:38:20,elo_800,mimo-v2.5,83,36,"3,2,1",1,"2,2,4",False,0
2026-09-17T20:38:24,elo_800,mimo-v2.5,90,37,"4,4,1",1,"4,4,1",True,0
2026-09-17T20:38:28,elo_800,mimo-v2.5,88,36,"3,4,3",1,"3,4,3",True,0
2026-09-17T20:38:44,elo_800,mimo-v2.5,91,38,"1,4,2",1,"1,3,1",False,0
2026-09-17T20:38:45,elo_800,mimo-v2.5,96,37,"3,2,3",1,"3,2,3",True,0
2026-09-17T20:38:46,elo_800,mimo-v2.5,87,36,"3,2,3",1,"2,3,4",False,0
2026-09-17T20:38:49,elo_800,mimo-v2.5,94,38,"4,4,4",1,"4,4,4",True,0
2026-09-17T20:38:50,elo_800,mimo-v2.5,102,37,"3,3,4",1,"3,3,4",True,0
2026-09-17T20:38:51,elo_800,mimo-v2.5,95,38,"2,2,2",1,"2,2,2",True,0
2026-09-17T20:38:53,elo_800,mimo-v2.5,86,41,"2,2,3",1,"2,2,3",True,0
2026-09-17T20:38:55,elo_800,mimo-v2.5,101,37,"1,3,4",1,"1,3,4",True,0
2026-09-17T20:39:01,elo_800,mimo-v2.5,103,37,"3,2,3",1,"3,2,3",True,0
2026-09-17T20:39:03,elo_800,mimo-v2.5,99,40,"4,4,3",1,"4,4,3",True,0
2026-09-17T20:39:05,elo_800,mimo-v2.5,105,39,"1,1,4",1,"1,1,4",True,0
2026-09-17T20:39:10,elo_800,mimo-v2.5,110,41,"4,2,1",1,"4,2,1",True,0
2026-09-17T20:39:12,elo_800,mimo-v2.5,107,40,"4,4,1",1,"4,4,1",True,0
2026-09-17T20:39:15,elo_800,mimo-v2.5,98,36,"1,2,3",1,"3,4,4",False,0
2026-09-17T20:39:19,elo_800,mimo-v2.5,97,36,"2,4,3",1,"2,4,3",True,0
2026-09-17T20:39:32,elo_800,mimo-v2.5,106,42,"1,4,4",1,"1,4,4",True,1
2026-09-17T20:39:45,elo_800,mimo-v2.5,100,38,"3,4,4",1,"3,2,1",False,0
2026-09-17T20:39:46,elo_800,mimo-v2.5,113,41,"4,4,1",1,"4,4,1",True,0
2026-09-17T20:39:50,elo_800,mimo-v2.5,111,37,"2,1,2",1,"2,1,2",True,0
2026-09-17T20:39:54,elo_800,mimo-v2.5,116,38,"3,4,2",1,"3,4,2",True,0
2026-09-17T20:40:01,elo_800,mimo-v2.5,109,38,"2,3,2",1,"3,3,1",False,0
2026-09-17T20:40:06,elo_800,mimo-v2.5,115,38,"1,3,3",1,"1,3,3",True,0
2026-09-17T20:40:17,elo_800,mimo-v2.5,122,38,"3,2,1",1,"3,2,1",True,0
2026-09-17T20:40:18,elo_800,mimo-v2.5,118,38,"1,2,2",1,"1,2,2",True,0
2026-09-17T20:40:23,elo_800,mimo-v2.5,120,36,"1,1,1",1,"1,1,1",True,0
2026-09-17T20:40:44,elo_800,mimo-v2.5,104,38,"2,2,3",1,"1,1,2",False,0
2026-09-17T20:40:45,elo_800,mimo-v2.5,114,36,"4,2,1",1,"4,2,1",True,0
2026-09-17T20:40:47,elo_800,mimo-v2.5,108,37,"3,2,1",1,"3,2,1",True,0
2026-09-17T20:40:48,elo_800,mimo-v2.5,124,37,"3,2,1",1,"3,2,1",True,0
2026-09-17T20:40:49,elo_800,mimo-v2.5,125,38,"1,3,4",1,"1,3,4",True,0
2026-09-17T20:40:50,elo_800,mimo-v2.5,121,37,"3,2,3",1,"3,2,3",True,0
2026-09-17T20:40:55,elo_800,mimo-v2.5,123,38,"3,2,3",1,"3,2,3",True,0
2026-09-17T20:40:56,elo_800,mimo-v2.5,119,38,"4,2,2",1,"2,3,4",False,0
2026-09-17T20:40:58,elo_800,mimo-v2.5,112,38,"3,3,2",1,"4,1,1",False,0
2026-09-17T20:41:00,elo_800,mimo-v2.5,127,37,"1,3,2",1,"1,3,2",True,0
2026-09-17T20:41:11,elo_800,mimo-v2.5,135,40,"3,1,1",1,"3,1,1",True,0
2026-09-17T20:41:16,elo_800,mimo-v2.5,117,37,"1,2,1",1,"1,2,1",True,0
2026-09-17T20:41:17,elo_800,mimo-v2.5,129,38,"4,1,1",1,"4,1,1",True,0
2026-09-17T20:41:21,elo_800,mimo-v2.5,130,36,"1,3,1",1,"1,3,1",True,1
2026-09-17T20:41:22,elo_800,mimo-v2.5,136,36,"2,1,2",1,"2,1,2",True,0
2026-09-17T20:41:23,elo_800,mimo-v2.5,131,37,"4,3,1",1,"4,3,1",True,0
2026-09-17T20:41:24,elo_800,mimo-v2.5,128,37,"2,3,3",1,"2,3,3",True,0
2026-09-17T20:41:24,elo_800,mimo-v2.5,138,36,"4,1,3",1,"4,1,3",True,0
2026-09-17T20:41:30,elo_800,mimo-v2.5,141,38,"1,4,1",1,"1,4,1",True,0
2026-09-17T20:41:38,elo_800,mimo-v2.5,143,38,"1,3,2",1,"1,3,2",True,0
2026-09-17T20:41:42,elo_800,mimo-v2.5,134,39,"2,3,4",1,"2,3,4",True,0
2026-09-17T20:41:43,elo_800,mimo-v2.5,142,39,"4,1,1",1,"4,1,1",True,0
2026-09-17T20:41:45,elo_800,mimo-v2.5,139,39,"1,3,3",1,"1,3,3",True,0
2026-09-17T20:41:50,elo_800,mimo-v2.5,132,36,"3,2,2",1,"3,2,2",True,0
2026-09-17T20:41:53,elo_800,mimo-v2.5,140,36,"3,4,3",1,"4,1,3",False,0
2026-09-17T20:41:53,elo_800,mimo-v2.5,148,36,"1,3,4",1,"1,3,4",True,0
2026-09-17T20:41:55,elo_800,mimo-v2.5,133,37,"4,3,3",1,"4,3,3",True,0
2026-09-17T20:41:55,elo_800,mimo-v2.5,144,38,"3,3,2",1,"3,3,2",True,0
2026-09-17T20:41:57,elo_800,mimo-v2.5,145,41,"1,1,4",1,"1,1,4",True,0
2026-09-17T20:41:57,elo_800,mimo-v2.5,126,36,"3,1,4",1,"3,1,4",True,0
2026-09-17T20:41:58,elo_800,mimo-v2.5,149,39,"1,4,4",1,"1,4,4",True,0
2026-09-17T20:42:06,elo_800,mimo-v2.5,152,37,"1,3,2",1,"1,3,2",True,0
2026-09-17T20:42:07,elo_800,mimo-v2.5,137,41,"3,2,4",1,"3,2,4",True,0
2026-09-17T20:42:08,elo_800,mimo-v2.5,147,38,"3,4,4",1,"3,4,4",True,0
2026-09-17T20:42:09,elo_800,mimo-v2.5,146,39,"4,2,4",1,"4,2,4",True,0
2026-09-17T20:42:17,elo_800,mimo-v2.5,158,42,"1,4,3",1,"1,4,3",True,0
2026-09-17T20:42:18,elo_800,mimo-v2.5,151,36,"4,4,4",1,"4,4,4",True,0
2026-09-17T20:42:20,elo_800,mimo-v2.5,150,40,"3,1,3",1,"3,1,3",True,1
2026-09-17T20:42:21,elo_800,mimo-v2.5,155,39,"1,1,2",1,"1,1,2",True,0
2026-09-17T20:42:22,elo_800,mimo-v2.5,160,41,"1,3,4",1,"1,3,4",True,0
2026-09-17T20:42:26,elo_800,mimo-v2.5,159,39,"1,3,4",1,"1,3,4",True,0
2026-09-17T20:42:29,elo_800,mimo-v2.5,156,38,"2,4,2",1,"4,4,4",False,0
2026-09-17T20:42:29,elo_800,mimo-v2.5,154,36,"1,3,2",1,"2,2,4",False,0
2026-09-17T20:42:30,elo_800,mimo-v2.5,157,37,"3,1,4",1,"3,1,4",True,0
2026-09-17T20:42:34,elo_800,mimo-v2.5,164,39,"1,2,4",1,"1,2,4",True,0
2026-09-17T20:42:35,elo_800,mimo-v2.5,165,39,"1,1,1",1,"1,1,1",True,0
2026-09-17T20:42:42,elo_800,mimo-v2.5,153,39,"2,3,3",1,"2,3,3",True,0
2026-09-17T20:42:48,elo_800,mimo-v2.5,170,40,"3,2,4",1,"3,2,4",True,0
2026-09-17T20:42:51,elo_800,mimo-v2.5,161,36,"1,1,2",1,"2,3,3",False,0
2026-09-17T20:42:52,elo_800,mimo-v2.5,172,40,"1,4,3",1,"1,4,3",True,0
2026-09-17T20:42:53,elo_800,mimo-v2.5,163,37,"4,2,1",1,"4,2,1",True,1
2026-09-17T20:42:57,elo_800,mimo-v2.5,169,39,"2,4,2",1,"2,4,2",True,0
2026-09-17T20:43:01,elo_800,mimo-v2.5,174,39,"2,1,3",1,"2,1,3",True,0
2026-09-17T20:43:02,elo_800,mimo-v2.5,166,39,"3,3,3",1,"3,3,3",True,0
2026-09-17T20:43:04,elo_800,mimo-v2.5,176,41,"3,3,3",1,"3,3,3",True,0
2026-09-17T20:43:08,elo_800,mimo-v2.5,168,38,"3,2,4",1,"3,2,4",True,0
2026-09-17T20:43:09,elo_800,mimo-v2.5,167,38,"3,4,3",1,"2,2,1",False,0
2026-09-17T20:43:10,elo_800,mimo-v2.5,178,39,"4,3,1",1,"4,3,1",True,0
2026-09-17T20:43:11,elo_800,mimo-v2.5,182,36,"1,2,2",1,"1,3,4",False,0
2026-09-17T20:43:16,elo_800,mimo-v2.5,173,37,"3,3,3",1,"3,3,3",True,0
2026-09-17T20:43:17,elo_800,mimo-v2.5,180,36,"2,3,4",1,"2,3,4",True,0
2026-09-17T20:43:26,elo_800,mimo-v2.5,179,37,"3,1,4",1,"3,1,4",True,0
2026-09-17T20:43:33,elo_800,mimo-v2.5,175,36,"1,3,4",1,"1,3,4",True,1
2026-09-17T20:43:34,elo_800,mimo-v2.5,177,37,"3,1,4",1,"3,1,4",True,0
2026-09-17T20:43:36,elo_800,mimo-v2.5,186,40,"3,1,4",1,"3,1,4",True,0
2026-09-17T20:43:37,elo_800,mimo-v2.5,183,38,"1,4,4",1,"1,4,4",True,0
2026-09-17T20:43:44,elo_800,mimo-v2.5,190,41,"4,2,3",1,"4,2,3",True,0
2026-09-17T20:43:48,elo_800,mimo-v2.5,189,38,"4,1,3",1,"4,1,3",True,0
2026-09-17T20:43:49,elo_800,mimo-v2.5,181,36,"3,4,3",1,"3,4,3",True,0
2026-09-17T20:43:54,elo_800,mimo-v2.5,188,37,"4,3,2",1,"4,3,2",True,0
2026-09-17T20:43:54,elo_800,mimo-v2.5,192,38,"4,4,4",1,"4,4,4",True,0
2026-09-17T20:43:58,elo_800,mimo-v2.5,185,39,"3,2,4",1,"3,2,4",True,0
2026-09-17T20:43:59,elo_800,mimo-v2.5,187,42,"2,4,4",1,"2,4,4",True,0
2026-09-17T20:44:03,elo_800,mimo-v2.5,197,37,"4,2,3",1,"4,2,3",True,0
2026-09-17T20:44:09,elo_800,mimo-v2.5,198,40,"4,2,4",1,"4,2,4",True,0
2026-09-17T20:44:10,elo_800,mimo-v2.5,199,37,"4,4,3",1,"4,4,3",True,0
2026-09-17T20:44:13,elo_800,mimo-v2.5,194,37,"4,3,4",1,"4,3,4",True,0
2026-09-17T20:44:15,elo_800,mimo-v2.5,200,36,"2,2,3",1,"2,2,3",True,0
2026-09-17T20:44:16,elo_800,mimo-v2.5,171,37,"3,3,4",1,"1,1,4",False,0
2026-09-17T20:44:17,elo_800,mimo-v2.5,196,42,"4,1,3",1,"4,1,3",True,0
2026-09-17T20:44:20,elo_800,mimo-v2.5,184,37,"3,2,4",1,"3,2,4",True,1
2026-09-17T20:44:35,elo_800,mimo-v2.5,193,38,"2,3,4",1,"2,3,4",True,1
2026-09-17T20:44:36,elo_800,mimo-v2.5,195,42,"1,2,1",1,"3,3,2",False,0
2026-09-17T20:45:03,elo_800,mimo-v2.5,191,40,"2,2,2",1,"2,2,2",True,0
2026-09-17T20:45:11,elo_800,mimo-v2.5,162,38,"1,3,3",1,"2,4,2",False,1
2026-09-17T20:45:27,elo_1800,mimo-v2.5,6,41,"1,4,4",1,"1,4,4",True,0
2026-09-17T20:45:32,elo_1800,mimo-v2.5,2,40,"1,1,1",1,"1,1,1",True,0
2026-09-17T20:45:39,elo_1800,mimo-v2.5,9,41,"4,1,4",1,"4,1,4",True,0
2026-09-17T20:45:43,elo_1800,mimo-v2.5,8,37,"1,2,3",1,"1,2,3",True,0
2026-09-17T20:46:04,elo_1800,mimo-v2.5,4,36,"4,1,1",1,"4,1,1",True,0
2026-09-17T20:46:14,elo_1800,mimo-v2.5,15,38,"4,4,2",1,"4,4,2",True,0
2026-09-17T20:46:22,elo_1800,mimo-v2.5,16,37,"3,1,2",1,"3,1,2",True,0
2026-09-17T20:46:41,elo_1800,mimo-v2.5,13,37,"1,1,4",1,"4,2,2",False,0
2026-09-17T20:46:43,elo_1800,mimo-v2.5,14,38,"1,4,3",1,"1,4,3",True,0
2026-09-17T20:46:44,elo_1800,mimo-v2.5,7,39,"1,4,4",1,"3,2,3",False,0
2026-09-17T20:46:56,elo_1800,mimo-v2.5,11,40,"1,1,2",1,"2,4,4",False,0
2026-09-17T20:56:10,elo_1800,mimo-v2.5,10,36,"2,1,1",1,"2,1,1",True,0
2026-09-17T20:56:45,elo_1800,mimo-v2.5,21,36,"4,4,4",1,"4,1,1",False,1
2026-09-17T20:57:20,elo_1800,mimo-v2.5,23,38,"3,4,2",1,"3,4,2",True,0
2026-09-17T20:57:42,elo_1800,mimo-v2.5,24,36,"1,4,1",1,"1,4,1",True,0
2026-09-17T20:57:48,elo_1800,mimo-v2.5,22,42,"2,3,3",1,"2,3,3",True,0
2026-09-17T20:59:06,elo_1800,mimo-v2.5,26,36,"4,3,2",1,"4,3,2",True,0
2026-09-17T21:00:07,elo_1800,mimo-v2.5,27,42,"1,2,2",1,"1,2,2",True,0
2026-09-17T21:01:31,elo_1800,mimo-v2.5,25,39,"1,4,4",1,"3,1,2",False,1
2026-09-17T21:01:48,elo_1800,mimo-v2.5,28,39,"1,1,1",1,"1,1,1",True,0
2026-09-17T21:02:59,elo_1800,mimo-v2.5,30,41,"1,1,1",1,"1,1,1",True,0
2026-09-17T21:05:13,elo_1800,mimo-v2.5,31,36,"3,2,3",1,"3,2,3",True,0
2026-09-17T21:05:19,elo_1800,mimo-v2.5,1,39,"2,3,2",1,"2,3,2",True,0
2026-09-17T21:05:43,elo_1800,mimo-v2.5,33,41,"4,4,1",1,"4,4,1",True,0
2026-09-17T21:06:21,elo_1800,mimo-v2.5,34,37,"1,4,4",1,"1,4,4",True,0
2026-09-17T21:07:10,elo_1800,mimo-v2.5,35,41,"3,1,1",1,"3,1,1",True,0
2026-09-17T21:08:03,elo_1800,mimo-v2.5,29,38,"4,4,4",1,"3,1,2",False,0
2026-09-17T21:08:46,elo_1800,mimo-v2.5,20,37,"3,4,3",1,"3,4,3",True,0
2026-09-17T21:08:59,elo_1800,mimo-v2.5,18,36,"1,2,4",1,"1,2,4",True,0
2026-09-17T21:09:36,elo_1800,mimo-v2.5,12,41,"2,3,3",1,"4,1,1",False,0
2026-09-17T21:09:36,elo_1800,mimo-v2.5,32,41,"2,1,1",1,"2,1,1",True,0
2026-09-17T21:10:14,elo_1800,mimo-v2.5,37,42,"1,3,2",1,"1,3,2",True,0
2026-09-17T21:10:21,elo_1800,mimo-v2.5,36,39,"3,2,2",1,"3,2,2",True,0
2026-09-17T21:10:39,elo_1800,mimo-v2.5,41,37,"1,2,1",1,"1,2,1",True,0
2026-09-17T21:10:41,elo_1800,mimo-v2.5,19,37,"1,4,4",1,"2,3,4",False,0
2026-09-17T21:10:53,elo_1800,mimo-v2.5,43,36,"3,1,1",1,"3,1,1",True,0
2026-09-17T21:11:52,elo_1800,mimo-v2.5,44,37,"2,1,2",1,"2,1,2",True,0
2026-09-17T21:11:55,elo_1800,mimo-v2.5,45,37,"4,3,2",1,"4,3,2",True,0
2026-09-17T21:12:52,elo_1800,mimo-v2.5,39,39,"3,3,4",1,"2,2,1",False,0
2026-09-17T21:13:16,elo_1800,mimo-v2.5,47,38,"2,2,4",1,"2,2,4",True,0
2026-09-17T21:13:36,elo_1800,mimo-v2.5,38,37,"1,1,4",1,"1,3,4",False,0
2026-09-17T21:13:37,elo_1800,mimo-v2.5,40,38,"4,4,1",1,"4,4,1",True,0
2026-09-17T21:13:47,elo_1800,mimo-v2.5,49,36,"3,4,3",1,"3,4,3",True,0
2026-09-17T21:14:04,elo_1800,mimo-v2.5,3,37,"2,2,3",1,"2,2,3",True,2
2026-09-17T21:14:06,elo_1800,mimo-v2.5,17,36,"2,2,2",1,"2,2,2",True,1
2026-09-17T21:14:13,elo_1800,mimo-v2.5,52,39,"3,4,4",1,"4,1,4",False,0
2026-09-17T21:14:46,elo_1800,mimo-v2.5,48,37,"3,2,3",1,"1,4,2",False,0
2026-09-17T21:14:56,elo_1800,mimo-v2.5,54,40,"4,1,3",1,"4,1,3",True,0
2026-09-17T21:15:36,elo_1800,mimo-v2.5,53,37,"1,3,3",1,"1,3,3",True,0
2026-09-17T21:15:43,elo_1800,mimo-v2.5,46,36,"1,1,1",1,"4,2,3",False,0
2026-09-17T21:15:57,elo_1800,mimo-v2.5,51,37,"3,1,4",1,"3,1,4",True,0
2026-09-17T21:16:10,elo_1800,mimo-v2.5,50,37,"2,2,2",1,"2,2,2",True,0
2026-09-17T21:16:23,elo_1800,mimo-v2.5,58,40,"3,4,2",1,"4,2,1",False,0
2026-09-17T21:16:27,elo_1800,mimo-v2.5,62,36,"2,3,2",1,"3,3,2",False,0
2026-09-17T21:16:43,elo_1800,mimo-v2.5,55,36,"1,1,1",1,"1,1,1",True,0
2026-09-17T21:17:01,elo_1800,mimo-v2.5,5,39,"4,1,4",1,,False,3
2026-09-17T21:17:07,elo_1800,mimo-v2.5,59,38,"1,2,3",1,"1,2,3",True,0
2026-09-17T21:17:16,elo_1800,mimo-v2.5,42,36,"1,1,4",1,"1,1,4",True,1
2026-09-17T21:17:24,elo_1800,mimo-v2.5,65,38,"1,2,4",1,"1,2,4",True,0
2026-09-17T21:18:01,elo_1800,mimo-v2.5,60,38,"3,2,2",1,"3,2,2",True,0
2026-09-17T21:18:13,elo_1800,mimo-v2.5,61,39,"1,4,2",1,"1,4,2",True,0
2026-09-17T21:18:47,elo_1800,mimo-v2.5,71,38,"2,3,1",1,"2,3,1",True,0
2026-09-17T21:18:48,elo_1800,mimo-v2.5,64,37,"2,4,1",1,"2,4,1",True,0
2026-09-17T21:18:55,elo_1800,mimo-v2.5,70,38,"2,1,1",1,"2,1,1",True,0
2026-09-17T21:18:59,elo_1800,mimo-v2.5,66,37,"1,2,4",1,"2,4,1",False,0
2026-09-17T21:19:22,elo_1800,mimo-v2.5,56,39,"1,4,1",1,"2,4,3",False,0
2026-09-17T21:19:22,elo_1800,mimo-v2.5,63,39,"3,2,1",1,"3,2,1",True,0
2026-09-17T21:20:43,elo_1800,mimo-v2.5,72,36,"1,2,4",1,"1,2,4",True,0
2026-09-17T21:20:48,elo_1800,mimo-v2.5,68,36,"3,1,3",1,"2,2,3",False,0
2026-09-17T21:21:15,elo_1800,mimo-v2.5,74,40,"4,3,2",1,"2,4,2",False,0
2026-09-17T21:21:21,elo_1800,mimo-v2.5,77,36,"2,4,1",1,"2,4,1",True,0
2026-09-17T21:21:21,elo_1800,mimo-v2.5,69,37,"3,3,3",1,"3,3,3",True,0
2026-09-17T21:21:34,elo_1800,mimo-v2.5,67,38,"2,1,2",1,"2,1,2",True,0
2026-09-17T21:21:52,elo_1800,mimo-v2.5,82,41,"4,1,3",1,"4,1,3",True,0
2026-09-17T21:21:58,elo_1800,mimo-v2.5,73,39,"4,4,4",1,"4,4,1",False,0
2026-09-17T21:22:41,elo_1800,mimo-v2.5,84,37,"1,4,2",1,"1,4,2",True,0
2026-09-17T21:22:58,elo_1800,mimo-v2.5,81,41,"2,4,2",1,"2,4,2",True,0
2026-09-17T21:23:04,elo_1800,mimo-v2.5,78,38,"2,4,1",1,"2,4,1",True,0
2026-09-17T21:23:09,elo_1800,mimo-v2.5,57,36,"4,1,4",1,"3,3,1",False,1
2026-09-17T21:23:17,elo_1800,mimo-v2.5,80,37,"1,3,4",1,"1,3,4",True,0
2026-09-17T21:23:26,elo_1800,mimo-v2.5,76,36,"1,2,2",1,"2,2,2",False,0
2026-09-17T21:23:28,elo_1800,mimo-v2.5,89,37,"2,3,1",1,"2,3,1",True,0
2026-09-17T21:23:33,elo_1800,mimo-v2.5,83,36,"3,2,1",1,"3,2,1",True,0
2026-09-17T21:23:46,elo_1800,mimo-v2.5,85,36,"4,4,1",1,"4,4,1",True,0
2026-09-17T21:23:57,elo_1800,mimo-v2.5,91,38,"1,4,2",1,"1,4,2",True,0
2026-09-17T21:24:01,elo_1800,mimo-v2.5,93,37,"4,4,3",1,"4,4,3",True,0
2026-09-17T21:24:14,elo_1800,mimo-v2.5,90,37,"4,4,1",1,"4,4,1",True,0
2026-09-17T21:24:23,elo_1800,mimo-v2.5,79,39,"4,4,1",1,"4,4,1",True,0
2026-09-17T21:24:48,elo_1800,mimo-v2.5,88,36,"3,4,3",1,"3,4,3",True,0
2026-09-17T21:24:52,elo_1800,mimo-v2.5,92,39,"1,1,3",1,"1,1,3",True,0
2026-09-17T21:25:07,elo_1800,mimo-v2.5,95,38,"2,2,2",1,"2,2,2",True,0
2026-09-17T21:25:09,elo_1800,mimo-v2.5,94,38,"4,4,4",1,"4,4,4",True,0
2026-09-17T21:25:21,elo_1800,mimo-v2.5,87,36,"3,2,3",1,"3,2,3",True,0
2026-09-17T21:25:41,elo_1800,mimo-v2.5,96,37,"3,2,3",1,"3,2,3",True,0
2026-09-17T21:25:47,elo_1800,mimo-v2.5,101,37,"1,3,4",1,"1,3,4",True,0
2026-09-17T21:25:49,elo_1800,mimo-v2.5,98,36,"1,2,3",1,"1,2,3",True,0
2026-09-17T21:25:49,elo_1800,mimo-v2.5,102,37,"3,3,4",1,"3,3,4",True,0
2026-09-17T21:26:06,elo_1800,mimo-v2.5,75,40,"4,4,3",1,"4,4,3",True,1
2026-09-17T21:26:06,elo_1800,mimo-v2.5,105,39,"1,1,4",1,"3,2,2",False,0
2026-09-17T21:26:13,elo_1800,mimo-v2.5,99,40,"4,4,3",1,"4,4,3",True,0
2026-09-17T21:26:41,elo_1800,mimo-v2.5,110,41,"4,2,1",1,"3,1,1",False,0
2026-09-17T21:26:50,elo_1800,mimo-v2.5,104,38,"2,2,3",1,"2,2,3",True,0
2026-09-17T21:26:51,elo_1800,mimo-v2.5,107,40,"4,4,1",1,"4,4,1",True,0
2026-09-17T21:26:56,elo_1800,mimo-v2.5,106,42,"1,4,4",1,"2,1,4",False,0
2026-09-17T21:26:59,elo_1800,mimo-v2.5,100,38,"3,4,4",1,"3,4,4",True,0
2026-09-17T21:27:12,elo_1800,mimo-v2.5,103,37,"3,2,3",1,"3,2,3",True,0
2026-09-17T21:27:15,elo_1800,mimo-v2.5,113,41,"4,4,1",1,"4,4,1",True,0
2026-09-17T21:27:48,elo_1800,mimo-v2.5,111,37,"2,1,2",1,"2,4,1",False,0
2026-09-17T21:27:54,elo_1800,mimo-v2.5,109,38,"2,3,2",1,"2,3,2",True,0
2026-09-17T21:28:22,elo_1800,mimo-v2.5,118,38,"1,2,2",1,"1,2,2",True,0
2026-09-17T21:28:46,elo_1800,mimo-v2.5,114,36,"4,2,1",1,"4,2,1",True,0
2026-09-17T21:28:47,elo_1800,mimo-v2.5,116,38,"3,4,2",1,"3,4,2",True,0
2026-09-17T21:28:59,elo_1800,mimo-v2.5,97,36,"2,4,3",1,"2,4,3",True,0
2026-09-17T21:29:00,elo_1800,mimo-v2.5,108,37,"3,2,1",1,"4,1,3",False,0
2026-09-17T21:29:31,elo_1800,mimo-v2.5,122,38,"3,2,1",1,"3,2,1",True,0
2026-09-17T21:30:15,elo_1800,mimo-v2.5,124,37,"3,2,1",1,"3,2,1",True,0
2026-09-17T21:30:22,elo_1800,mimo-v2.5,86,41,"2,2,3",1,"2,2,3",True,1
2026-09-17T21:30:52,elo_1800,mimo-v2.5,115,38,"1,3,3",1,"1,3,3",True,0
2026-09-17T21:31:12,elo_1800,mimo-v2.5,126,36,"3,1,4",1,"3,1,4",True,0
2026-09-17T21:31:48,elo_1800,mimo-v2.5,127,37,"1,3,2",1,"1,3,2",True,0
2026-09-17T21:31:49,elo_1800,mimo-v2.5,129,38,"4,1,1",1,"4,1,1",True,0
2026-09-17T21:31:57,elo_1800,mimo-v2.5,125,38,"1,3,4",1,"3,2,2",False,0
2026-09-17T21:31:59,elo_1800,mimo-v2.5,117,37,"1,2,1",1,"1,2,1",True,0
2026-09-17T21:32:03,elo_1800,mimo-v2.5,130,36,"1,3,1",1,"1,3,1",True,0
2026-09-17T21:32:27,elo_1800,mimo-v2.5,120,36,"1,1,1",1,"3,3,2",False,0
2026-09-17T21:33:09,elo_1800,mimo-v2.5,128,37,"2,3,3",1,"4,1,1",False,0
2026-09-17T21:34:08,elo_1800,mimo-v2.5,119,38,"4,2,2",1,"2,1,3",False,0
2026-09-17T21:34:09,elo_1800,mimo-v2.5,121,37,"3,2,3",1,"3,2,3",True,0
2026-09-17T21:34:21,elo_1800,mimo-v2.5,131,37,"4,3,1",1,"4,3,1",True,0
2026-09-17T21:34:35,elo_1800,mimo-v2.5,136,36,"2,1,2",1,"2,3,3",False,0
2026-09-17T21:34:59,elo_1800,mimo-v2.5,138,36,"4,1,3",1,"4,1,3",True,0
2026-09-17T21:35:08,elo_1800,mimo-v2.5,139,39,"1,3,3",1,"1,3,3",True,0
2026-09-17T21:35:31,elo_1800,mimo-v2.5,134,39,"2,3,4",1,"4,1,4",False,0
2026-09-17T21:35:40,elo_1800,mimo-v2.5,135,40,"3,1,1",1,"4,1,2",False,0
2026-09-17T21:35:56,elo_1800,mimo-v2.5,137,41,"3,2,4",1,"3,2,4",True,0
2026-09-17T21:36:13,elo_1800,mimo-v2.5,145,41,"1,1,4",1,"1,1,4",True,0
2026-09-17T21:36:21,elo_1800,mimo-v2.5,133,37,"4,3,3",1,"1,4,4",False,0
2026-09-17T21:36:47,elo_1800,mimo-v2.5,112,38,"3,3,2",1,"3,3,2",True,1
2026-09-17T21:36:54,elo_1800,mimo-v2.5,142,39,"4,1,1",1,"4,1,1",True,0
2026-09-17T21:37:00,elo_1800,mimo-v2.5,141,38,"1,4,1",1,"1,4,1",True,0
2026-09-17T21:37:11,elo_1800,mimo-v2.5,148,36,"1,3,4",1,"1,3,4",True,0
2026-09-17T21:37:12,elo_1800,mimo-v2.5,143,38,"1,3,2",1,"1,3,2",True,0
2026-09-17T21:37:40,elo_1800,mimo-v2.5,146,39,"4,2,4",1,"4,2,4",True,0
2026-09-17T21:37:42,elo_1800,mimo-v2.5,150,40,"3,1,3",1,"3,1,3",True,0
2026-09-17T21:38:10,elo_1800,mimo-v2.5,152,37,"1,3,2",1,"1,3,2",True,0
2026-09-17T21:38:41,elo_1800,mimo-v2.5,155,39,"1,1,2",1,"1,1,2",True,0
2026-09-17T21:38:53,elo_1800,mimo-v2.5,149,39,"1,4,4",1,"1,4,4",True,0
2026-09-17T21:39:17,elo_1800,mimo-v2.5,144,38,"3,3,2",1,"3,3,2",True,0
2026-09-17T21:39:48,elo_1800,mimo-v2.5,158,42,"1,4,3",1,"1,4,3",True,0
2026-09-17T21:40:01,elo_1800,mimo-v2.5,123,38,"3,2,3",1,"3,2,3",True,0
2026-09-17T21:40:01,elo_1800,mimo-v2.5,154,36,"1,3,2",1,"4,4,4",False,0
2026-09-17T21:40:29,elo_1800,mimo-v2.5,159,39,"1,3,4",1,"1,3,4",True,0
2026-09-17T21:40:33,elo_1800,mimo-v2.5,160,41,"1,3,4",1,"1,3,4",True,0
2026-09-17T21:40:35,elo_1800,mimo-v2.5,153,39,"2,3,3",1,"2,3,3",True,1
2026-09-17T21:40:50,elo_1800,mimo-v2.5,140,36,"3,4,3",1,"2,2,2",False,1
2026-09-17T21:40:59,elo_1800,mimo-v2.5,156,38,"2,4,2",1,"2,4,2",True,0
2026-09-17T21:41:28,elo_1800,mimo-v2.5,165,39,"1,1,1",1,"1,1,1",True,0
2026-09-17T21:41:41,elo_1800,mimo-v2.5,163,37,"4,2,1",1,"4,2,1",True,0
2026-09-17T21:42:13,elo_1800,mimo-v2.5,162,38,"1,3,3",1,"1,3,3",True,0
2026-09-17T21:42:36,elo_1800,mimo-v2.5,164,39,"1,2,4",1,"1,2,4",True,0
2026-09-17T21:42:44,elo_1800,mimo-v2.5,132,36,"3,2,2",1,"3,2,2",True,1
2026-09-17T21:43:00,elo_1800,mimo-v2.5,166,39,"3,3,3",1,"3,3,3",True,0
2026-09-17T21:43:11,elo_1800,mimo-v2.5,168,38,"3,2,4",1,"3,2,4",True,0
2026-09-17T21:43:29,elo_1800,mimo-v2.5,172,40,"1,4,3",1,"1,4,3",True,0
2026-09-17T21:43:29,elo_1800,mimo-v2.5,167,38,"3,4,3",1,"3,4,3",True,0
2026-09-17T21:43:59,elo_1800,mimo-v2.5,169,39,"2,4,2",1,"2,4,2",True,0
2026-09-17T21:44:18,elo_1800,mimo-v2.5,175,36,"1,3,4",1,"1,3,4",True,0
2026-09-17T21:44:47,elo_1800,mimo-v2.5,174,39,"2,1,3",1,"2,1,3",True,0
2026-09-17T21:44:58,elo_1800,mimo-v2.5,151,36,"4,4,4",1,"4,4,4",True,1
2026-09-17T21:45:01,elo_1800,mimo-v2.5,171,37,"3,3,4",1,"3,3,4",True,0
2026-09-17T21:45:22,elo_1800,mimo-v2.5,147,38,"3,4,4",1,"3,4,4",True,1
2026-09-17T21:45:25,elo_1800,mimo-v2.5,170,40,"3,2,4",1,"3,3,1",False,0
2026-09-17T21:45:28,elo_1800,mimo-v2.5,180,36,"2,3,4",1,"2,3,4",True,0
2026-09-17T21:45:30,elo_1800,mimo-v2.5,176,41,"3,3,3",1,"3,3,3",True,0
2026-09-17T21:45:45,elo_1800,mimo-v2.5,177,37,"3,1,4",1,"3,1,4",True,0
2026-09-17T21:45:57,elo_1800,mimo-v2.5,157,37,"3,1,4",1,"1,4,2",False,1
2026-09-17T21:45:58,elo_1800,mimo-v2.5,179,37,"3,1,4",1,"3,1,4",True,0
2026-09-17T21:46:00,elo_1800,mimo-v2.5,186,40,"3,1,4",1,"2,2,2",False,0
2026-09-17T21:46:25,elo_1800,mimo-v2.5,161,36,"1,1,2",1,"2,1,1",False,1
2026-09-17T21:46:36,elo_1800,mimo-v2.5,184,37,"3,2,4",1,"3,2,4",True,0
2026-09-17T21:46:41,elo_1800,mimo-v2.5,187,42,"2,4,4",1,"2,4,4",True,0
2026-09-17T21:46:54,elo_1800,mimo-v2.5,183,38,"1,4,4",1,"1,4,4",True,0
2026-09-17T21:47:32,elo_1800,mimo-v2.5,185,39,"3,2,4",1,"3,2,4",True,0
2026-09-17T21:47:39,elo_1800,mimo-v2.5,189,38,"4,1,3",1,"4,1,3",True,0
2026-09-17T21:48:06,elo_1800,mimo-v2.5,190,41,"4,2,3",1,"4,2,3",True,0
2026-09-17T21:48:23,elo_1800,mimo-v2.5,182,36,"1,2,2",1,"3,1,2",False,0
2026-09-17T21:48:25,elo_1800,mimo-v2.5,194,37,"4,3,4",1,"4,3,4",True,0
2026-09-17T21:48:29,elo_1800,mimo-v2.5,173,37,"3,3,3",1,"3,3,3",True,0
2026-09-17T21:48:30,elo_1800,mimo-v2.5,193,38,"2,3,4",1,"2,3,4",True,0
2026-09-17T21:48:30,elo_1800,mimo-v2.5,188,37,"4,3,2",1,"2,3,1",False,0
2026-09-17T21:48:48,elo_1800,mimo-v2.5,197,37,"4,2,3",1,"4,2,3",True,0
2026-09-17T21:49:25,elo_1800,mimo-v2.5,198,40,"4,2,4",1,"4,2,4",True,0
2026-09-17T21:49:32,elo_1800,mimo-v2.5,195,42,"1,2,1",1,"2,2,1",False,0
2026-09-17T21:50:02,elo_1800,mimo-v2.5,192,38,"4,4,4",1,"4,4,4",True,0
2026-09-17T21:50:08,elo_1800,mimo-v2.5,191,40,"2,2,2",1,"2,2,2",True,0
2026-09-17T21:50:32,elo_1800,mimo-v2.5,196,42,"4,1,3",1,"4,1,3",True,0
2026-09-17T21:50:50,elo_1800,mimo-v2.5,199,37,"4,4,3",1,"4,4,3",True,1
2026-09-17T21:52:07,elo_1800,mimo-v2.5,178,39,"4,3,1",1,"4,3,1",True,1
2026-09-17T21:52:09,elo_1800,mimo-v2.5,200,36,"2,2,3",1,"2,2,3",True,0
2026-09-17T21:58:30,elo_1800,mimo-v2.5,181,36,"3,4,3",1,"3,4,3",True,2
2026-09-17T21:59:07,elo_2800,mimo-v2.5,2,40,"1,1,1",1,"1,1,1",True,0
2026-09-17T21:59:39,elo_2800,mimo-v2.5,1,39,"2,3,2",1,"2,3,2",True,0
2026-09-17T22:00:33,elo_2800,mimo-v2.5,9,41,"4,1,4",1,"4,1,4",True,0
2026-09-17T22:00:41,elo_2800,mimo-v2.5,8,37,"1,2,3",1,"1,2,3",True,0
2026-09-17T22:01:02,elo_2800,mimo-v2.5,6,41,"1,4,4",1,"1,4,4",True,0
2026-09-17T22:01:09,elo_2800,mimo-v2.5,4,36,"4,1,1",1,"3,2,2",False,0
2026-09-17T22:01:09,elo_2800,mimo-v2.5,11,40,"1,1,2",1,"1,1,2",True,0
2026-09-17T22:01:35,elo_2800,mimo-v2.5,10,36,"2,1,1",1,"2,1,1",True,0
2026-09-17T22:01:43,elo_2800,mimo-v2.5,3,37,"2,2,3",1,"2,2,3",True,0
2026-09-17T22:02:28,elo_2800,mimo-v2.5,14,38,"1,4,3",1,"1,4,3",True,0
2026-09-17T22:02:36,elo_2800,mimo-v2.5,16,37,"3,1,2",1,"3,1,2",True,0
2026-09-17T22:02:56,elo_2800,mimo-v2.5,15,38,"4,4,2",1,"4,4,2",True,0
2026-09-17T22:03:04,elo_2800,mimo-v2.5,18,36,"1,2,4",1,"1,2,4",True,0
2026-09-17T22:03:05,elo_2800,mimo-v2.5,17,36,"2,2,2",1,"2,2,2",True,0
2026-09-17T22:03:27,elo_2800,mimo-v2.5,21,36,"4,4,4",1,"4,4,4",True,0
2026-09-17T22:03:40,elo_2800,mimo-v2.5,23,38,"3,4,2",1,"3,4,2",True,0
2026-09-17T22:04:02,elo_2800,mimo-v2.5,22,42,"2,3,3",1,"2,3,3",True,0
2026-09-17T22:04:02,elo_2800,mimo-v2.5,24,36,"1,4,1",1,"1,4,1",True,0
2026-09-17T22:04:20,elo_2800,mimo-v2.5,25,39,"1,4,4",1,"1,4,4",True,1
2026-09-17T22:04:51,elo_2800,mimo-v2.5,28,39,"1,1,1",1,"4,3,1",False,0
2026-09-17T22:05:19,elo_2800,mimo-v2.5,27,42,"1,2,2",1,"1,2,2",True,0
2026-09-17T22:05:52,elo_2800,mimo-v2.5,30,41,"1,1,1",1,"1,1,1",True,0
2026-09-17T22:05:52,elo_2800,mimo-v2.5,20,37,"3,4,3",1,"3,3,4",False,0
2026-09-17T22:06:26,elo_2800,mimo-v2.5,29,38,"4,4,4",1,"4,4,4",True,0
2026-09-17T22:07:01,elo_2800,mimo-v2.5,7,39,"1,4,4",1,"1,4,4",True,1
2026-09-17T22:07:03,elo_2800,mimo-v2.5,13,37,"1,1,4",1,"2,3,2",False,0
2026-09-17T22:07:09,elo_2800,mimo-v2.5,31,36,"3,2,3",1,"3,2,3",True,0
2026-09-17T22:07:52,elo_2800,mimo-v2.5,34,37,"1,4,4",1,"3,3,1",False,0
2026-09-17T22:08:30,elo_2800,mimo-v2.5,32,41,"2,1,1",1,"4,1,3",False,0
2026-09-17T22:08:48,elo_2800,mimo-v2.5,26,36,"4,3,2",1,"4,3,2",True,0
2026-09-17T22:09:28,elo_2800,mimo-v2.5,19,37,"1,4,4",1,"1,4,4",True,0
2026-09-17T22:09:37,elo_2800,mimo-v2.5,36,39,"3,2,2",1,"3,2,2",True,0
2026-09-17T22:09:40,elo_2800,mimo-v2.5,37,42,"1,3,2",1,"1,3,2",True,0
2026-09-17T22:09:56,elo_2800,mimo-v2.5,39,39,"3,3,4",1,"3,3,4",True,0
2026-09-17T22:10:10,elo_2800,mimo-v2.5,38,37,"1,1,4",1,"1,1,4",True,0
2026-09-17T22:10:27,elo_2800,mimo-v2.5,45,37,"4,3,2",1,"4,3,2",True,0
2026-09-17T22:10:35,elo_2800,mimo-v2.5,33,41,"4,4,1",1,"4,4,1",True,0
2026-09-17T22:10:45,elo_2800,mimo-v2.5,35,41,"3,1,1",1,"3,1,1",True,0
2026-09-17T22:10:52,elo_2800,mimo-v2.5,41,37,"1,2,1",1,"1,2,1",True,0
2026-09-17T22:11:35,elo_2800,mimo-v2.5,40,38,"4,4,1",1,"4,4,1",True,0
2026-09-17T22:12:35,elo_2800,mimo-v2.5,44,37,"2,1,2",1,"2,1,2",True,0
2026-09-17T22:12:39,elo_2800,mimo-v2.5,48,37,"3,2,3",1,"3,2,3",True,0
2026-09-17T22:13:24,elo_2800,mimo-v2.5,51,37,"3,1,4",1,"3,1,4",True,0
2026-09-17T22:14:04,elo_2800,mimo-v2.5,50,37,"2,2,2",1,"2,2,2",True,0
2026-09-17T22:14:15,elo_2800,mimo-v2.5,46,36,"1,1,1",1,"1,1,1",True,0
2026-09-17T22:14:44,elo_2800,mimo-v2.5,53,37,"1,3,3",1,"1,3,3",True,0
2026-09-17T22:14:57,elo_2800,mimo-v2.5,5,39,"4,1,4",1,"4,1,4",True,2
2026-09-17T22:14:58,elo_2800,mimo-v2.5,54,40,"4,1,3",1,"4,1,3",True,0
2026-09-17T22:15:09,elo_2800,mimo-v2.5,49,36,"3,4,3",1,"3,4,3",True,0
2026-09-17T22:15:16,elo_2800,mimo-v2.5,12,41,"2,3,3",1,"4,1,1",False,2
2026-09-17T22:15:30,elo_2800,mimo-v2.5,58,40,"3,4,2",1,"3,4,2",True,0
2026-09-17T22:15:40,elo_2800,mimo-v2.5,55,36,"1,1,1",1,"1,1,1",True,0
2026-09-17T22:16:23,elo_2800,mimo-v2.5,60,38,"3,2,2",1,"3,2,2",True,0
2026-09-17T22:16:45,elo_2800,mimo-v2.5,59,38,"1,2,3",1,"1,2,3",True,1
2026-09-17T22:18:27,elo_2800,mimo-v2.5,43,36,"3,1,1",1,"3,1,1",True,1
2026-09-17T22:19:05,elo_2800,mimo-v2.5,65,38,"1,2,4",1,"1,2,4",True,0
2026-09-17T22:19:24,elo_2800,mimo-v2.5,63,39,"3,2,1",1,"4,1,3",False,0
2026-09-17T22:19:39,elo_2800,mimo-v2.5,62,36,"2,3,2",1,"2,3,2",True,0
2026-09-17T22:19:55,elo_2800,mimo-v2.5,64,37,"2,4,1",1,"4,1,1",False,0
2026-09-17T22:20:05,elo_2800,mimo-v2.5,57,36,"4,1,4",1,"2,2,3",False,0
2026-09-17T22:20:44,elo_2800,mimo-v2.5,61,39,"1,4,2",1,"3,3,2",False,0
2026-09-17T22:20:49,elo_2800,mimo-v2.5,56,39,"1,4,1",1,"1,4,1",True,0
2026-09-17T22:21:00,elo_2800,mimo-v2.5,67,38,"2,1,2",1,"2,1,2",True,0
2026-09-17T22:21:02,elo_2800,mimo-v2.5,70,38,"2,1,1",1,"2,1,1",True,0
2026-09-17T22:21:04,elo_2800,mimo-v2.5,72,36,"1,2,4",1,"1,2,4",True,0
2026-09-17T22:21:06,elo_2800,mimo-v2.5,69,37,"3,3,3",1,"3,3,3",True,0
2026-09-17T22:21:56,elo_2800,mimo-v2.5,68,36,"3,1,3",1,"3,1,3",True,0
2026-09-17T22:22:08,elo_2800,mimo-v2.5,47,38,"2,2,4",1,"2,2,4",True,1
2026-09-17T22:22:10,elo_2800,mimo-v2.5,52,39,"3,4,4",1,"2,3,3",False,0
2026-09-17T22:22:55,elo_2800,mimo-v2.5,74,40,"4,3,2",1,"3,2,4",False,0
2026-09-17T22:23:18,elo_2800,mimo-v2.5,66,37,"1,2,4",1,"1,4,1",False,0
2026-09-17T22:23:42,elo_2800,mimo-v2.5,42,36,"1,1,4",1,"1,1,4",True,2
2026-09-17T22:23:51,elo_2800,mimo-v2.5,73,39,"4,4,4",1,"4,4,4",True,0
2026-09-17T22:24:01,elo_2800,mimo-v2.5,79,39,"4,4,1",1,"4,4,1",True,0
2026-09-17T22:24:33,elo_2800,mimo-v2.5,83,36,"3,2,1",1,"3,2,1",True,0
2026-09-17T22:24:37,elo_2800,mimo-v2.5,76,36,"1,2,2",1,"2,4,2",False,0
2026-09-17T22:24:54,elo_2800,mimo-v2.5,78,38,"2,4,1",1,"2,4,1",True,0
2026-09-17T22:25:05,elo_2800,mimo-v2.5,84,37,"1,4,2",1,"1,4,2",True,0
2026-09-17T22:25:05,elo_2800,mimo-v2.5,80,37,"1,3,4",1,"1,3,4",True,0
2026-09-17T22:25:12,elo_2800,mimo-v2.5,85,36,"4,4,1",1,"4,4,1",True,0
2026-09-17T22:25:30,elo_2800,mimo-v2.5,82,41,"4,1,3",1,"4,1,3",True,0
2026-09-17T22:25:36,elo_2800,mimo-v2.5,86,41,"2,2,3",1,"2,2,3",True,0
2026-09-17T22:25:48,elo_2800,mimo-v2.5,90,37,"4,4,1",1,"4,4,1",True,0
2026-09-17T22:26:03,elo_2800,mimo-v2.5,93,37,"4,4,3",1,"4,4,3",True,0
2026-09-17T22:26:04,elo_2800,mimo-v2.5,89,37,"2,3,1",1,"2,3,1",True,0
2026-09-17T22:26:05,elo_2800,mimo-v2.5,87,36,"3,2,3",1,"3,2,3",True,0
2026-09-17T22:26:08,elo_2800,mimo-v2.5,94,38,"4,4,4",1,"2,1,1",False,0
2026-09-17T22:26:11,elo_2800,mimo-v2.5,75,40,"4,4,3",1,"3,3,4",False,0
2026-09-17T22:26:17,elo_2800,mimo-v2.5,77,36,"2,4,1",1,"2,4,1",True,0
2026-09-17T22:26:38,elo_2800,mimo-v2.5,99,40,"4,4,3",1,"4,4,3",True,0
2026-09-17T22:26:51,elo_2800,mimo-v2.5,92,39,"1,1,3",1,"1,1,3",True,0
2026-09-17T22:27:01,elo_2800,mimo-v2.5,97,36,"2,4,3",1,"2,4,3",True,0
2026-09-17T22:27:29,elo_2800,mimo-v2.5,95,38,"2,2,2",1,"2,2,2",True,0
2026-09-17T22:27:36,elo_2800,mimo-v2.5,71,38,"2,3,1",1,"2,3,1",True,1
2026-09-17T22:27:47,elo_2800,mimo-v2.5,96,37,"3,2,3",1,"4,4,4",False,0
2026-09-17T22:27:53,elo_2800,mimo-v2.5,101,37,"1,3,4",1,"1,1,1",False,0
2026-09-17T22:28:00,elo_2800,mimo-v2.5,91,38,"1,4,2",1,"4,4,4",False,0
2026-09-17T22:28:08,elo_2800,mimo-v2.5,88,36,"3,4,3",1,"2,4,1",False,0
2026-09-17T22:28:50,elo_2800,mimo-v2.5,106,42,"1,4,4",1,"1,4,4",True,0
2026-09-17T22:28:58,elo_2800,mimo-v2.5,81,41,"2,4,2",1,"4,3,1",False,0
2026-09-17T22:29:00,elo_2800,mimo-v2.5,108,37,"3,2,1",1,"3,2,1",True,0
2026-09-17T22:29:24,elo_2800,mimo-v2.5,111,37,"2,1,2",1,"2,1,2",True,0
2026-09-17T22:29:46,elo_2800,mimo-v2.5,107,40,"4,4,1",1,"4,4,1",True,1
2026-09-17T22:30:02,elo_2800,mimo-v2.5,102,37,"3,3,4",1,"3,3,4",True,0
2026-09-17T22:30:11,elo_2800,mimo-v2.5,105,39,"1,1,4",1,"1,1,4",True,0
2026-09-17T22:30:27,elo_2800,mimo-v2.5,113,41,"4,4,1",1,"4,4,1",True,0
2026-09-17T22:30:53,elo_2800,mimo-v2.5,103,37,"3,2,3",1,"3,2,3",True,0
2026-09-17T22:31:25,elo_2800,mimo-v2.5,110,41,"4,2,1",1,"1,3,1",False,0
2026-09-17T22:31:28,elo_2800,mimo-v2.5,114,36,"4,2,1",1,"4,4,1",False,0
2026-09-17T22:31:34,elo_2800,mimo-v2.5,104,38,"2,2,3",1,"2,2,3",True,0
2026-09-17T22:31:40,elo_2800,mimo-v2.5,115,38,"1,3,3",1,"1,3,3",True,0
2026-09-17T22:32:27,elo_2800,mimo-v2.5,98,36,"1,2,3",1,"3,4,4",False,0
2026-09-17T22:32:36,elo_2800,mimo-v2.5,117,37,"1,2,1",1,"1,2,1",True,0
2026-09-17T22:33:01,elo_2800,mimo-v2.5,116,38,"3,4,2",1,"3,4,2",True,0
2026-09-17T22:33:29,elo_2800,mimo-v2.5,120,36,"1,1,1",1,"1,1,1",True,0
2026-09-17T22:35:02,elo_2800,mimo-v2.5,121,37,"3,2,3",1,"2,3,2",False,0
2026-09-17T22:35:24,elo_2800,mimo-v2.5,119,38,"4,2,2",1,"2,1,3",False,0
2026-09-17T22:35:37,elo_2800,mimo-v2.5,125,38,"1,3,4",1,"1,3,4",True,0
2026-09-17T22:35:37,elo_2800,mimo-v2.5,126,36,"3,1,4",1,"3,1,4",True,0
2026-09-17T22:35:47,elo_2800,mimo-v2.5,127,37,"1,3,2",1,"1,3,2",True,0
2026-09-17T22:35:56,elo_2800,mimo-v2.5,122,38,"3,2,1",1,"3,2,1",True,0
2026-09-17T22:36:08,elo_2800,mimo-v2.5,130,36,"1,3,1",1,"1,3,1",True,0
2026-09-17T22:36:09,elo_2800,mimo-v2.5,129,38,"4,1,1",1,"4,1,1",True,0
2026-09-17T22:37:10,elo_2800,mimo-v2.5,112,38,"3,3,2",1,"3,3,2",True,1
2026-09-17T22:37:13,elo_2800,mimo-v2.5,118,38,"1,2,2",1,"1,2,2",True,0
2026-09-17T22:37:29,elo_2800,mimo-v2.5,131,37,"4,3,1",1,"4,3,1",True,0
2026-09-17T22:37:31,elo_2800,mimo-v2.5,128,37,"2,3,3",1,"2,3,3",True,0
2026-09-17T22:37:43,elo_2800,mimo-v2.5,134,39,"2,3,4",1,"2,3,4",True,0
2026-09-17T22:38:00,elo_2800,mimo-v2.5,135,40,"3,1,1",1,"3,1,1",True,0
2026-09-17T22:38:35,elo_2800,mimo-v2.5,138,36,"4,1,3",1,"4,1,3",True,0
2026-09-17T22:39:01,elo_2800,mimo-v2.5,100,38,"3,4,4",1,"3,4,4",True,1
2026-09-17T22:39:12,elo_2800,mimo-v2.5,141,38,"1,4,1",1,"1,4,1",True,0
2026-09-17T22:39:23,elo_2800,mimo-v2.5,132,36,"3,2,2",1,"3,2,2",True,0
2026-09-17T22:39:39,elo_2800,mimo-v2.5,136,36,"2,1,2",1,"2,1,2",True,0
2026-09-17T22:40:06,elo_2800,mimo-v2.5,124,37,"3,2,1",1,"3,2,1",True,1
2026-09-17T22:40:35,elo_2800,mimo-v2.5,145,41,"1,1,4",1,"1,1,4",True,0
2026-09-17T22:40:39,elo_2800,mimo-v2.5,139,39,"1,3,3",1,"1,3,3",True,0
2026-09-17T22:40:59,elo_2800,mimo-v2.5,137,41,"3,2,4",1,"3,2,4",True,0
2026-09-17T22:41:13,elo_2800,mimo-v2.5,143,38,"1,3,2",1,"1,3,2",True,0
2026-09-17T22:41:33,elo_2800,mimo-v2.5,144,38,"3,3,2",1,"3,3,2",True,0
2026-09-17T22:41:43,elo_2800,mimo-v2.5,133,37,"4,3,3",1,"2,3,2",False,0
2026-09-17T22:42:20,elo_2800,mimo-v2.5,142,39,"4,1,1",1,"4,1,1",True,0
2026-09-17T22:43:09,elo_2800,mimo-v2.5,140,36,"3,4,3",1,"3,4,3",True,0
2026-09-17T22:43:16,elo_2800,mimo-v2.5,149,39,"1,4,4",1,"1,4,4",True,0
2026-09-17T22:43:18,elo_2800,mimo-v2.5,147,38,"3,4,4",1,"3,4,4",True,0
2026-09-17T22:43:25,elo_2800,mimo-v2.5,151,36,"4,4,4",1,"4,4,4",True,0
2026-09-17T22:43:27,elo_2800,mimo-v2.5,109,38,"2,3,2",1,"2,3,2",True,2
2026-09-17T22:43:50,elo_2800,mimo-v2.5,148,36,"1,3,4",1,"1,3,4",True,0
2026-09-17T22:43:57,elo_2800,mimo-v2.5,150,40,"3,1,3",1,"3,1,3",True,0
2026-09-17T22:44:04,elo_2800,mimo-v2.5,157,37,"3,1,4",1,"3,1,4",True,0
2026-09-17T22:44:19,elo_2800,mimo-v2.5,158,42,"1,4,3",1,"1,4,3",True,0
2026-09-17T22:44:30,elo_2800,mimo-v2.5,156,38,"2,4,2",1,"2,4,2",True,0
2026-09-17T22:44:55,elo_2800,mimo-v2.5,155,39,"1,1,2",1,"1,1,2",True,0
2026-09-17T22:45:16,elo_2800,mimo-v2.5,146,39,"4,2,4",1,"3,3,3",False,0
2026-09-17T22:45:35,elo_2800,mimo-v2.5,152,37,"1,3,2",1,"4,2,3",False,0
2026-09-17T22:45:35,elo_2800,mimo-v2.5,159,39,"1,3,4",1,"1,3,4",True,0
2026-09-17T22:46:02,elo_2800,mimo-v2.5,164,39,"1,2,4",1,"1,2,4",True,0
2026-09-17T22:46:06,elo_2800,mimo-v2.5,160,41,"1,3,4",1,"1,3,4",True,0
2026-09-17T22:46:16,elo_2800,mimo-v2.5,163,37,"4,2,1",1,"4,2,1",True,0
2026-09-17T22:46:19,elo_2800,mimo-v2.5,161,36,"1,1,2",1,"1,1,2",True,0
2026-09-17T22:46:40,elo_2800,mimo-v2.5,166,39,"3,3,3",1,"3,3,3",True,0
2026-09-17T22:46:56,elo_2800,mimo-v2.5,169,39,"2,4,2",1,"1,4,3",False,0
2026-09-17T22:46:57,elo_2800,mimo-v2.5,162,38,"1,3,3",1,"1,3,3",True,0
2026-09-17T22:47:11,elo_2800,mimo-v2.5,172,40,"1,4,3",1,"1,4,3",True,0
2026-09-17T22:47:43,elo_2800,mimo-v2.5,171,37,"3,3,4",1,"3,3,4",True,0
2026-09-17T22:47:54,elo_2800,mimo-v2.5,175,36,"1,3,4",1,"1,3,4",True,0
2026-09-17T22:48:01,elo_2800,mimo-v2.5,174,39,"2,1,3",1,"2,1,3",True,0
2026-09-17T22:48:06,elo_2800,mimo-v2.5,123,38,"3,2,3",1,"3,2,3",True,1
2026-09-17T22:48:28,elo_2800,mimo-v2.5,176,41,"3,3,3",1,"3,3,3",True,0
2026-09-17T22:48:32,elo_2800,mimo-v2.5,167,38,"3,4,3",1,"3,4,3",True,0
2026-09-17T22:48:40,elo_2800,mimo-v2.5,165,39,"1,1,1",1,"1,1,1",True,0
2026-09-17T22:49:33,elo_2800,mimo-v2.5,179,37,"3,1,4",1,"3,1,4",True,0
2026-09-17T22:50:23,elo_2800,mimo-v2.5,178,39,"4,3,1",1,"4,3,1",True,0
2026-09-17T22:50:53,elo_2800,mimo-v2.5,177,37,"3,1,4",1,"3,1,4",True,0
2026-09-17T22:51:06,elo_2800,mimo-v2.5,168,38,"3,2,4",1,"3,2,4",True,0
2026-09-17T22:51:17,elo_2800,mimo-v2.5,184,37,"3,2,4",1,"3,2,4",True,0
2026-09-17T22:51:37,elo_2800,mimo-v2.5,180,36,"2,3,4",1,"1,1,1",False,0
2026-09-17T22:51:41,elo_2800,mimo-v2.5,173,37,"3,3,3",1,"3,3,3",True,0
2026-09-17T22:51:53,elo_2800,mimo-v2.5,185,39,"3,2,4",1,"3,2,4",True,0
2026-09-17T22:51:58,elo_2800,mimo-v2.5,186,40,"3,1,4",1,"3,1,4",True,0
2026-09-17T22:52:22,elo_2800,mimo-v2.5,183,38,"1,4,4",1,"1,4,4",True,0
2026-09-17T22:52:28,elo_2800,mimo-v2.5,190,41,"4,2,3",1,"4,2,3",True,0
2026-09-17T22:52:28,elo_2800,mimo-v2.5,154,36,"1,3,2",1,"4,4,4",False,1
2026-09-17T22:52:29,elo_2800,mimo-v2.5,181,36,"3,4,3",1,"3,4,3",True,0
2026-09-17T22:52:35,elo_2800,mimo-v2.5,189,38,"4,1,3",1,"4,1,3",True,0
2026-09-17T22:52:57,elo_2800,mimo-v2.5,194,37,"4,3,4",1,"4,3,4",True,0
2026-09-17T22:53:05,elo_2800,mimo-v2.5,182,36,"1,2,2",1,"1,2,2",True,0
2026-09-17T22:53:10,elo_2800,mimo-v2.5,188,37,"4,3,2",1,"4,3,2",True,0
2026-09-17T22:53:30,elo_2800,mimo-v2.5,192,38,"4,4,4",1,"4,4,4",True,0
2026-09-17T22:53:30,elo_2800,mimo-v2.5,153,39,"2,3,3",1,"2,3,3",True,1
2026-09-17T22:54:12,elo_2800,mimo-v2.5,197,37,"4,2,3",1,"4,2,3",True,0
2026-09-17T22:54:30,elo_2800,mimo-v2.5,191,40,"2,2,2",1,"2,2,2",True,0
2026-09-17T22:54:40,elo_2800,mimo-v2.5,199,37,"4,4,3",1,"4,4,3",True,0
2026-09-17T22:55:24,elo_2800,mimo-v2.5,200,36,"2,2,3",1,"2,2,3",True,0
2026-09-17T22:56:04,elo_2800,mimo-v2.5,198,40,"4,2,4",1,"4,2,4",True,0
2026-09-17T22:56:15,elo_2800,mimo-v2.5,187,42,"2,4,4",1,"2,4,4",True,0
2026-09-17T22:57:15,elo_2800,mimo-v2.5,170,40,"3,2,4",1,"3,2,4",True,1
2026-09-17T22:57:24,elo_2800,mimo-v2.5,195,42,"1,2,1",1,"3,3,3",False,0
2026-09-17T23:00:08,elo_2800,mimo-v2.5,193,38,"2,3,4",1,"4,3,3",False,1
2026-09-17T23:00:56,elo_2800,mimo-v2.5,196,42,"4,1,3",1,"4,1,3",True,1
2026-09-17T23:19:06,elo_800,mimo-v2.5,2,39,"4,1,3",1,"4,1,3",True,0
2026-09-17T23:20:02,elo_800,mimo-v2.5,5,38,"1,3,4",1,"1,3,4",True,0
2026-09-17T23:20:10,elo_800,mimo-v2.5,10,37,"1,1,4",1,"4,1,2",False,0
2026-09-17T23:21:01,elo_800,mimo-v2.5,6,37,"4,1,1",1,"4,1,1",True,0
2026-09-17T23:21:08,elo_800,mimo-v2.5,1,36,"4,3,2",1,"4,4,1",False,0
2026-09-17T23:21:21,elo_800,mimo-v2.5,3,36,"4,4,2",1,"4,4,2",True,0
2026-09-17T23:21:24,elo_800,mimo-v2.5,13,41,"3,2,4",1,"3,2,4",True,0
2026-09-17T23:21:36,elo_800,mimo-v2.5,15,39,"4,4,2",1,"4,4,2",True,0
2026-09-17T23:22:13,elo_800,mimo-v2.5,18,36,"4,3,1",1,"1,4,2",False,0
2026-09-17T23:22:13,elo_800,mimo-v2.5,8,36,"1,4,3",1,"3,1,2",False,0
2026-09-17T23:22:16,elo_800,mimo-v2.5,16,37,"4,2,4",1,"4,2,4",True,0
2026-09-17T23:22:25,elo_800,mimo-v2.5,14,39,"4,1,4",1,"4,1,4",True,0
2026-09-17T23:22:44,elo_800,mimo-v2.5,19,37,"2,3,4",1,"2,3,4",True,0
2026-09-17T23:23:10,elo_800,mimo-v2.5,9,39,"4,1,2",1,"1,1,3",False,0
2026-09-17T23:23:12,elo_800,mimo-v2.5,20,36,"2,3,3",1,"2,3,3",True,0
2026-09-17T23:23:28,elo_800,mimo-v2.5,17,39,"2,2,4",1,"2,2,4",True,0
2026-09-17T23:23:48,elo_800,mimo-v2.5,12,37,"1,3,2",1,"1,3,2",True,0
2026-09-17T23:24:27,elo_800,mimo-v2.5,11,39,"4,3,2",1,"4,3,2",True,0
2026-09-17T23:24:29,elo_800,mimo-v2.5,27,36,"4,2,4",1,"4,2,4",True,0
2026-09-17T23:24:34,elo_800,mimo-v2.5,29,41,"3,2,2",1,"1,3,4",False,0
2026-09-17T23:24:42,elo_800,mimo-v2.5,21,39,"3,3,3",1,"3,3,3",True,0
2026-09-17T23:24:59,elo_800,mimo-v2.5,26,41,"2,3,1",1,"2,3,1",True,0
2026-09-17T23:25:00,elo_800,mimo-v2.5,31,38,"1,1,3",1,"1,1,3",True,0
2026-09-17T23:25:08,elo_800,mimo-v2.5,24,37,"3,4,1",1,"3,4,1",True,0
2026-09-17T23:25:19,elo_800,mimo-v2.5,30,37,"4,1,3",1,"4,1,3",True,0
2026-09-17T23:25:24,elo_800,mimo-v2.5,22,37,"1,1,1",1,"2,2,2",False,0
2026-09-17T23:25:40,elo_800,mimo-v2.5,32,37,"2,2,2",1,"2,2,2",True,0
2026-09-17T23:25:42,elo_800,mimo-v2.5,4,36,"1,3,3",1,"1,3,3",True,1
2026-09-17T23:26:12,elo_800,mimo-v2.5,28,39,"3,4,2",1,"3,4,2",True,0
2026-09-17T23:26:37,elo_800,mimo-v2.5,33,40,"3,3,3",1,"3,3,3",True,0
2026-09-17T23:26:42,elo_800,mimo-v2.5,38,41,"4,3,1",1,"4,3,1",True,0
2026-09-17T23:26:45,elo_800,mimo-v2.5,7,38,"2,3,4",1,"2,2,2",False,1
2026-09-17T23:27:04,elo_800,mimo-v2.5,36,41,"1,4,1",1,"1,4,1",True,0
2026-09-17T23:27:08,elo_800,mimo-v2.5,34,36,"4,2,4",1,"4,2,4",True,0
2026-09-17T23:27:14,elo_800,mimo-v2.5,40,36,"2,2,2",1,"2,2,2",True,0
2026-09-17T23:27:35,elo_800,mimo-v2.5,45,37,"4,4,1",1,"4,4,1",True,0
2026-09-17T23:28:14,elo_800,mimo-v2.5,42,39,"2,4,4",1,"3,3,4",False,0
2026-09-17T23:28:18,elo_800,mimo-v2.5,41,39,"3,4,2",1,"3,4,2",True,0
2026-09-17T23:28:29,elo_800,mimo-v2.5,43,36,"4,3,2",1,"4,3,2",True,0
2026-09-17T23:28:33,elo_800,mimo-v2.5,35,37,"3,2,4",1,"3,2,4",True,0
2026-09-17T23:28:35,elo_800,mimo-v2.5,23,40,"3,2,1",1,"3,2,1",True,1
2026-09-17T23:28:48,elo_800,mimo-v2.5,49,38,"1,4,4",1,"1,4,4",True,0
2026-09-17T23:28:51,elo_800,mimo-v2.5,46,36,"1,3,1",1,"1,3,1",True,0
2026-09-17T23:29:11,elo_800,mimo-v2.5,50,40,"1,3,2",1,"1,3,2",True,0
2026-09-17T23:29:11,elo_800,mimo-v2.5,39,37,"3,3,1",1,"3,3,1",True,0
2026-09-17T23:29:16,elo_800,mimo-v2.5,53,38,"3,1,2",1,"3,1,2",True,0
2026-09-17T23:29:39,elo_800,mimo-v2.5,47,40,"3,2,2",1,"3,2,2",True,0
2026-09-17T23:29:43,elo_800,mimo-v2.5,51,39,"2,2,1",1,"2,2,1",True,0
2026-09-17T23:29:51,elo_800,mimo-v2.5,37,37,"4,2,4",1,"4,2,4",True,0
2026-09-17T23:30:10,elo_800,mimo-v2.5,54,36,"1,2,4",1,"1,2,4",True,0
2026-09-17T23:30:11,elo_800,mimo-v2.5,48,39,"3,3,4",1,"3,3,4",True,0
2026-09-17T23:30:24,elo_800,mimo-v2.5,52,36,"4,4,1",1,"4,4,1",True,0
2026-09-17T23:30:39,elo_800,mimo-v2.5,61,37,"1,1,4",1,"1,1,4",True,0
2026-09-17T23:31:00,elo_800,mimo-v2.5,59,37,"4,3,4",1,"4,3,4",True,0
2026-09-17T23:31:06,elo_800,mimo-v2.5,44,36,"3,2,2",1,"2,2,2",False,0
2026-09-17T23:31:08,elo_800,mimo-v2.5,63,37,"3,1,1",1,"3,1,1",True,0
2026-09-17T23:31:33,elo_800,mimo-v2.5,57,39,"2,4,1",1,"2,4,1",True,1
2026-09-17T23:31:39,elo_800,mimo-v2.5,58,39,"2,2,3",1,"2,2,3",True,0
2026-09-17T23:31:59,elo_800,mimo-v2.5,64,40,"3,2,4",1,"3,2,4",True,0
2026-09-17T23:32:14,elo_800,mimo-v2.5,68,37,"2,1,3",1,"2,1,3",True,0
2026-09-17T23:32:33,elo_800,mimo-v2.5,25,39,"2,2,1",1,"2,2,1",True,1
2026-09-17T23:33:01,elo_800,mimo-v2.5,56,36,"3,3,2",1,"3,3,2",True,0
2026-09-17T23:33:18,elo_800,mimo-v2.5,71,38,"4,1,4",1,"4,1,4",True,0
2026-09-17T23:33:52,elo_800,mimo-v2.5,69,41,"1,2,2",1,"1,2,2",True,0
2026-09-17T23:34:05,elo_800,mimo-v2.5,72,42,"3,4,3",1,"3,4,3",True,0
2026-09-17T23:34:16,elo_800,mimo-v2.5,66,37,"2,3,1",1,"2,3,1",True,0
2026-09-17T23:34:19,elo_800,mimo-v2.5,55,38,"4,2,2",1,"4,2,2",True,0
2026-09-17T23:34:33,elo_800,mimo-v2.5,67,40,"2,2,3",1,"1,1,4",False,0
2026-09-17T23:34:37,elo_800,mimo-v2.5,60,36,"2,1,2",1,"2,1,2",True,0
2026-09-17T23:34:42,elo_800,mimo-v2.5,76,38,"4,1,4",1,"4,1,4",True,0
2026-09-17T23:35:15,elo_800,mimo-v2.5,80,37,"1,1,4",1,"1,1,4",True,0
2026-09-17T23:35:50,elo_800,mimo-v2.5,78,36,"3,3,2",1,"2,4,3",False,0
2026-09-17T23:35:52,elo_800,mimo-v2.5,75,39,"1,2,1",1,"1,2,1",True,0
2026-09-17T23:36:02,elo_800,mimo-v2.5,74,40,"4,4,4",1,"4,4,4",True,0
2026-09-17T23:36:29,elo_800,mimo-v2.5,81,37,"2,1,3",1,"2,1,3",True,0
2026-09-17T23:37:08,elo_800,mimo-v2.5,85,41,"2,2,4",1,"2,2,4",True,0
2026-09-17T23:37:37,elo_800,mimo-v2.5,82,37,"3,4,2",1,"4,2,1",False,0
2026-09-17T23:37:41,elo_800,mimo-v2.5,73,37,"4,4,4",1,"4,4,4",True,0
2026-09-17T23:37:43,elo_800,mimo-v2.5,65,36,"4,3,1",1,"2,1,1",False,1
2026-09-17T23:37:45,elo_800,mimo-v2.5,83,40,"3,3,2",1,"1,2,3",False,0
2026-09-17T23:37:56,elo_800,mimo-v2.5,84,38,"4,2,4",1,"4,2,4",True,0
2026-09-17T23:38:11,elo_800,mimo-v2.5,77,39,"1,4,3",1,"1,4,3",True,0
2026-09-17T23:38:34,elo_800,mimo-v2.5,62,39,"1,2,1",1,"1,3,1",False,1
2026-09-17T23:38:40,elo_800,mimo-v2.5,79,40,"1,1,1",1,"3,2,1",False,0
2026-09-17T23:38:41,elo_800,mimo-v2.5,92,38,"3,2,3",1,"3,2,3",True,0
2026-09-17T23:38:58,elo_800,mimo-v2.5,87,41,"3,2,1",1,"1,4,4",False,0
2026-09-17T23:39:25,elo_800,mimo-v2.5,70,36,"1,3,3",1,"1,3,3",True,1
2026-09-17T23:39:35,elo_800,mimo-v2.5,96,36,"4,1,4",1,"4,1,4",True,0
2026-09-17T23:39:38,elo_800,mimo-v2.5,90,37,"3,2,3",1,"3,2,3",True,0
2026-09-17T23:39:39,elo_800,mimo-v2.5,93,40,"2,2,2",1,"2,2,2",True,0
2026-09-17T23:39:40,elo_800,mimo-v2.5,95,38,"4,4,4",1,"4,4,4",True,1
2026-09-17T23:39:43,elo_800,mimo-v2.5,86,39,"1,1,2",1,"1,1,2",True,0
2026-09-17T23:40:09,elo_800,mimo-v2.5,97,37,"1,3,1",1,"1,3,1",True,0
2026-09-17T23:40:28,elo_800,mimo-v2.5,99,39,"3,1,4",1,"3,1,4",True,0
2026-09-17T23:40:30,elo_800,mimo-v2.5,89,40,"4,2,1",1,"4,2,1",True,0
2026-09-17T23:40:38,elo_800,mimo-v2.5,88,37,"3,3,1",1,"1,3,2",False,0
2026-09-17T23:40:40,elo_800,mimo-v2.5,94,38,"1,4,4",1,"1,4,4",True,0
2026-09-17T23:41:40,elo_800,mimo-v2.5,100,38,"2,1,3",1,"2,1,3",True,0
2026-09-17T23:42:31,elo_800,mimo-v2.5,91,36,"4,4,4",1,"2,1,1",False,0
2026-09-17T23:47:35,elo_800,mimo-v2.5,98,37,"3,2,1",1,"2,2,1",False,1
2026-09-17T23:47:52,elo_1800,mimo-v2.5,3,36,"4,4,2",1,"4,4,2",True,0
2026-09-17T23:48:21,elo_1800,mimo-v2.5,2,39,"4,1,3",1,"4,1,3",True,0
2026-09-17T23:48:25,elo_1800,mimo-v2.5,5,38,"1,3,4",1,"1,3,4",True,0
2026-09-17T23:48:34,elo_1800,mimo-v2.5,6,37,"4,1,1",1,"4,1,1",True,0
2026-09-17T23:48:50,elo_1800,mimo-v2.5,12,37,"1,3,2",1,"1,2,1",False,0
2026-09-17T23:48:50,elo_1800,mimo-v2.5,7,38,"2,3,4",1,"2,3,4",True,0
2026-09-17T23:49:25,elo_1800,mimo-v2.5,15,39,"4,4,2",1,"4,4,2",True,0
2026-09-17T23:49:37,elo_1800,mimo-v2.5,16,37,"4,2,4",1,"4,2,4",True,0
2026-09-17T23:49:42,elo_1800,mimo-v2.5,4,36,"1,3,3",1,"1,3,3",True,0
2026-09-17T23:49:57,elo_1800,mimo-v2.5,9,39,"4,1,2",1,"4,1,2",True,0
2026-09-17T23:50:10,elo_1800,mimo-v2.5,18,36,"4,3,1",1,"4,3,1",True,0
2026-09-17T23:50:31,elo_1800,mimo-v2.5,13,41,"3,2,4",1,"3,2,4",True,0
2026-09-17T23:50:39,elo_1800,mimo-v2.5,14,39,"4,1,4",1,"4,1,4",True,0
2026-09-17T23:50:54,elo_1800,mimo-v2.5,19,37,"2,3,4",1,"2,3,4",True,0
2026-09-17T23:51:01,elo_1800,mimo-v2.5,17,39,"2,2,4",1,"2,2,4",True,0
2026-09-17T23:51:25,elo_1800,mimo-v2.5,21,39,"3,3,3",1,"3,3,3",True,0
2026-09-17T23:51:43,elo_1800,mimo-v2.5,23,40,"3,2,1",1,"3,2,1",True,0
2026-09-17T23:51:51,elo_1800,mimo-v2.5,26,41,"2,3,1",1,"2,3,1",True,0
2026-09-17T23:52:18,elo_1800,mimo-v2.5,27,36,"4,2,4",1,"4,2,4",True,0
2026-09-17T23:53:02,elo_1800,mimo-v2.5,8,36,"1,4,3",1,"1,4,3",True,0
2026-09-17T23:53:15,elo_1800,mimo-v2.5,25,39,"2,2,1",1,"2,2,1",True,0
2026-09-17T23:53:15,elo_1800,mimo-v2.5,30,37,"4,1,3",1,"4,1,3",True,0
2026-09-17T23:53:32,elo_1800,mimo-v2.5,22,37,"1,1,1",1,"3,3,2",False,0
2026-09-17T23:53:45,elo_1800,mimo-v2.5,1,36,"4,3,2",1,"4,3,2",True,1
2026-09-17T23:53:57,elo_1800,mimo-v2.5,31,38,"1,1,3",1,"1,1,3",True,0
2026-09-17T23:54:23,elo_1800,mimo-v2.5,24,37,"3,4,1",1,"3,4,1",True,0
2026-09-17T23:54:36,elo_1800,mimo-v2.5,32,37,"2,2,2",1,"2,2,2",True,0
2026-09-17T23:54:52,elo_1800,mimo-v2.5,28,39,"3,4,2",1,"2,3,3",False,0
2026-09-17T23:55:00,elo_1800,mimo-v2.5,11,39,"4,3,2",1,"4,3,2",True,1
2026-09-17T23:55:22,elo_1800,mimo-v2.5,33,40,"3,3,3",1,"3,3,3",True,0
2026-09-17T23:55:23,elo_1800,mimo-v2.5,37,37,"4,2,4",1,"4,2,4",True,0
2026-09-17T23:55:25,elo_1800,mimo-v2.5,29,41,"3,2,2",1,"3,2,3",False,0
2026-09-17T23:55:28,elo_1800,mimo-v2.5,38,41,"4,3,1",1,"4,3,1",True,0
2026-09-17T23:56:05,elo_1800,mimo-v2.5,41,39,"3,4,2",1,"3,4,2",True,0
2026-09-17T23:56:42,elo_1800,mimo-v2.5,35,37,"3,2,4",1,"3,2,4",True,0
2026-09-17T23:56:48,elo_1800,mimo-v2.5,42,39,"2,4,4",1,"2,4,4",True,0
2026-09-17T23:56:58,elo_1800,mimo-v2.5,40,36,"2,2,2",1,"2,2,2",True,0
2026-09-17T23:57:12,elo_1800,mimo-v2.5,36,41,"1,4,1",1,"1,4,1",True,0
2026-09-17T23:57:28,elo_1800,mimo-v2.5,45,37,"4,4,1",1,"4,4,1",True,0
2026-09-17T23:57:35,elo_1800,mimo-v2.5,34,36,"4,2,4",1,"4,2,4",True,0
2026-09-17T23:57:59,elo_1800,mimo-v2.5,10,37,"1,1,4",1,"3,2,2",False,1
2026-09-17T23:58:45,elo_1800,mimo-v2.5,49,38,"1,4,4",1,"1,4,4",True,0
2026-09-17T23:59:04,elo_1800,mimo-v2.5,47,40,"3,2,2",1,"2,1,3",False,0
2026-09-17T23:59:19,elo_1800,mimo-v2.5,39,37,"3,3,1",1,"4,4,3",False,0
2026-09-18T00:00:19,elo_1800,mimo-v2.5,46,36,"1,3,1",1,"1,3,1",True,0
2026-09-18T00:00:21,elo_1800,mimo-v2.5,53,38,"3,1,2",1,"3,1,2",True,0
2026-09-18T00:00:39,elo_1800,mimo-v2.5,48,39,"3,3,4",1,"3,3,4",True,0
2026-09-18T00:00:52,elo_1800,mimo-v2.5,54,36,"1,2,4",1,"1,2,4",True,0
2026-09-18T00:00:53,elo_1800,mimo-v2.5,43,36,"4,3,2",1,"4,3,2",True,1
2026-09-18T00:00:57,elo_1800,mimo-v2.5,52,36,"4,4,1",1,"4,4,1",True,0
2026-09-18T00:01:12,elo_1800,mimo-v2.5,59,37,"4,3,4",1,"4,3,4",True,0
2026-09-18T00:01:26,elo_1800,mimo-v2.5,51,39,"2,2,1",1,"2,2,1",True,0
2026-09-18T00:01:37,elo_1800,mimo-v2.5,57,39,"2,4,1",1,"2,4,1",True,0
2026-09-18T00:02:08,elo_1800,mimo-v2.5,50,40,"1,3,2",1,"1,3,2",True,0
2026-09-18T00:02:10,elo_1800,mimo-v2.5,58,39,"2,2,3",1,"2,2,3",True,0
2026-09-18T00:02:28,elo_1800,mimo-v2.5,63,37,"3,1,1",1,"3,1,1",True,0
2026-09-18T00:02:28,elo_1800,mimo-v2.5,62,39,"1,2,1",1,"1,2,1",True,0
2026-09-18T00:02:43,elo_1800,mimo-v2.5,56,36,"3,3,2",1,"3,3,2",True,0
2026-09-18T00:02:49,elo_1800,mimo-v2.5,61,37,"1,1,4",1,"1,1,4",True,0
2026-09-18T00:03:28,elo_1800,mimo-v2.5,66,37,"2,3,1",1,"2,3,1",True,0
2026-09-18T00:03:59,elo_1800,mimo-v2.5,68,37,"2,1,3",1,"2,1,3",True,0
2026-09-18T00:04:20,elo_1800,mimo-v2.5,65,36,"4,3,1",1,"4,3,1",True,0
2026-09-18T00:04:22,elo_1800,mimo-v2.5,55,38,"4,2,2",1,"3,2,3",False,0
2026-09-18T00:04:23,elo_1800,mimo-v2.5,70,36,"1,3,3",1,"1,3,3",True,0
2026-09-18T00:04:48,elo_1800,mimo-v2.5,69,41,"1,2,2",1,"3,4,3",False,0
2026-09-18T00:04:59,elo_1800,mimo-v2.5,72,42,"3,4,3",1,"3,4,3",True,0
2026-09-18T00:05:14,elo_1800,mimo-v2.5,67,40,"2,2,3",1,"4,4,4",False,0
2026-09-18T00:05:39,elo_1800,mimo-v2.5,60,36,"2,1,2",1,"3,2,1",False,0
2026-09-18T00:06:04,elo_1800,mimo-v2.5,71,38,"4,1,4",1,"4,1,4",True,0
2026-09-18T00:06:11,elo_1800,mimo-v2.5,74,40,"4,4,4",1,"4,4,4",True,0
2026-09-18T00:06:18,elo_1800,mimo-v2.5,75,39,"1,2,1",1,"1,2,1",True,0
2026-09-18T00:06:28,elo_1800,mimo-v2.5,76,38,"4,1,4",1,"4,1,4",True,0
2026-09-18T00:06:42,elo_1800,mimo-v2.5,78,36,"3,3,2",1,"3,3,2",True,0
2026-09-18T00:06:44,elo_1800,mimo-v2.5,77,39,"1,4,3",1,"1,4,3",True,0
2026-09-18T00:06:48,elo_1800,mimo-v2.5,20,36,"2,3,3",1,"2,3,3",True,1
2026-09-18T00:06:53,elo_1800,mimo-v2.5,81,37,"2,1,3",1,"2,1,3",True,0
2026-09-18T00:07:06,elo_1800,mimo-v2.5,73,37,"4,4,4",1,"4,4,4",True,0
2026-09-18T00:07:13,elo_1800,mimo-v2.5,82,37,"3,4,2",1,"3,4,2",True,0
2026-09-18T00:07:26,elo_1800,mimo-v2.5,84,38,"4,2,4",1,"4,2,4",True,0
2026-09-18T00:07:30,elo_1800,mimo-v2.5,85,41,"2,2,4",1,"2,2,4",True,0
2026-09-18T00:07:55,elo_1800,mimo-v2.5,80,37,"1,1,4",1,"1,1,4",True,0
2026-09-18T00:07:56,elo_1800,mimo-v2.5,90,37,"3,2,3",1,"3,2,3",True,0
2026-09-18T00:08:38,elo_1800,mimo-v2.5,86,39,"1,1,2",1,"1,1,2",True,0
2026-09-18T00:08:43,elo_1800,mimo-v2.5,89,40,"4,2,1",1,"1,1,3",False,0
2026-09-18T00:09:24,elo_1800,mimo-v2.5,88,37,"3,3,1",1,"3,3,1",True,0
2026-09-18T00:09:45,elo_1800,mimo-v2.5,83,40,"3,3,2",1,"3,3,2",True,0
2026-09-18T00:09:48,elo_1800,mimo-v2.5,87,41,"3,2,1",1,"3,2,1",True,0
2026-09-18T00:09:55,elo_1800,mimo-v2.5,79,40,"1,1,1",1,"1,1,1",True,0
2026-09-18T00:10:05,elo_1800,mimo-v2.5,92,38,"3,2,3",1,"3,2,3",True,0
2026-09-18T00:10:24,elo_1800,mimo-v2.5,98,37,"3,2,1",1,"3,2,1",True,0
2026-09-18T00:10:44,elo_1800,mimo-v2.5,94,38,"1,4,4",1,"1,4,4",True,0
2026-09-18T00:10:49,elo_1800,mimo-v2.5,97,37,"1,3,1",1,"1,3,1",True,0
2026-09-18T00:11:02,elo_1800,mimo-v2.5,91,36,"4,4,4",1,"2,4,3",False,0
2026-09-18T00:11:05,elo_1800,mimo-v2.5,93,40,"2,2,2",1,"2,2,2",True,0
2026-09-18T00:11:13,elo_1800,mimo-v2.5,100,38,"2,1,3",1,"2,1,3",True,0
2026-09-18T00:11:22,elo_1800,mimo-v2.5,64,40,"3,2,4",1,"3,2,4",True,1
2026-09-18T00:11:28,elo_1800,mimo-v2.5,95,38,"4,4,4",1,"4,4,4",True,0
2026-09-18T00:12:12,elo_1800,mimo-v2.5,96,36,"4,1,4",1,"4,1,4",True,0
2026-09-18T00:12:38,elo_1800,mimo-v2.5,99,39,"3,1,4",1,"3,1,4",True,0
2026-09-18T00:14:32,elo_1800,mimo-v2.5,44,36,"3,2,2",1,"1,4,4",False,2
2026-09-18T00:14:45,elo_2800,mimo-v2.5,2,39,"4,1,3",1,"4,1,3",True,0
2026-09-18T00:14:48,elo_2800,mimo-v2.5,4,36,"1,3,3",1,"1,3,3",True,0
2026-09-18T00:15:03,elo_2800,mimo-v2.5,1,36,"4,3,2",1,"4,3,2",True,0
2026-09-18T00:15:12,elo_2800,mimo-v2.5,6,37,"4,1,1",1,"4,1,1",True,0
2026-09-18T00:15:25,elo_2800,mimo-v2.5,13,41,"3,2,4",1,"3,2,4",True,0
2026-09-18T00:15:32,elo_2800,mimo-v2.5,5,38,"1,3,4",1,"1,3,4",True,0
2026-09-18T00:15:54,elo_2800,mimo-v2.5,10,37,"1,1,4",1,"1,1,4",True,0
2026-09-18T00:16:00,elo_2800,mimo-v2.5,16,37,"4,2,4",1,"4,2,4",True,0
2026-09-18T00:16:16,elo_2800,mimo-v2.5,12,37,"1,3,2",1,"1,3,2",True,0
2026-09-18T00:16:18,elo_2800,mimo-v2.5,7,38,"2,3,4",1,"2,3,4",True,0
2026-09-18T00:16:22,elo_2800,mimo-v2.5,15,39,"4,4,2",1,"4,4,2",True,0
2026-09-18T00:16:25,elo_2800,mimo-v2.5,8,36,"1,4,3",1,"1,4,3",True,0
2026-09-18T00:16:27,elo_2800,mimo-v2.5,3,36,"4,4,2",1,"4,4,2",True,0
2026-09-18T00:16:51,elo_2800,mimo-v2.5,14,39,"4,1,4",1,"4,1,4",True,0
2026-09-18T00:16:55,elo_2800,mimo-v2.5,9,39,"4,1,2",1,"4,1,2",True,0
2026-09-18T00:17:15,elo_2800,mimo-v2.5,21,39,"3,3,3",1,"3,3,3",True,0
2026-09-18T00:17:27,elo_2800,mimo-v2.5,20,36,"2,3,3",1,"2,3,3",True,0
2026-09-18T00:17:30,elo_2800,mimo-v2.5,24,37,"3,4,1",1,"3,4,1",True,0
2026-09-18T00:17:35,elo_2800,mimo-v2.5,26,41,"2,3,1",1,"2,3,1",True,0
2026-09-18T00:17:44,elo_2800,mimo-v2.5,17,39,"2,2,4",1,"2,2,4",True,0
2026-09-18T00:18:10,elo_2800,mimo-v2.5,30,37,"4,1,3",1,"4,1,3",True,0
2026-09-18T00:18:12,elo_2800,mimo-v2.5,19,37,"2,3,4",1,"2,3,4",True,0
2026-09-18T00:18:20,elo_2800,mimo-v2.5,28,39,"3,4,2",1,"3,4,2",True,0
2026-09-18T00:18:30,elo_2800,mimo-v2.5,23,40,"3,2,1",1,"3,2,1",True,0
2026-09-18T00:18:37,elo_2800,mimo-v2.5,18,36,"4,3,1",1,"2,3,2",False,0
2026-09-18T00:18:55,elo_2800,mimo-v2.5,27,36,"4,2,4",1,"4,2,4",True,0
2026-09-18T00:19:03,elo_2800,mimo-v2.5,35,37,"3,2,4",1,"3,2,4",True,0
2026-09-18T00:19:08,elo_2800,mimo-v2.5,25,39,"2,2,1",1,"2,2,1",True,0
2026-09-18T00:19:15,elo_2800,mimo-v2.5,22,37,"1,1,1",1,"1,1,1",True,0
2026-09-18T00:19:39,elo_2800,mimo-v2.5,38,41,"4,3,1",1,"4,3,1",True,0
2026-09-18T00:20:03,elo_2800,mimo-v2.5,34,36,"4,2,4",1,"4,2,4",True,1
2026-09-18T00:20:27,elo_2800,mimo-v2.5,32,37,"2,2,2",1,"2,2,2",True,0
2026-09-18T00:20:28,elo_2800,mimo-v2.5,41,39,"3,4,2",1,"3,4,2",True,0
2026-09-18T00:20:33,elo_2800,mimo-v2.5,37,37,"4,2,4",1,"4,2,4",True,0
2026-09-18T00:20:44,elo_2800,mimo-v2.5,33,40,"3,3,3",1,"3,3,3",True,0
2026-09-18T00:20:45,elo_2800,mimo-v2.5,39,37,"3,3,1",1,"3,3,1",True,0
2026-09-18T00:20:58,elo_2800,mimo-v2.5,31,38,"1,1,3",1,"1,1,3",True,0
2026-09-18T00:21:14,elo_2800,mimo-v2.5,40,36,"2,2,2",1,"2,2,2",True,0
2026-09-18T00:21:29,elo_2800,mimo-v2.5,42,39,"2,4,4",1,"2,4,4",True,0
2026-09-18T00:22:04,elo_2800,mimo-v2.5,47,40,"3,2,2",1,"3,2,2",True,0
2026-09-18T00:22:24,elo_2800,mimo-v2.5,29,41,"3,2,2",1,"3,2,2",True,0
2026-09-18T00:22:25,elo_2800,mimo-v2.5,45,37,"4,4,1",1,"4,4,1",True,0
2026-09-18T00:22:51,elo_2800,mimo-v2.5,11,39,"4,3,2",1,"4,3,2",True,1
2026-09-18T00:23:02,elo_2800,mimo-v2.5,50,40,"1,3,2",1,"1,3,2",True,0
2026-09-18T00:23:04,elo_2800,mimo-v2.5,52,36,"4,4,1",1,"4,4,1",True,0
2026-09-18T00:23:05,elo_2800,mimo-v2.5,46,36,"1,3,1",1,"1,3,1",True,0
2026-09-18T00:23:42,elo_2800,mimo-v2.5,53,38,"3,1,2",1,"3,1,2",True,0
2026-09-18T00:23:51,elo_2800,mimo-v2.5,51,39,"2,2,1",1,"2,2,1",True,0
2026-09-18T00:24:04,elo_2800,mimo-v2.5,49,38,"1,4,4",1,"1,4,4",True,0
2026-09-18T00:24:07,elo_2800,mimo-v2.5,43,36,"4,3,2",1,"2,1,1",False,0
2026-09-18T00:24:10,elo_2800,mimo-v2.5,36,41,"1,4,1",1,"1,4,1",True,0
2026-09-18T00:24:30,elo_2800,mimo-v2.5,59,37,"4,3,4",1,"4,3,4",True,0
2026-09-18T00:25:23,elo_2800,mimo-v2.5,54,36,"1,2,4",1,"1,2,4",True,1
2026-09-18T00:25:27,elo_2800,mimo-v2.5,61,37,"1,1,4",1,"1,1,4",True,0
2026-09-18T00:25:27,elo_2800,mimo-v2.5,56,36,"3,3,2",1,"3,3,2",True,0
2026-09-18T00:25:57,elo_2800,mimo-v2.5,63,37,"3,1,1",1,"3,1,1",True,0
2026-09-18T00:26:12,elo_2800,mimo-v2.5,48,39,"3,3,4",1,"1,1,1",False,0
2026-09-18T00:26:17,elo_2800,mimo-v2.5,58,39,"2,2,3",1,"3,2,2",False,0
2026-09-18T00:26:33,elo_2800,mimo-v2.5,55,38,"4,2,2",1,"4,2,2",True,0
2026-09-18T00:26:46,elo_2800,mimo-v2.5,68,37,"2,1,3",1,"2,1,3",True,0
2026-09-18T00:26:48,elo_2800,mimo-v2.5,66,37,"2,3,1",1,"2,3,1",True,0
2026-09-18T00:26:51,elo_2800,mimo-v2.5,60,36,"2,1,2",1,"2,1,2",True,0
2026-09-18T00:27:37,elo_2800,mimo-v2.5,62,39,"1,2,1",1,"1,2,1",True,0
2026-09-18T00:27:41,elo_2800,mimo-v2.5,64,40,"3,2,4",1,"3,2,4",True,0
2026-09-18T00:28:03,elo_2800,mimo-v2.5,69,41,"1,2,2",1,"1,2,2",True,0
2026-09-18T00:28:09,elo_2800,mimo-v2.5,71,38,"4,1,4",1,"4,1,4",True,0
2026-09-18T00:28:18,elo_2800,mimo-v2.5,72,42,"3,4,3",1,"3,4,3",True,0
2026-09-18T00:28:34,elo_2800,mimo-v2.5,57,39,"2,4,1",1,"2,4,1",True,1
2026-09-18T00:28:50,elo_2800,mimo-v2.5,77,39,"1,4,3",1,"1,4,3",True,0
2026-09-18T00:28:59,elo_2800,mimo-v2.5,76,38,"4,1,4",1,"4,1,4",True,0
2026-09-18T00:29:01,elo_2800,mimo-v2.5,67,40,"2,2,3",1,"2,2,3",True,0
2026-09-18T00:29:09,elo_2800,mimo-v2.5,74,40,"4,4,4",1,"4,4,4",True,0
2026-09-18T00:29:30,elo_2800,mimo-v2.5,73,37,"4,4,4",1,"4,4,4",True,0
2026-09-18T00:29:32,elo_2800,mimo-v2.5,65,36,"4,3,1",1,"4,3,1",True,0
2026-09-18T00:29:48,elo_2800,mimo-v2.5,82,37,"3,4,2",1,"3,4,2",True,0
2026-09-18T00:30:18,elo_2800,mimo-v2.5,79,40,"1,1,1",1,"1,1,1",True,0
2026-09-18T00:30:30,elo_2800,mimo-v2.5,80,37,"1,1,4",1,"1,1,4",True,0
2026-09-18T00:30:53,elo_2800,mimo-v2.5,86,39,"1,1,2",1,"1,1,2",True,0
2026-09-18T00:30:55,elo_2800,mimo-v2.5,85,41,"2,2,4",1,"2,2,4",True,0
2026-09-18T00:31:04,elo_2800,mimo-v2.5,70,36,"1,3,3",1,"1,1,4",False,0
2026-09-18T00:31:08,elo_2800,mimo-v2.5,75,39,"1,2,1",1,"1,2,1",True,1
2026-09-18T00:31:16,elo_2800,mimo-v2.5,88,37,"3,3,1",1,"3,3,1",True,0
2026-09-18T00:31:31,elo_2800,mimo-v2.5,90,37,"3,2,3",1,"4,4,1",False,0
2026-09-18T00:31:42,elo_2800,mimo-v2.5,78,36,"3,3,2",1,"1,1,3",False,0
2026-09-18T00:31:52,elo_2800,mimo-v2.5,44,36,"3,2,2",1,"3,2,2",True,1
2026-09-18T00:31:59,elo_2800,mimo-v2.5,89,40,"4,2,1",1,"4,2,1",True,0
2026-09-18T00:32:01,elo_2800,mimo-v2.5,93,40,"2,2,2",1,"2,2,2",True,0
2026-09-18T00:32:41,elo_2800,mimo-v2.5,91,36,"4,4,4",1,"4,4,4",True,0
2026-09-18T00:32:43,elo_2800,mimo-v2.5,97,37,"1,3,1",1,"1,3,1",True,0
2026-09-18T00:32:45,elo_2800,mimo-v2.5,92,38,"3,2,3",1,"3,2,3",True,0
2026-09-18T00:33:15,elo_2800,mimo-v2.5,84,38,"4,2,4",1,"4,2,4",True,0
2026-09-18T00:33:18,elo_2800,mimo-v2.5,100,38,"2,1,3",1,"2,1,3",True,0
2026-09-18T00:33:26,elo_2800,mimo-v2.5,98,37,"3,2,1",1,"3,2,1",True,0
2026-09-18T00:33:47,elo_2800,mimo-v2.5,83,40,"3,3,2",1,"3,3,2",True,1
2026-09-18T00:34:15,elo_2800,mimo-v2.5,96,36,"4,1,4",1,"4,1,4",True,0
2026-09-18T00:34:41,elo_2800,mimo-v2.5,94,38,"1,4,4",1,"4,4,2",False,0
2026-09-18T00:35:00,elo_2800,mimo-v2.5,95,38,"4,4,4",1,"4,4,4",True,0
2026-09-18T00:35:38,elo_2800,mimo-v2.5,81,37,"2,1,3",1,"2,1,3",True,1
2026-09-18T00:35:58,elo_2800,mimo-v2.5,99,39,"3,1,4",1,"4,4,2",False,0
2026-09-18T00:36:01,elo_2800,mimo-v2.5,87,41,"3,2,1",1,"3,2,1",True,0
2026-09-21T20:08:27,baseline,mimo-v2.5,5,37,"2,1,3",1,"2,1,3",True,0
2026-09-21T20:08:36,baseline,mimo-v2.5,2,38,"2,4,4",1,"2,4,1",False,0
2026-09-21T20:08:41,baseline,mimo-v2.5,9,37,"1,4,3",1,"1,4,3",True,0
2026-09-21T20:08:45,baseline,mimo-v2.5,7,36,"2,2,1",1,"2,2,1",True,0
2026-09-21T20:08:46,baseline,mimo-v2.5,6,36,"2,2,1",1,"2,1,3",False,0
2026-09-21T20:08:48,baseline,mimo-v2.5,10,37,"1,4,4",1,"1,4,4",True,0
2026-09-21T20:08:52,baseline,mimo-v2.5,3,38,"2,2,1",1,"2,2,1",True,0
2026-09-21T20:08:55,baseline,mimo-v2.5,15,37,"4,3,4",1,"4,3,4",True,0
2026-09-21T20:09:08,baseline,mimo-v2.5,8,37,"1,4,1",1,"1,4,1",True,0
2026-09-21T20:09:13,baseline,mimo-v2.5,14,36,"3,1,2",1,"3,1,2",True,0
2026-09-21T20:09:17,baseline,mimo-v2.5,13,36,"3,1,2",1,"4,2,4",False,0
2026-09-21T20:09:21,baseline,mimo-v2.5,20,37,"1,1,1",1,"1,1,1",True,0
2026-09-21T20:09:22,baseline,mimo-v2.5,18,38,"3,4,4",1,"3,4,4",True,0
2026-09-21T20:09:39,baseline,mimo-v2.5,19,39,"4,1,2",1,"4,1,2",True,0
2026-09-21T20:09:59,baseline,mimo-v2.5,23,37,"2,2,1",1,"2,2,1",True,0
2026-09-21T20:10:07,baseline,mimo-v2.5,22,39,"4,2,1",1,"4,2,1",True,0
2026-09-21T20:10:14,baseline,mimo-v2.5,24,37,"4,1,2",1,"4,1,2",True,0
2026-09-21T20:10:19,baseline,mimo-v2.5,12,37,"2,4,3",1,"2,4,3",True,0
2026-09-21T20:10:22,baseline,mimo-v2.5,1,37,"1,4,3",1,"4,1,1",False,1
2026-09-21T20:10:25,baseline,mimo-v2.5,26,36,"3,2,2",1,"3,2,2",True,0
2026-09-21T20:10:28,baseline,mimo-v2.5,27,38,"1,2,3",1,"1,2,3",True,0
2026-09-21T20:10:32,baseline,mimo-v2.5,17,41,"1,1,4",1,"4,3,1",False,0
2026-09-21T20:10:34,baseline,mimo-v2.5,25,36,"3,4,3",1,"3,4,3",True,0
2026-09-21T20:10:36,baseline,mimo-v2.5,21,40,"2,4,4",1,"1,1,2",False,0
2026-09-21T20:10:48,baseline,mimo-v2.5,33,39,"3,3,4",1,"3,3,4",True,0
2026-09-21T20:10:49,baseline,mimo-v2.5,31,37,"3,3,4",1,"3,3,4",True,0
2026-09-21T20:10:52,baseline,mimo-v2.5,11,39,"2,2,3",1,"2,2,3",True,1
2026-09-21T20:10:59,baseline,mimo-v2.5,32,37,"4,4,4",1,"4,4,4",True,0
2026-09-21T20:11:00,baseline,mimo-v2.5,37,38,"4,2,4",1,"4,2,4",True,0
2026-09-21T20:11:08,baseline,mimo-v2.5,39,39,"4,3,3",1,"4,3,3",True,0
2026-09-21T20:11:10,baseline,mimo-v2.5,30,41,"4,1,4",1,"3,2,2",False,0
2026-09-21T20:11:13,baseline,mimo-v2.5,35,36,"1,1,4",1,"1,1,4",True,0
2026-09-21T20:11:23,baseline,mimo-v2.5,38,37,"1,1,2",1,"1,1,2",True,0
2026-09-21T20:11:24,baseline,mimo-v2.5,29,38,"3,4,2",1,"3,4,2",True,0
2026-09-21T20:11:26,baseline,mimo-v2.5,41,38,"1,2,3",1,"1,2,3",True,0
2026-09-21T20:11:37,baseline,mimo-v2.5,40,41,"3,4,2",1,"3,4,2",True,0
2026-09-21T20:11:45,baseline,mimo-v2.5,34,39,"2,3,1",1,"1,1,3",False,0
2026-09-21T20:11:49,baseline,mimo-v2.5,46,37,"1,2,2",1,"1,2,2",True,0
2026-09-21T20:11:55,baseline,mimo-v2.5,44,39,"1,4,1",1,"1,4,1",True,0
2026-09-21T20:11:58,baseline,mimo-v2.5,42,37,"3,4,2",1,"3,4,2",True,0
2026-09-21T20:12:04,baseline,mimo-v2.5,50,36,"1,1,1",1,"1,1,1",True,0
2026-09-21T20:12:07,baseline,mimo-v2.5,48,38,"4,1,1",1,"4,1,1",True,0
2026-09-21T20:12:08,baseline,mimo-v2.5,16,37,"1,2,2",1,"1,2,2",True,1
2026-09-21T20:12:09,baseline,mimo-v2.5,43,38,"3,3,3",1,"3,2,4",False,0
2026-09-21T20:12:14,baseline,mimo-v2.5,45,36,"2,3,3",1,"2,3,3",True,0
2026-09-21T20:12:25,baseline,mimo-v2.5,28,39,"3,4,3",1,"4,3,4",False,0
2026-09-21T20:12:35,baseline,mimo-v2.5,51,37,"1,4,1",1,"1,4,1",True,0
2026-09-21T20:12:39,baseline,mimo-v2.5,53,36,"2,1,1",1,"2,1,1",True,0
2026-09-21T20:12:40,baseline,mimo-v2.5,56,36,"4,2,1",1,"4,2,1",True,0
2026-09-21T20:12:45,baseline,mimo-v2.5,47,36,"4,1,1",1,"4,1,1",True,0
2026-09-21T20:12:48,baseline,mimo-v2.5,54,40,"2,3,2",1,"2,3,2",True,0
2026-09-21T20:12:50,baseline,mimo-v2.5,58,37,"3,3,1",1,"3,3,1",True,0
2026-09-21T20:13:00,baseline,mimo-v2.5,55,42,"1,4,3",1,"1,4,3",True,0
2026-09-21T20:13:05,baseline,mimo-v2.5,59,36,"1,1,1",1,"1,1,1",True,0
2026-09-21T20:13:11,baseline,mimo-v2.5,4,42,"3,2,3",1,"1,4,4",False,2
2026-09-21T20:13:16,baseline,mimo-v2.5,57,36,"4,1,2",1,"4,1,2",True,0
2026-09-21T20:13:19,baseline,mimo-v2.5,60,40,"3,2,3",1,"3,2,3",True,0
2026-09-21T20:13:21,baseline,mimo-v2.5,62,37,"1,4,3",1,"3,4,3",False,0
2026-09-21T20:13:27,baseline,mimo-v2.5,64,40,"3,1,3",1,"3,1,3",True,0
2026-09-21T20:13:29,baseline,mimo-v2.5,65,39,"1,3,4",1,"1,3,4",True,0
2026-09-21T20:13:33,baseline,mimo-v2.5,36,41,"2,1,1",1,"4,3,1",False,1
2026-09-21T20:13:38,baseline,mimo-v2.5,52,37,"2,2,2",1,"1,4,3",False,0
2026-09-21T20:25:41,baseline,mimo-v2.5,72,38,"2,4,1",1,"2,4,1",True,0
2026-09-21T20:27:00,baseline,mimo-v2.5,73,37,"1,1,3",1,"1,1,3",True,0
2026-09-21T20:29:18,baseline,mimo-v2.5,74,42,"1,3,3",1,"1,3,3",True,0
2026-09-21T20:31:12,baseline,mimo-v2.5,75,38,"2,1,2",1,"3,3,3",False,0
2026-09-21T20:32:17,baseline,mimo-v2.5,76,36,"3,1,2",1,"3,1,2",True,0
2026-09-21T20:33:10,baseline,mimo-v2.5,77,37,"4,3,3",1,"4,3,3",True,0
2026-09-21T20:34:26,baseline,mimo-v2.5,61,40,"3,3,4",1,"3,3,4",True,0
2026-09-21T20:34:29,baseline,mimo-v2.5,49,38,"3,1,3",1,"3,1,3",True,1
2026-09-21T20:34:30,baseline,mimo-v2.5,70,36,"2,1,1",1,"2,1,1",True,0
2026-09-21T20:34:32,baseline,mimo-v2.5,63,39,"2,2,3",1,"2,2,3",True,0
2026-09-21T20:34:36,baseline,mimo-v2.5,67,40,"2,4,3",1,"2,4,3",True,0
2026-09-21T20:34:42,baseline,mimo-v2.5,78,41,"4,1,2",1,"4,1,2",True,0
2026-09-21T20:35:02,baseline,mimo-v2.5,80,37,"4,3,1",1,"4,4,4",False,0
2026-09-21T20:35:36,baseline,mimo-v2.5,81,38,"1,3,1",1,"1,3,1",True,0
2026-09-21T20:36:02,baseline,mimo-v2.5,83,42,"1,1,4",1,"1,1,4",True,0
2026-09-21T20:36:11,baseline,mimo-v2.5,68,38,"2,4,2",1,"2,4,2",True,0
2026-09-21T20:36:18,baseline,mimo-v2.5,87,41,"2,1,1",1,"2,1,1",True,0
2026-09-21T20:36:21,baseline,mimo-v2.5,85,36,"1,1,2",1,"1,1,2",True,0
2026-09-21T20:36:43,baseline,mimo-v2.5,84,36,"4,2,2",1,"4,2,2",True,0
2026-09-21T20:36:59,baseline,mimo-v2.5,88,38,"3,2,3",1,"3,2,3",True,0
2026-09-21T20:37:07,baseline,mimo-v2.5,82,37,"3,4,1",1,"3,4,1",True,0
2026-09-21T20:37:08,baseline,mimo-v2.5,71,37,"2,3,4",1,"2,3,4",True,0
2026-09-21T20:37:09,baseline,mimo-v2.5,79,37,"2,1,4",1,"2,1,4",True,0
2026-09-21T20:37:59,baseline,mimo-v2.5,93,37,"2,2,4",1,"2,2,4",True,0
2026-09-21T20:38:22,baseline,mimo-v2.5,96,41,"1,3,4",1,"1,3,4",True,0
2026-09-21T20:38:23,baseline,mimo-v2.5,90,39,"4,1,1",1,"4,1,1",True,0
2026-09-21T20:38:38,baseline,mimo-v2.5,91,37,"2,1,3",1,"2,1,3",True,0
2026-09-21T20:38:51,baseline,mimo-v2.5,89,36,"2,2,4",1,"2,2,4",True,0
2026-09-21T21:09:12,baseline,mimo-v2.5,66,39,"3,4,2",1,"4,1,4",False,0
2026-09-21T21:10:38,baseline,mimo-v2.5,101,40,"1,2,3",1,"1,2,3",True,0
2026-09-21T21:11:01,baseline,mimo-v2.5,99,36,"4,2,4",1,"4,2,4",True,0
2026-09-21T21:11:29,baseline,mimo-v2.5,95,39,"4,4,1",1,"4,4,1",True,0
2026-09-21T21:11:33,baseline,mimo-v2.5,94,37,"2,3,3",1,"2,3,3",True,0
2026-09-21T21:12:10,baseline,mimo-v2.5,69,42,"4,1,2",1,"4,1,2",True,1
2026-09-21T21:12:24,baseline,mimo-v2.5,97,42,"3,3,3",1,"3,3,3",True,0
2026-09-21T21:12:33,baseline,mimo-v2.5,100,37,"4,3,2",1,"4,3,2",True,0
2026-09-21T21:12:38,baseline,mimo-v2.5,104,36,"4,3,4",1,"4,3,4",True,0
2026-09-21T21:13:26,baseline,mimo-v2.5,98,40,"3,2,3",1,"3,2,3",True,0
2026-09-21T21:13:27,baseline,mimo-v2.5,106,37,"2,3,2",1,"2,3,2",True,0
2026-09-21T21:13:29,baseline,mimo-v2.5,102,36,"2,3,3",1,"2,3,3",True,0
2026-09-21T21:14:16,baseline,mimo-v2.5,110,37,"3,2,4",1,"3,2,4",True,0
2026-09-21T21:14:30,baseline,mimo-v2.5,111,36,"3,4,3",1,"3,4,3",True,0
2026-09-21T21:14:38,baseline,mimo-v2.5,112,37,"4,4,1",1,"4,4,1",True,0
2026-09-21T21:14:50,baseline,mimo-v2.5,107,37,"1,3,3",1,"1,3,3",True,0
2026-09-21T21:14:53,baseline,mimo-v2.5,114,42,"3,1,2",1,"3,1,2",True,0
2026-09-21T21:15:03,baseline,mimo-v2.5,115,42,"2,1,3",1,"2,1,3",True,0
2026-09-21T21:15:09,baseline,mimo-v2.5,105,37,"2,3,3",1,"2,3,3",True,0
2026-09-21T21:15:32,baseline,mimo-v2.5,103,37,"1,4,4",1,"1,4,4",True,0
2026-09-21T21:15:46,baseline,mimo-v2.5,108,41,"2,1,3",1,"2,1,3",True,0
2026-09-21T21:16:04,baseline,mimo-v2.5,113,36,"3,3,1",1,"3,3,1",True,0
2026-09-21T21:16:49,baseline,mimo-v2.5,117,36,"2,3,3",1,"2,3,3",True,0
2026-09-21T21:16:58,baseline,mimo-v2.5,118,36,"2,3,3",1,"4,2,3",False,0
2026-09-21T21:17:19,baseline,mimo-v2.5,116,42,"2,1,4",1,"2,1,4",True,0
2026-09-21T21:17:22,baseline,mimo-v2.5,121,36,"1,1,4",1,"1,1,4",True,0
2026-09-21T21:17:23,baseline,mimo-v2.5,122,38,"4,1,1",1,"4,1,1",True,0
2026-09-21T21:17:24,baseline,mimo-v2.5,86,40,"3,3,3",1,"1,2,3",False,1
2026-09-21T21:17:56,baseline,mimo-v2.5,124,38,"4,1,4",1,"4,1,4",True,0
2026-09-21T21:17:57,baseline,mimo-v2.5,128,36,"3,1,3",1,"3,1,3",True,0
2026-09-21T21:18:01,baseline,mimo-v2.5,127,37,"1,3,4",1,"1,3,4",True,0
2026-09-21T21:18:10,baseline,mimo-v2.5,119,36,"1,2,2",1,"4,4,3",False,0
2026-09-21T21:18:29,baseline,mimo-v2.5,132,41,"4,1,1",1,"4,1,1",True,0
2026-09-21T21:18:36,baseline,mimo-v2.5,120,37,"4,1,4",1,"4,1,4",True,0
2026-09-21T21:18:38,baseline,mimo-v2.5,131,40,"1,4,4",1,"1,4,4",True,0
2026-09-21T21:18:42,baseline,mimo-v2.5,109,37,"3,4,1",1,"3,3,3",False,0
2026-09-21T21:18:51,baseline,mimo-v2.5,130,37,"2,2,2",1,"2,2,2",True,0
2026-09-21T21:19:10,baseline,mimo-v2.5,133,41,"3,2,1",1,"3,2,1",True,0
2026-09-21T21:19:21,baseline,mimo-v2.5,126,38,"4,4,3",1,"4,4,3",True,0
2026-09-21T21:19:36,baseline,mimo-v2.5,92,37,"4,4,1",1,"4,4,1",True,1
2026-09-21T21:19:43,baseline,mimo-v2.5,129,37,"2,3,3",1,"4,4,1",False,0
2026-09-21T21:19:53,baseline,mimo-v2.5,140,37,"4,4,2",1,"4,4,2",True,0
2026-09-21T21:20:00,baseline,mimo-v2.5,137,38,"2,3,4",1,"2,3,4",True,0
2026-09-21T21:20:02,baseline,mimo-v2.5,136,40,"2,3,4",1,"2,3,4",True,0
2026-09-21T21:20:33,baseline,mimo-v2.5,134,41,"3,2,4",1,"3,2,4",True,0
2026-09-21T21:20:34,baseline,mimo-v2.5,125,37,"1,2,4",1,"1,2,4",True,0
2026-09-21T21:21:08,baseline,mimo-v2.5,138,38,"3,4,1",1,"3,4,1",True,0
2026-09-21T21:21:16,baseline,mimo-v2.5,145,36,"4,1,1",1,"4,1,1",True,0
2026-09-21T21:21:21,baseline,mimo-v2.5,141,40,"2,4,3",1,"2,4,3",True,0
2026-09-21T21:21:23,baseline,mimo-v2.5,144,38,"3,2,1",1,"3,2,1",True,0
2026-09-21T21:22:34,baseline,mimo-v2.5,147,41,"4,1,1",1,"4,1,1",True,0
2026-09-21T21:22:38,baseline,mimo-v2.5,139,38,"1,2,1",1,"1,2,1",True,0
2026-09-21T21:22:39,baseline,mimo-v2.5,149,37,"1,2,2",1,"1,2,2",True,0
2026-09-21T21:22:41,baseline,mimo-v2.5,143,41,"1,4,4",1,"1,4,4",True,0
2026-09-21T21:22:46,baseline,mimo-v2.5,146,39,"4,2,3",1,"4,2,3",True,0
2026-09-21T21:22:52,baseline,mimo-v2.5,123,37,"2,4,3",1,"4,2,1",False,0
2026-09-21T21:22:54,baseline,mimo-v2.5,135,36,"3,1,2",1,"3,1,2",True,0
2026-09-21T21:22:59,baseline,mimo-v2.5,142,38,"3,3,1",1,"3,3,1",True,0
2026-09-21T21:24:22,baseline,mimo-v2.5,151,36,"3,2,4",1,"3,2,4",True,0
2026-09-21T21:24:32,baseline,mimo-v2.5,157,39,"2,1,3",1,"2,1,3",True,0
2026-09-21T21:25:07,baseline,mimo-v2.5,152,41,"1,3,3",1,"3,3,3",False,0
2026-09-21T21:25:53,baseline,mimo-v2.5,150,37,"3,2,2",1,"3,2,2",True,0
2026-09-21T21:26:04,baseline,mimo-v2.5,156,37,"1,2,1",1,"1,1,4",False,0
2026-09-21T21:26:04,baseline,mimo-v2.5,160,40,"3,1,2",1,"3,1,2",True,0
2026-09-21T21:26:28,baseline,mimo-v2.5,155,39,"4,3,2",1,"4,3,2",True,0
2026-09-21T21:26:28,baseline,mimo-v2.5,153,38,"3,3,3",1,"3,3,3",True,0
2026-09-21T21:26:44,baseline,mimo-v2.5,154,37,"2,1,1",1,"2,1,1",True,0
2026-09-21T21:26:46,baseline,mimo-v2.5,163,36,"2,2,1",1,"2,2,1",True,0
2026-09-21T21:27:03,baseline,mimo-v2.5,165,37,"2,4,3",1,"2,4,3",True,0
2026-09-21T21:27:07,baseline,mimo-v2.5,161,36,"1,1,4",1,"1,1,4",True,0
2026-09-21T21:27:39,baseline,mimo-v2.5,162,37,"2,3,4",1,"2,3,4",True,0
2026-09-21T21:27:42,baseline,mimo-v2.5,170,42,"3,4,1",1,"3,4,1",True,0
2026-09-21T21:28:00,baseline,mimo-v2.5,169,37,"2,2,1",1,"2,2,1",True,0
2026-09-21T21:28:08,baseline,mimo-v2.5,172,37,"4,1,2",1,"4,1,2",True,0
2026-09-21T21:28:11,baseline,mimo-v2.5,159,38,"3,2,1",1,"3,2,1",True,0
2026-09-21T21:28:15,baseline,mimo-v2.5,168,39,"2,1,1",1,"2,1,1",True,0
2026-09-21T21:28:21,baseline,mimo-v2.5,158,41,"3,2,3",1,"3,2,3",True,0
2026-09-21T21:28:23,baseline,mimo-v2.5,148,38,"4,1,1",1,"4,1,1",True,1
2026-09-21T21:28:42,baseline,mimo-v2.5,164,37,"1,2,2",1,"1,2,2",True,0
2026-09-21T21:28:43,baseline,mimo-v2.5,177,40,"4,4,2",1,"4,4,2",True,0
2026-09-21T21:28:50,baseline,mimo-v2.5,166,36,"3,1,1",1,"3,1,1",True,0
2026-09-21T21:29:21,baseline,mimo-v2.5,174,39,"1,3,1",1,"1,3,1",True,0
2026-09-21T21:29:50,baseline,mimo-v2.5,178,36,"3,2,4",1,"3,2,4",True,0
2026-09-21T21:29:56,baseline,mimo-v2.5,171,37,"4,4,3",1,"4,4,3",True,0
2026-09-21T21:29:57,baseline,mimo-v2.5,176,37,"1,2,3",1,"1,2,3",True,0
2026-09-21T21:29:59,baseline,mimo-v2.5,182,39,"3,4,1",1,"3,4,1",True,0
2026-09-21T21:30:10,baseline,mimo-v2.5,181,40,"3,4,4",1,"2,1,3",False,0
2026-09-21T21:30:33,baseline,mimo-v2.5,173,36,"1,3,3",1,"1,3,3",True,0
2026-09-21T21:30:37,baseline,mimo-v2.5,185,38,"1,1,2",1,"1,1,2",True,0
2026-09-21T21:30:42,baseline,mimo-v2.5,186,38,"1,4,4",1,"1,4,4",True,0
2026-09-21T21:30:57,baseline,mimo-v2.5,179,41,"1,3,2",1,"1,3,2",True,0
2026-09-21T21:31:42,baseline,mimo-v2.5,175,41,"3,3,1",1,"3,3,1",True,0
2026-09-21T21:31:53,baseline,mimo-v2.5,189,40,"4,2,4",1,"4,2,4",True,0
2026-09-21T21:31:58,baseline,mimo-v2.5,180,36,"1,4,1",1,"1,4,1",True,0
2026-09-21T21:32:12,baseline,mimo-v2.5,193,39,"3,3,1",1,"3,3,1",True,0
2026-09-21T21:32:17,baseline,mimo-v2.5,187,37,"3,3,3",1,"3,3,3",True,0
2026-09-21T21:32:32,baseline,mimo-v2.5,184,39,"4,3,3",1,"4,3,3",True,0
2026-09-21T21:32:56,baseline,mimo-v2.5,196,38,"4,2,1",1,"1,1,1",False,0
2026-09-21T21:33:07,baseline,mimo-v2.5,183,38,"2,1,3",1,"2,1,3",True,0
2026-09-21T21:33:08,baseline,mimo-v2.5,194,37,"1,4,4",1,"1,4,4",True,0
2026-09-21T21:33:09,baseline,mimo-v2.5,197,36,"3,4,4",1,"3,4,4",True,0
2026-09-21T21:33:13,baseline,mimo-v2.5,191,36,"4,4,1",1,"4,4,1",True,0
2026-09-21T21:33:31,baseline,mimo-v2.5,195,39,"4,1,2",1,"4,1,2",True,0
2026-09-21T21:33:33,baseline,mimo-v2.5,199,41,"3,2,1",1,"3,2,1",True,0
2026-09-21T21:33:37,baseline,mimo-v2.5,167,40,"2,1,2",1,"2,3,2",False,0
2026-09-21T21:34:11,baseline,mimo-v2.5,190,36,"2,2,3",1,"2,1,2",False,0
2026-09-21T21:34:57,baseline,mimo-v2.5,192,38,"4,2,3",1,"4,2,3",True,0
2026-09-21T21:35:07,baseline,mimo-v2.5,200,37,"3,1,2",1,"3,1,2",True,0
2026-09-21T21:35:34,baseline,mimo-v2.5,198,39,"2,2,3",1,"3,4,3",False,0
2026-09-21T21:38:28,baseline,mimo-v2.5,188,37,"2,2,4",1,"2,4,2",False,0
