timestamp,etichetta_variante,modello,posizione_id,numero_pedine,mossa_ottimale,valore_teorico,mossa_scelta_llm,e_ottimale,tentativi_falliti
2026-08-20T11:31:21,elo_800,mimo-v2.5,6,34,a2,1,a2,True,0
2026-08-20T11:31:24,elo_800,mimo-v2.5,5,34,a2,-1,a2,True,0
2026-08-20T11:31:29,elo_800,mimo-v2.5,12,27,b2,-1,b2,True,0
2026-08-20T11:31:35,elo_800,mimo-v2.5,13,32,a4,-1,a4,True,0
2026-08-20T11:31:57,elo_800,mimo-v2.5,2,26,b3,1,c1,False,0
2026-08-20T11:32:05,elo_800,mimo-v2.5,4,29,e2,0,a1,False,0
2026-08-20T11:32:14,elo_800,mimo-v2.5,11,24,f6,1,f6,True,0
2026-08-20T11:32:18,elo_800,mimo-v2.5,7,25,c1,0,e6,False,0
2026-08-20T11:32:39,elo_800,mimo-v2.5,3,29,f1,1,a1,False,0
2026-08-20T11:32:42,elo_800,mimo-v2.5,15,28,d6,1,a6,False,0
2026-08-20T11:32:45,elo_800,mimo-v2.5,9,28,a1,1,a1,True,0
2026-08-20T11:32:52,elo_800,mimo-v2.5,10,27,f6,0,c2,False,0
2026-08-20T11:33:00,elo_800,mimo-v2.5,1,31,b1,1,b1,True,0
2026-08-20T11:33:03,elo_800,mimo-v2.5,14,30,a1,1,a1,True,0
2026-08-20T11:33:21,elo_800,mimo-v2.5,18,29,b2,1,b1,False,0
2026-08-20T11:33:31,elo_800,mimo-v2.5,17,24,f1,1,b4,False,0
2026-08-20T11:33:35,elo_800,mimo-v2.5,16,27,e6,1,b2,False,0
2026-08-20T11:33:36,elo_800,mimo-v2.5,23,29,d6,0,b4,False,0
2026-08-20T11:33:36,elo_800,mimo-v2.5,25,33,a2,-1,a2,True,0
2026-08-20T11:33:44,elo_800,mimo-v2.5,26,24,a6,1,d1,False,0
2026-08-20T11:34:01,elo_800,mimo-v2.5,27,25,c5,-1,c5,True,0
2026-08-20T11:34:07,elo_800,mimo-v2.5,28,31,a5,-1,a5,True,0
2026-08-20T11:34:23,elo_800,mimo-v2.5,32,34,c6,1,c6,True,0
2026-08-20T11:34:24,elo_800,mimo-v2.5,31,31,e5,1,e5,True,0
2026-08-20T11:34:31,elo_800,mimo-v2.5,22,30,f6,1,f6,True,0
2026-08-20T11:34:35,elo_800,mimo-v2.5,20,30,e1,1,a4,False,0
2026-08-20T11:34:36,elo_800,mimo-v2.5,19,27,a1,1,a1,True,0
2026-08-20T11:34:43,elo_800,mimo-v2.5,21,29,d1,1,e5,False,0
2026-08-20T11:34:51,elo_800,mimo-v2.5,38,31,f6,0,f6,True,0
2026-08-20T11:34:54,elo_800,mimo-v2.5,33,34,e1,-1,e1,True,0
2026-08-20T11:34:59,elo_800,mimo-v2.5,40,34,c6,-1,c6,True,0
2026-08-20T11:35:01,elo_800,mimo-v2.5,29,29,f3,0,a1,False,0
2026-08-20T11:35:03,elo_800,mimo-v2.5,36,28,a1,1,a1,True,0
2026-08-20T11:35:05,elo_800,mimo-v2.5,8,30,e5,1,e1,False,0
2026-08-20T11:35:10,elo_800,mimo-v2.5,42,33,a3,-1,a3,True,0
2026-08-20T11:35:15,elo_800,mimo-v2.5,37,31,a3,-1,a3,True,0
2026-08-20T11:35:18,elo_800,mimo-v2.5,30,30,a1,1,a1,True,0
2026-08-20T11:35:24,elo_800,mimo-v2.5,45,33,b6,1,b6,True,0
2026-08-20T11:35:26,elo_800,mimo-v2.5,47,33,b1,-1,b1,True,0
2026-08-20T11:35:29,elo_800,mimo-v2.5,41,33,f3,1,f3,True,0
2026-08-20T11:35:35,elo_800,mimo-v2.5,50,34,e5,-1,e5,True,0
2026-08-20T11:35:44,elo_800,mimo-v2.5,34,31,a2,1,f1,False,0
2026-08-20T11:35:47,elo_800,mimo-v2.5,43,27,f3,1,f1,False,0
2026-08-20T11:36:11,elo_800,mimo-v2.5,52,33,b5,-1,b5,True,0
2026-08-20T11:36:17,elo_800,mimo-v2.5,35,31,f2,1,f5,False,0
2026-08-20T11:36:25,elo_800,mimo-v2.5,49,33,a6,1,a6,True,0
2026-08-20T11:36:37,elo_800,mimo-v2.5,48,25,f1,1,f1,True,0
2026-08-20T11:36:45,elo_800,mimo-v2.5,53,33,b4,1,e5,False,0
2026-08-20T11:36:51,elo_800,mimo-v2.5,58,33,e1,0,e1,True,0
2026-08-20T11:36:53,elo_800,mimo-v2.5,46,28,a6,1,a6,True,0
2026-08-20T11:37:07,elo_800,mimo-v2.5,60,33,a5,1,a5,True,0
2026-08-20T11:37:10,elo_800,mimo-v2.5,59,28,b3,1,a4,False,0
2026-08-20T11:37:11,elo_800,mimo-v2.5,57,27,f2,-1,f2,True,0
2026-08-20T11:37:13,elo_800,mimo-v2.5,39,30,d1,1,a5,False,0
2026-08-20T11:37:20,elo_800,mimo-v2.5,51,26,f2,1,c1,False,0
2026-08-20T11:37:26,elo_800,mimo-v2.5,55,25,b2,1,f1,False,0
2026-08-20T11:37:28,elo_800,mimo-v2.5,44,25,f5,1,d6,False,0
2026-08-20T11:37:40,elo_800,mimo-v2.5,64,34,f5,-1,f5,True,0
2026-08-20T11:37:49,elo_800,mimo-v2.5,56,30,f5,1,c1,False,0
2026-08-20T11:37:49,elo_800,mimo-v2.5,62,29,f1,0,a5,False,0
2026-08-20T11:37:55,elo_800,mimo-v2.5,63,30,c1,1,e4,False,0
2026-08-20T11:38:00,elo_800,mimo-v2.5,70,34,e1,-1,e1,True,0
2026-08-20T11:38:09,elo_800,mimo-v2.5,71,34,f5,-1,f5,True,0
2026-08-20T11:38:11,elo_800,mimo-v2.5,72,34,a1,1,a1,True,0
2026-08-20T11:38:28,elo_800,mimo-v2.5,61,33,a4,0,a6,False,0
2026-08-20T11:38:33,elo_800,mimo-v2.5,67,31,b4,1,c1,False,0
2026-08-20T11:38:35,elo_800,mimo-v2.5,68,29,f4,0,f6,False,0
2026-08-20T11:38:47,elo_800,mimo-v2.5,66,25,f5,0,e1,False,0
2026-08-20T11:38:50,elo_800,mimo-v2.5,74,33,f2,1,f2,True,0
2026-08-20T11:38:53,elo_800,mimo-v2.5,65,29,f1,1,b6,False,0
2026-08-20T11:38:55,elo_800,mimo-v2.5,76,28,f1,1,f4,False,0
2026-08-20T11:39:02,elo_800,mimo-v2.5,78,30,a1,0,a1,True,0
2026-08-20T11:39:10,elo_800,mimo-v2.5,77,32,b5,-1,b5,True,0
2026-08-20T11:39:15,elo_800,mimo-v2.5,83,34,c1,1,c1,True,0
2026-08-20T11:39:21,elo_800,mimo-v2.5,84,28,b1,-1,b1,True,0
2026-08-20T11:39:23,elo_800,mimo-v2.5,24,31,e1,1,e5,False,1
2026-08-20T11:39:29,elo_800,mimo-v2.5,75,26,f1,1,f1,True,0
2026-08-20T11:39:39,elo_800,mimo-v2.5,79,26,a2,0,f1,False,0
2026-08-20T11:39:39,elo_800,mimo-v2.5,87,32,e1,-1,e1,True,0
2026-08-20T11:39:49,elo_800,mimo-v2.5,89,28,a1,-1,a1,True,0
2026-08-20T11:40:00,elo_800,mimo-v2.5,81,28,e6,1,b3,False,0
2026-08-20T11:40:07,elo_800,mimo-v2.5,69,32,f1,1,a6,False,0
2026-08-20T11:40:08,elo_800,mimo-v2.5,73,25,a3,0,b3,False,0
2026-08-20T11:40:08,elo_800,mimo-v2.5,91,30,f4,1,f4,True,0
2026-08-20T11:40:17,elo_800,mimo-v2.5,82,28,f1,1,c5,False,0
2026-08-20T11:40:27,elo_800,mimo-v2.5,80,33,a3,1,b1,False,0
2026-08-20T11:40:27,elo_800,mimo-v2.5,88,25,f1,0,e4,False,0
2026-08-20T11:40:44,elo_800,mimo-v2.5,85,30,f3,1,f3,True,0
2026-08-20T11:40:55,elo_800,mimo-v2.5,98,32,a6,-1,a6,True,0
2026-08-20T11:41:05,elo_800,mimo-v2.5,99,33,f5,-1,f5,True,0
2026-08-20T11:41:06,elo_800,mimo-v2.5,94,31,f4,1,a3,False,0
2026-08-20T11:41:07,elo_800,mimo-v2.5,90,34,d2,0,e6,False,0
2026-08-20T11:41:20,elo_800,mimo-v2.5,100,28,a6,0,a6,True,0
2026-08-20T11:41:28,elo_800,mimo-v2.5,95,31,f3,1,f5,False,0
2026-08-20T11:41:35,elo_800,mimo-v2.5,96,32,f1,1,f1,True,0
2026-08-20T11:41:46,elo_800,mimo-v2.5,97,25,f1,1,f1,True,0
2026-08-20T11:41:47,elo_800,mimo-v2.5,92,24,f4,1,f1,False,0
2026-08-20T11:42:06,elo_800,mimo-v2.5,93,26,a4,1,a4,True,0
2026-08-20T11:42:13,elo_800,mimo-v2.5,86,24,a1,1,a1,True,0
2026-08-20T11:43:13,elo_800,mimo-v2.5,54,32,a4,1,b1,False,1
2026-08-20T11:43:21,elo_1800,mimo-v2.5,5,34,a2,-1,a2,True,0
2026-08-20T11:43:29,elo_1800,mimo-v2.5,6,34,a2,1,a2,True,0
2026-08-20T11:43:35,elo_1800,mimo-v2.5,12,27,b2,-1,b2,True,0
2026-08-20T11:43:56,elo_1800,mimo-v2.5,13,32,a4,-1,a4,True,0
2026-08-20T11:44:20,elo_1800,mimo-v2.5,14,30,a1,1,a1,True,0
2026-08-20T11:44:30,elo_1800,mimo-v2.5,4,29,e2,0,a1,False,0
2026-08-20T11:44:42,elo_1800,mimo-v2.5,1,31,b1,1,f6,False,0
2026-08-20T11:44:44,elo_1800,mimo-v2.5,10,27,f6,0,c2,False,0
2026-08-20T11:44:54,elo_1800,mimo-v2.5,8,30,e5,1,f1,False,0
2026-08-20T11:45:01,elo_1800,mimo-v2.5,3,29,f1,1,a1,False,0
2026-08-20T11:45:36,elo_1800,mimo-v2.5,15,28,d6,1,b1,False,0
2026-08-20T11:46:08,elo_1800,mimo-v2.5,9,28,a1,1,a1,True,0
2026-08-20T11:46:36,elo_1800,mimo-v2.5,21,29,d1,1,e5,False,0
2026-08-20T11:46:46,elo_1800,mimo-v2.5,17,24,f1,1,f1,True,0
2026-08-20T11:47:10,elo_1800,mimo-v2.5,16,27,e6,1,e6,True,0
2026-08-20T11:47:14,elo_1800,mimo-v2.5,23,29,d6,0,a6,False,0
2026-08-20T11:47:41,elo_1800,mimo-v2.5,25,33,a2,-1,a2,True,0
2026-08-20T11:47:46,elo_1800,mimo-v2.5,18,29,b2,1,b2,True,0
2026-08-20T11:47:53,elo_1800,mimo-v2.5,28,31,a5,-1,a5,True,0
2026-08-20T11:47:55,elo_1800,mimo-v2.5,19,27,a1,1,a1,True,0
2026-08-20T11:47:56,elo_1800,mimo-v2.5,27,25,c5,-1,c5,True,0
2026-08-20T11:47:58,elo_1800,mimo-v2.5,20,30,e1,1,a6,False,0
2026-08-20T11:48:06,elo_1800,mimo-v2.5,31,31,e5,1,e5,True,0
2026-08-20T11:48:13,elo_1800,mimo-v2.5,32,34,c6,1,c6,True,0
2026-08-20T11:48:16,elo_1800,mimo-v2.5,33,34,e1,-1,e1,True,0
2026-08-20T11:48:32,elo_1800,mimo-v2.5,24,31,e1,1,e5,False,0
2026-08-20T11:48:41,elo_1800,mimo-v2.5,29,29,f3,0,a1,False,0
2026-08-20T11:48:54,elo_1800,mimo-v2.5,37,31,a3,-1,a3,True,0
2026-08-20T11:49:00,elo_1800,mimo-v2.5,38,31,f6,0,f6,True,0
2026-08-20T11:49:00,elo_1800,mimo-v2.5,36,28,a1,1,a1,True,0
2026-08-20T11:49:05,elo_1800,mimo-v2.5,40,34,c6,-1,c6,True,0
2026-08-20T11:49:06,elo_1800,mimo-v2.5,2,26,b3,1,b3,True,1
2026-08-20T11:49:12,elo_1800,mimo-v2.5,30,30,a1,1,a1,True,0
2026-08-20T11:49:15,elo_1800,mimo-v2.5,42,33,a3,-1,a3,True,0
2026-08-20T11:49:42,elo_1800,mimo-v2.5,7,25,c1,0,e6,False,1
2026-08-20T11:49:49,elo_1800,mimo-v2.5,35,31,f2,1,f2,True,0
2026-08-20T11:49:50,elo_1800,mimo-v2.5,39,30,d1,1,a5,False,0
2026-08-20T11:50:03,elo_1800,mimo-v2.5,45,33,b6,1,b6,True,0
2026-08-20T11:50:05,elo_1800,mimo-v2.5,47,33,b1,-1,b1,True,0
2026-08-20T11:50:21,elo_1800,mimo-v2.5,49,33,a6,1,a6,True,0
2026-08-20T11:50:23,elo_1800,mimo-v2.5,34,31,a2,1,f6,False,0
2026-08-20T11:50:26,elo_1800,mimo-v2.5,44,25,f5,1,d6,False,0
2026-08-20T11:50:37,elo_1800,mimo-v2.5,52,33,b5,-1,b5,True,0
2026-08-20T11:50:50,elo_1800,mimo-v2.5,50,34,e5,-1,e5,True,0
2026-08-20T11:51:07,elo_1800,mimo-v2.5,54,32,a4,1,a4,True,0
2026-08-20T11:51:19,elo_1800,mimo-v2.5,11,24,f6,1,f6,True,1
2026-08-20T11:51:22,elo_1800,mimo-v2.5,48,25,f1,1,f1,True,0
2026-08-20T11:51:27,elo_1800,mimo-v2.5,53,33,b4,1,e5,False,0
2026-08-20T11:51:34,elo_1800,mimo-v2.5,57,27,f2,-1,f2,True,0
2026-08-20T11:51:40,elo_1800,mimo-v2.5,43,27,f3,1,f1,False,0
2026-08-20T11:51:51,elo_1800,mimo-v2.5,58,33,e1,0,e1,True,0
2026-08-20T11:51:59,elo_1800,mimo-v2.5,46,28,a6,1,a6,True,0
2026-08-20T11:52:21,elo_1800,mimo-v2.5,60,33,a5,1,a5,True,0
2026-08-20T11:52:49,elo_1800,mimo-v2.5,59,28,b3,1,a5,False,0
2026-08-20T11:53:10,elo_1800,mimo-v2.5,64,34,f5,-1,f5,True,0
2026-08-20T11:53:32,elo_1800,mimo-v2.5,41,33,f3,1,d6,False,0
2026-08-20T11:53:39,elo_1800,mimo-v2.5,55,25,b2,1,f1,False,0
2026-08-20T11:53:44,elo_1800,mimo-v2.5,51,26,f2,1,f2,True,0
2026-08-20T11:54:14,elo_1800,mimo-v2.5,66,25,f5,0,a1,False,0
2026-08-20T11:54:21,elo_1800,mimo-v2.5,26,24,a6,1,a6,True,1
2026-08-20T11:54:26,elo_1800,mimo-v2.5,70,34,e1,-1,e1,True,0
2026-08-20T11:54:34,elo_1800,mimo-v2.5,22,30,f6,1,f6,True,1
2026-08-20T11:54:36,elo_1800,mimo-v2.5,71,34,f5,-1,f5,True,0
2026-08-20T11:54:55,elo_1800,mimo-v2.5,63,30,c1,1,e4,False,0
2026-08-20T11:54:57,elo_1800,mimo-v2.5,68,29,f4,0,f4,True,0
2026-08-20T11:55:04,elo_1800,mimo-v2.5,74,33,f2,1,f2,True,0
2026-08-20T11:55:13,elo_1800,mimo-v2.5,72,34,a1,1,a1,True,0
2026-08-20T11:55:15,elo_1800,mimo-v2.5,67,31,b4,1,a3,False,0
2026-08-20T11:55:22,elo_1800,mimo-v2.5,61,33,a4,0,a4,True,0
2026-08-20T11:55:30,elo_1800,mimo-v2.5,77,32,b5,-1,b5,True,0
2026-08-20T11:55:57,elo_1800,mimo-v2.5,56,30,f5,1,c1,False,0
2026-08-20T11:56:05,elo_1800,mimo-v2.5,62,29,f1,0,f1,True,0
2026-08-20T11:56:19,elo_1800,mimo-v2.5,78,30,a1,0,a1,True,0
2026-08-20T11:56:30,elo_1800,mimo-v2.5,83,34,c1,1,c1,True,0
2026-08-20T11:56:45,elo_1800,mimo-v2.5,81,28,e6,1,c1,False,0
2026-08-20T11:57:03,elo_1800,mimo-v2.5,84,28,b1,-1,b1,True,0
2026-08-20T11:57:03,elo_1800,mimo-v2.5,65,29,f1,1,f1,True,0
2026-08-20T11:57:11,elo_1800,mimo-v2.5,87,32,e1,-1,e1,True,0
2026-08-20T11:57:13,elo_1800,mimo-v2.5,75,26,f1,1,f6,False,0
2026-08-20T11:57:28,elo_1800,mimo-v2.5,89,28,a1,-1,a1,True,0
2026-08-20T11:58:33,elo_1800,mimo-v2.5,82,28,f1,1,f1,True,0
2026-08-20T11:58:38,elo_1800,mimo-v2.5,91,30,f4,1,f4,True,0
2026-08-20T11:58:58,elo_1800,mimo-v2.5,73,25,a3,0,b3,False,0
2026-08-20T11:59:28,elo_1800,mimo-v2.5,88,25,f1,0,f1,True,0
2026-08-20T11:59:35,elo_1800,mimo-v2.5,86,24,a1,1,a1,True,0
2026-08-20T11:59:46,elo_1800,mimo-v2.5,76,28,f1,1,f1,True,0
2026-08-20T11:59:46,elo_1800,mimo-v2.5,80,33,a3,1,a3,True,0
2026-08-20T11:59:54,elo_1800,mimo-v2.5,90,34,d2,0,e6,False,0
2026-08-20T12:00:07,elo_1800,mimo-v2.5,98,32,a6,-1,a6,True,0
2026-08-20T12:00:11,elo_1800,mimo-v2.5,92,24,f4,1,f1,False,0
2026-08-20T12:00:13,elo_1800,mimo-v2.5,99,33,f5,-1,f5,True,0
2026-08-20T12:00:48,elo_1800,mimo-v2.5,97,25,f1,1,f1,True,0
2026-08-20T12:01:14,elo_1800,mimo-v2.5,95,31,f3,1,f5,False,0
2026-08-20T12:01:24,elo_1800,mimo-v2.5,93,26,a4,1,e2,False,0
2026-08-20T12:01:40,elo_1800,mimo-v2.5,96,32,f1,1,f6,False,0
2026-08-20T12:01:41,elo_1800,mimo-v2.5,100,28,a6,0,a6,True,0
2026-08-20T12:01:57,elo_1800,mimo-v2.5,69,32,f1,1,a5,False,1
2026-08-20T12:03:33,elo_1800,mimo-v2.5,85,30,f3,1,e1,False,1
2026-08-20T12:13:28,elo_2800,mimo-v2.5,6,34,a6,1,a6,True,0
2026-08-20T12:13:31,elo_2800,mimo-v2.5,5,34,f5,-1,f5,True,0
2026-08-20T12:13:32,elo_2800,mimo-v2.5,7,32,a1,1,a1,True,0
2026-08-20T12:13:34,elo_2800,mimo-v2.5,2,33,b4,-1,b4,True,0
2026-08-20T12:13:35,elo_2800,mimo-v2.5,12,30,b1,-1,b1,True,0
2026-08-20T12:13:42,elo_2800,mimo-v2.5,13,28,e1,-1,e1,True,0
2026-08-20T12:13:43,elo_2800,mimo-v2.5,14,34,e6,-1,e6,True,0
2026-08-20T12:13:56,elo_2800,mimo-v2.5,10,32,b5,-1,b5,True,0
2026-08-20T12:14:25,elo_2800,mimo-v2.5,15,34,f6,0,f6,True,0
2026-08-20T12:14:38,elo_2800,mimo-v2.5,19,24,c6,-1,c6,True,0
2026-08-20T12:14:43,elo_2800,mimo-v2.5,9,34,e1,1,c6,False,0
2026-08-20T12:14:45,elo_2800,mimo-v2.5,20,32,b5,-1,b5,True,0
2026-08-20T12:15:01,elo_2800,mimo-v2.5,3,28,c6,1,a1,False,0
2026-08-20T12:15:06,elo_2800,mimo-v2.5,16,29,a6,1,a1,False,0
2026-08-20T12:15:16,elo_2800,mimo-v2.5,18,30,f6,1,f1,False,0
2026-08-20T12:15:16,elo_2800,mimo-v2.5,23,30,c1,-1,c1,True,0
2026-08-20T12:15:19,elo_2800,mimo-v2.5,24,34,a5,-1,a5,True,0
2026-08-20T12:16:20,elo_2800,mimo-v2.5,22,25,d6,0,a1,False,0
2026-08-20T12:16:29,elo_2800,mimo-v2.5,28,31,b1,-1,b1,True,0
2026-08-20T12:16:32,elo_2800,mimo-v2.5,26,28,a6,1,a6,True,0
2026-08-20T12:17:19,elo_2800,mimo-v2.5,4,33,a6,0,a6,True,0
2026-08-20T12:17:40,elo_2800,mimo-v2.5,27,26,b1,1,d6,False,0
2026-08-20T12:17:52,elo_2800,mimo-v2.5,31,32,a4,1,a4,True,0
2026-08-20T12:18:01,elo_2800,mimo-v2.5,25,33,d1,1,f5,False,0
2026-08-20T12:18:05,elo_2800,mimo-v2.5,33,34,e6,-1,e6,True,0
2026-08-20T12:18:13,elo_2800,mimo-v2.5,29,26,c6,0,f1,False,0
2026-08-20T12:18:20,elo_2800,mimo-v2.5,35,33,a5,-1,a5,True,0
2026-08-20T12:18:20,elo_2800,mimo-v2.5,11,33,e2,1,e2,True,0
2026-08-20T12:18:32,elo_2800,mimo-v2.5,37,30,c1,-1,c1,True,0
2026-08-20T12:18:44,elo_2800,mimo-v2.5,36,34,b1,-1,b1,True,0
2026-08-20T12:18:51,elo_2800,mimo-v2.5,39,34,b1,1,f1,False,0
2026-08-20T12:18:55,elo_2800,mimo-v2.5,38,30,e6,1,f1,False,0
2026-08-20T12:19:05,elo_2800,mimo-v2.5,32,25,a1,1,a1,True,0
2026-08-20T12:19:05,elo_2800,mimo-v2.5,41,33,e1,-1,e1,True,0
2026-08-20T12:19:34,elo_2800,mimo-v2.5,44,34,e6,1,a5,False,0
2026-08-20T12:20:05,elo_2800,mimo-v2.5,17,26,e5,0,e6,False,1
2026-08-20T12:20:17,elo_2800,mimo-v2.5,42,31,f6,1,f6,True,0
2026-08-20T12:20:40,elo_2800,mimo-v2.5,21,28,b2,0,c6,False,1
2026-08-20T12:20:58,elo_2800,mimo-v2.5,46,33,a4,-1,a4,True,0
2026-08-20T12:21:22,elo_2800,mimo-v2.5,45,30,c1,1,a1,False,0
2026-08-20T12:21:28,elo_2800,mimo-v2.5,49,33,a1,1,a1,True,0
2026-08-20T12:21:36,elo_2800,mimo-v2.5,51,27,d2,-1,d2,True,0
2026-08-20T12:23:02,elo_2800,mimo-v2.5,47,26,a6,1,a6,True,0
2026-08-20T12:23:09,elo_2800,mimo-v2.5,48,29,f6,1,f6,True,0
2026-08-20T12:23:15,elo_2800,mimo-v2.5,43,32,a5,0,a3,False,0
2026-08-20T12:23:20,elo_2800,mimo-v2.5,54,32,e5,-1,e5,True,0
2026-08-20T12:23:21,elo_2800,mimo-v2.5,1,28,e3,0,c1,False,1
2026-08-20T12:23:41,elo_2800,mimo-v2.5,53,34,a1,1,a1,True,0
2026-08-20T12:23:43,elo_2800,mimo-v2.5,40,31,e1,1,f6,False,1
2026-08-20T12:23:51,elo_2800,mimo-v2.5,55,32,c2,0,c2,True,0
2026-08-20T12:23:51,elo_2800,mimo-v2.5,58,34,a2,-1,a2,True,0
2026-08-20T12:23:51,elo_2800,mimo-v2.5,56,32,a6,-1,a6,True,0
2026-08-20T12:23:52,elo_2800,mimo-v2.5,8,24,c1,0,c1,True,1
2026-08-20T12:24:00,elo_2800,mimo-v2.5,61,32,e3,1,e3,True,0
2026-08-20T12:24:18,elo_2800,mimo-v2.5,60,34,b2,1,b2,True,0
2026-08-20T12:24:19,elo_2800,mimo-v2.5,63,32,a1,1,a1,True,0
2026-08-20T12:24:56,elo_2800,mimo-v2.5,59,24,f1,1,f2,False,0
2026-08-20T12:24:57,elo_2800,mimo-v2.5,62,33,a6,1,a6,True,0
2026-08-20T12:25:13,elo_2800,mimo-v2.5,68,33,a6,-1,a6,True,0
2026-08-20T12:25:40,elo_2800,mimo-v2.5,57,31,c6,1,d1,False,0
2026-08-20T12:25:48,elo_2800,mimo-v2.5,70,30,c5,-1,c5,True,0
2026-08-20T12:25:52,elo_2800,mimo-v2.5,52,34,f1,1,f1,True,0
2026-08-20T12:25:59,elo_2800,mimo-v2.5,34,28,a1,1,a1,True,1
2026-08-20T12:26:07,elo_2800,mimo-v2.5,64,27,a6,1,a6,True,0
2026-08-20T12:26:11,elo_2800,mimo-v2.5,73,30,b6,-1,b6,True,0
2026-08-20T12:26:18,elo_2800,mimo-v2.5,75,32,d6,-1,d6,True,0
2026-08-20T12:26:51,elo_2800,mimo-v2.5,74,32,a1,1,a1,True,0
2026-08-20T12:27:02,elo_2800,mimo-v2.5,65,25,e3,0,e3,True,0
2026-08-20T12:27:09,elo_2800,mimo-v2.5,77,33,a5,-1,a5,True,0
2026-08-20T12:27:12,elo_2800,mimo-v2.5,69,25,f1,0,f1,True,0
2026-08-20T12:27:37,elo_2800,mimo-v2.5,79,30,e3,0,e3,True,0
2026-08-20T12:28:26,elo_2800,mimo-v2.5,50,24,a3,1,a6,False,1
2026-08-20T12:28:30,elo_2800,mimo-v2.5,30,29,f2,0,b2,False,1
2026-08-20T12:28:50,elo_2800,mimo-v2.5,72,32,f5,1,f5,True,0
2026-08-20T12:28:54,elo_2800,mimo-v2.5,80,28,a1,0,a1,True,0
2026-08-20T12:28:59,elo_2800,mimo-v2.5,67,33,b6,1,b6,True,0
2026-08-20T12:29:01,elo_2800,mimo-v2.5,82,33,a2,-1,a2,True,0
2026-08-20T12:29:50,elo_2800,mimo-v2.5,78,31,f1,1,a6,False,0
2026-08-20T12:29:51,elo_2800,mimo-v2.5,71,25,f1,1,f1,True,0
2026-08-20T12:29:57,elo_2800,mimo-v2.5,88,34,f1,-1,f1,True,0
2026-08-20T12:29:58,elo_2800,mimo-v2.5,76,26,a1,1,d2,False,0
2026-08-20T12:30:23,elo_2800,mimo-v2.5,89,28,a6,1,a6,True,0
2026-08-20T12:30:25,elo_2800,mimo-v2.5,87,25,e1,1,f1,False,0
2026-08-20T12:30:42,elo_2800,mimo-v2.5,84,33,a3,1,a3,True,0
2026-08-20T12:30:42,elo_2800,mimo-v2.5,81,25,a6,1,a1,False,0
2026-08-20T12:30:48,elo_2800,mimo-v2.5,94,34,b3,1,b3,True,0
2026-08-20T12:31:23,elo_2800,mimo-v2.5,96,34,a2,0,f6,False,0
2026-08-20T12:31:40,elo_2800,mimo-v2.5,86,30,a5,1,a5,True,0
2026-08-20T12:32:20,elo_2800,mimo-v2.5,85,28,f1,1,b2,False,0
2026-08-20T12:32:22,elo_2800,mimo-v2.5,93,30,f6,1,f6,True,0
2026-08-20T12:32:29,elo_2800,mimo-v2.5,90,25,d5,1,f2,False,0
2026-08-20T12:32:34,elo_2800,mimo-v2.5,95,25,d6,1,f6,False,0
2026-08-20T12:33:21,elo_2800,mimo-v2.5,91,34,e2,1,e2,True,0
2026-08-20T12:33:52,elo_2800,mimo-v2.5,92,33,f1,1,a6,False,0
2026-08-20T12:34:01,elo_2800,mimo-v2.5,99,31,a2,1,f6,False,0
2026-08-20T12:34:11,elo_2800,mimo-v2.5,98,25,e6,1,a5,False,0
2026-08-20T12:34:29,elo_2800,mimo-v2.5,97,24,f6,0,a1,False,0
2026-08-20T12:35:39,elo_2800,mimo-v2.5,83,26,c1,1,a1,False,1
2026-08-20T12:36:56,elo_2800,mimo-v2.5,66,30,a1,1,a1,True,2
2026-08-20T12:37:17,elo_2800,mimo-v2.5,100,32,c1,0,c1,True,0
2026-08-20T12:43:10,elo_800,mimo-v2.5,8,25,e4,1,f6,False,0
2026-08-20T12:43:13,elo_800,mimo-v2.5,10,28,a4,1,e6,False,0
2026-08-20T12:43:17,elo_800,mimo-v2.5,7,25,c6,0,d1,False,0
2026-08-20T12:43:32,elo_800,mimo-v2.5,9,28,f6,0,f6,True,0
2026-08-20T12:43:52,elo_800,mimo-v2.5,5,26,d1,1,a1,False,0
2026-08-20T12:43:54,elo_800,mimo-v2.5,1,25,f1,1,f1,True,0
2026-08-20T12:43:56,elo_800,mimo-v2.5,6,28,e5,0,e4,False,0
2026-08-20T12:44:02,elo_800,mimo-v2.5,2,27,a1,1,a1,True,0
2026-08-20T12:44:08,elo_800,mimo-v2.5,15,27,d2,0,d2,True,0
2026-08-20T12:44:16,elo_800,mimo-v2.5,4,24,f6,1,f6,True,0
2026-08-20T12:44:18,elo_800,mimo-v2.5,3,27,a3,1,b1,False,0
2026-08-20T12:44:35,elo_800,mimo-v2.5,14,24,d6,0,a1,False,0
2026-08-20T12:44:35,elo_800,mimo-v2.5,12,26,a6,1,d2,False,0
2026-08-20T12:44:36,elo_800,mimo-v2.5,21,24,f1,1,f1,True,0
2026-08-20T12:44:44,elo_800,mimo-v2.5,17,25,f1,1,f4,False,0
2026-08-20T12:44:46,elo_800,mimo-v2.5,11,27,e1,0,a1,False,0
2026-08-20T12:44:54,elo_800,mimo-v2.5,22,27,a4,1,b2,False,0
2026-08-20T12:45:03,elo_800,mimo-v2.5,20,26,f2,0,f2,True,0
2026-08-20T12:45:06,elo_800,mimo-v2.5,26,24,d1,1,e5,False,0
2026-08-20T12:45:23,elo_800,mimo-v2.5,18,29,a3,1,d2,False,0
2026-08-20T12:45:28,elo_800,mimo-v2.5,23,29,c6,1,a4,False,0
2026-08-20T12:45:36,elo_800,mimo-v2.5,24,26,f2,1,c6,False,0
2026-08-20T12:45:36,elo_800,mimo-v2.5,13,27,e1,1,e1,True,0
2026-08-20T12:45:51,elo_800,mimo-v2.5,19,29,f6,1,f6,True,0
2026-08-20T12:45:59,elo_800,mimo-v2.5,33,24,a4,1,a1,False,0
2026-08-20T12:45:59,elo_800,mimo-v2.5,16,24,f6,1,f6,True,0
2026-08-20T12:46:06,elo_800,mimo-v2.5,32,28,f4,1,f4,True,0
2026-08-20T12:46:07,elo_800,mimo-v2.5,25,25,a6,1,a6,True,0
2026-08-20T12:46:14,elo_800,mimo-v2.5,34,27,f3,1,f3,True,0
2026-08-20T12:46:29,elo_800,mimo-v2.5,31,24,a6,1,e5,False,0
2026-08-20T12:46:32,elo_800,mimo-v2.5,37,26,f3,1,c5,False,0
2026-08-20T12:46:33,elo_800,mimo-v2.5,39,26,a6,1,f2,False,0
2026-08-20T12:46:38,elo_800,mimo-v2.5,36,24,a6,1,a6,True,0
2026-08-20T12:46:42,elo_800,mimo-v2.5,28,26,a5,1,d6,False,0
2026-08-20T12:46:44,elo_800,mimo-v2.5,27,25,f3,1,b1,False,0
2026-08-20T12:46:49,elo_800,mimo-v2.5,43,25,a1,1,a1,True,0
2026-08-20T12:46:57,elo_800,mimo-v2.5,30,27,a6,0,f5,False,0
2026-08-20T12:46:57,elo_800,mimo-v2.5,29,28,c6,1,b2,False,0
2026-08-20T12:47:04,elo_800,mimo-v2.5,46,28,f2,-1,f2,True,0
2026-08-20T12:47:14,elo_800,mimo-v2.5,48,27,f1,-1,f1,True,0
2026-08-20T12:47:16,elo_800,mimo-v2.5,44,26,f5,1,a1,False,0
2026-08-20T12:47:37,elo_800,mimo-v2.5,40,26,a6,1,d1,False,0
2026-08-20T12:47:37,elo_800,mimo-v2.5,35,27,f6,0,e6,False,0
2026-08-20T12:47:41,elo_800,mimo-v2.5,47,29,a1,1,a1,True,0
2026-08-20T12:47:52,elo_800,mimo-v2.5,52,28,e1,1,e1,True,0
2026-08-20T12:47:58,elo_800,mimo-v2.5,45,29,d6,1,f1,False,0
2026-08-20T12:48:05,elo_800,mimo-v2.5,51,29,a6,1,b6,False,0
2026-08-20T12:48:26,elo_800,mimo-v2.5,38,25,f3,0,f3,True,0
2026-08-20T12:48:37,elo_800,mimo-v2.5,53,29,f6,0,f6,True,0
2026-08-20T12:48:52,elo_800,mimo-v2.5,41,25,f3,1,f6,False,0
2026-08-20T12:48:53,elo_800,mimo-v2.5,57,29,e6,1,a6,False,0
2026-08-20T12:49:02,elo_800,mimo-v2.5,55,25,a6,1,a1,False,0
2026-08-20T12:49:14,elo_800,mimo-v2.5,58,25,a5,1,a5,True,0
2026-08-20T12:49:20,elo_800,mimo-v2.5,49,25,a2,0,f5,False,0
2026-08-20T12:49:23,elo_800,mimo-v2.5,50,25,f6,1,b2,False,0
2026-08-20T12:49:26,elo_800,mimo-v2.5,42,29,a3,0,b5,False,0
2026-08-20T12:49:32,elo_800,mimo-v2.5,56,29,a6,1,a6,True,0
2026-08-20T12:49:55,elo_800,mimo-v2.5,61,29,d1,1,f6,False,0
2026-08-20T12:50:06,elo_800,mimo-v2.5,62,27,f1,1,f1,True,0
2026-08-20T12:50:08,elo_800,mimo-v2.5,54,24,f4,1,f4,True,0
2026-08-20T12:50:16,elo_800,mimo-v2.5,60,27,a6,1,a6,True,0
2026-08-20T12:50:22,elo_800,mimo-v2.5,66,26,d5,1,e3,False,0
2026-08-20T12:50:28,elo_800,mimo-v2.5,65,24,f2,1,d1,False,0
2026-08-20T12:50:31,elo_800,mimo-v2.5,64,24,f4,1,d2,False,0
2026-08-20T12:50:37,elo_800,mimo-v2.5,59,24,f4,1,f4,True,0
2026-08-20T12:50:45,elo_800,mimo-v2.5,71,27,e2,1,d6,False,0
2026-08-20T12:50:46,elo_800,mimo-v2.5,67,25,a1,1,f2,False,0
2026-08-20T12:50:52,elo_800,mimo-v2.5,70,26,a1,0,a1,True,0
2026-08-20T12:51:00,elo_800,mimo-v2.5,63,26,f4,1,f1,False,0
2026-08-20T12:51:00,elo_800,mimo-v2.5,69,28,c1,1,e6,False,0
2026-08-20T12:51:05,elo_800,mimo-v2.5,68,29,b4,0,d2,False,0
2026-08-20T12:51:08,elo_800,mimo-v2.5,72,27,d1,0,d1,True,0
2026-08-20T12:51:30,elo_800,mimo-v2.5,78,24,a1,1,e4,False,0
2026-08-20T12:51:33,elo_800,mimo-v2.5,75,29,a1,1,a1,True,0
2026-08-20T12:51:41,elo_800,mimo-v2.5,82,28,b5,1,f4,False,0
2026-08-20T12:52:00,elo_800,mimo-v2.5,85,25,d6,-1,d6,True,0
2026-08-20T12:52:02,elo_800,mimo-v2.5,79,27,e6,1,c1,False,0
2026-08-20T12:52:06,elo_800,mimo-v2.5,73,28,f6,1,d6,False,0
2026-08-20T12:52:08,elo_800,mimo-v2.5,77,26,f1,1,f1,True,0
2026-08-20T12:52:09,elo_800,mimo-v2.5,87,29,d1,-1,d1,True,0
2026-08-20T12:52:19,elo_800,mimo-v2.5,88,29,e1,-1,e1,True,0
2026-08-20T12:52:23,elo_800,mimo-v2.5,80,27,a2,1,e6,False,0
2026-08-20T12:52:31,elo_800,mimo-v2.5,74,28,a1,1,a1,True,0
2026-08-20T12:52:34,elo_800,mimo-v2.5,86,29,b5,-1,b5,True,0
2026-08-20T12:52:56,elo_800,mimo-v2.5,89,29,a4,1,d6,False,0
2026-08-20T12:53:10,elo_800,mimo-v2.5,90,25,a2,1,f3,False,0
2026-08-20T12:53:21,elo_800,mimo-v2.5,81,28,a3,0,a6,False,0
2026-08-20T12:53:29,elo_800,mimo-v2.5,94,27,a1,1,a1,True,0
2026-08-20T12:53:42,elo_800,mimo-v2.5,98,28,e1,-1,e1,True,0
2026-08-20T12:53:48,elo_800,mimo-v2.5,91,24,f6,0,e1,False,0
2026-08-20T12:53:52,elo_800,mimo-v2.5,96,28,e6,1,f3,False,0
2026-08-20T12:54:07,elo_800,mimo-v2.5,93,27,a1,1,a1,True,0
2026-08-20T12:54:14,elo_800,mimo-v2.5,95,24,f6,1,f6,True,0
2026-08-20T12:54:23,elo_800,mimo-v2.5,76,27,a3,1,a1,False,0
2026-08-20T12:54:31,elo_800,mimo-v2.5,97,28,f1,1,f1,True,0
2026-08-20T12:54:53,elo_800,mimo-v2.5,92,29,f1,1,f1,True,0
2026-08-20T12:54:57,elo_800,mimo-v2.5,100,28,c6,1,a3,False,0
2026-08-20T12:55:03,elo_800,mimo-v2.5,99,27,f1,0,f1,True,0
2026-08-20T12:57:42,elo_800,mimo-v2.5,84,28,f6,1,c6,False,1
2026-08-20T12:58:07,elo_800,mimo-v2.5,83,25,d1,1,e4,False,1
2026-08-20T12:59:02,elo_1800,mimo-v2.5,1,25,f1,1,f1,True,0
2026-08-20T12:59:19,elo_1800,mimo-v2.5,10,28,a4,1,f1,False,0
2026-08-20T12:59:23,elo_1800,mimo-v2.5,7,25,c6,0,b6,False,0
2026-08-20T12:59:23,elo_1800,mimo-v2.5,8,25,e4,1,f6,False,0
2026-08-20T12:59:39,elo_1800,mimo-v2.5,4,24,f6,1,b6,False,0
2026-08-20T12:59:40,elo_1800,mimo-v2.5,9,28,f6,0,f6,True,0
2026-08-20T12:59:40,elo_1800,mimo-v2.5,11,27,e1,0,d1,False,0
2026-08-20T12:59:41,elo_1800,mimo-v2.5,12,26,a6,1,e1,False,0
2026-08-20T12:59:51,elo_1800,mimo-v2.5,13,27,e1,1,b4,False,0
2026-08-20T13:00:05,elo_1800,mimo-v2.5,17,25,f1,1,f1,True,0
2026-08-20T13:00:10,elo_1800,mimo-v2.5,3,27,a3,1,e6,False,0
2026-08-20T13:00:11,elo_1800,mimo-v2.5,2,27,a1,1,a1,True,0
2026-08-20T13:00:13,elo_1800,mimo-v2.5,6,28,e5,0,c1,False,0
2026-08-20T13:00:47,elo_1800,mimo-v2.5,20,26,f2,0,b3,False,0
2026-08-20T13:01:21,elo_1800,mimo-v2.5,16,24,f6,1,e2,False,0
2026-08-20T13:01:32,elo_1800,mimo-v2.5,19,29,f6,1,a6,False,0
2026-08-20T13:01:53,elo_1800,mimo-v2.5,18,29,a3,1,a3,True,0
2026-08-20T13:02:10,elo_1800,mimo-v2.5,22,27,a4,1,b2,False,0
2026-08-20T13:02:11,elo_1800,mimo-v2.5,14,24,d6,0,a1,False,0
2026-08-20T13:02:40,elo_1800,mimo-v2.5,25,25,a6,1,a6,True,0
2026-08-20T13:02:45,elo_1800,mimo-v2.5,15,27,d2,0,d2,True,0
2026-08-20T13:02:48,elo_1800,mimo-v2.5,21,24,f1,1,f6,False,0
2026-08-20T13:03:13,elo_1800,mimo-v2.5,23,29,c6,1,f5,False,0
2026-08-20T13:03:13,elo_1800,mimo-v2.5,5,26,d1,1,a1,False,0
2026-08-20T13:03:17,elo_1800,mimo-v2.5,24,26,f2,1,c6,False,0
2026-08-20T13:03:43,elo_1800,mimo-v2.5,30,27,a6,0,f6,False,0
2026-08-20T13:03:43,elo_1800,mimo-v2.5,28,26,a5,1,e5,False,0
2026-08-20T13:04:21,elo_1800,mimo-v2.5,27,25,f3,1,b1,False,0
2026-08-20T13:04:49,elo_1800,mimo-v2.5,31,24,a6,1,e5,False,0
2026-08-20T13:05:13,elo_1800,mimo-v2.5,36,24,a6,1,a6,True,0
2026-08-20T13:06:04,elo_1800,mimo-v2.5,32,28,f4,1,f4,True,0
2026-08-20T13:06:15,elo_1800,mimo-v2.5,38,25,f3,0,f1,False,0
2026-08-20T13:06:43,elo_1800,mimo-v2.5,40,26,a6,1,d1,False,0
2026-08-20T13:07:14,elo_1800,mimo-v2.5,29,28,c6,1,c6,True,0
2026-08-20T13:07:27,elo_1800,mimo-v2.5,39,26,a6,1,e4,False,0
2026-08-20T13:07:33,elo_1800,mimo-v2.5,33,24,a4,1,a1,False,0
2026-08-20T13:07:46,elo_1800,mimo-v2.5,46,28,f2,-1,f2,True,0
2026-08-20T13:07:59,elo_1800,mimo-v2.5,42,29,a3,0,a3,True,0
2026-08-20T13:08:05,elo_1800,mimo-v2.5,48,27,f1,-1,f1,True,0
2026-08-20T13:08:51,elo_1800,mimo-v2.5,43,25,a1,1,a1,True,0
2026-08-20T13:09:18,elo_1800,mimo-v2.5,41,25,f3,1,f6,False,0
2026-08-20T13:09:21,elo_1800,mimo-v2.5,45,29,d6,1,f1,False,0
2026-08-20T13:09:31,elo_1800,mimo-v2.5,52,28,e1,1,e1,True,0
2026-08-20T13:09:41,elo_1800,mimo-v2.5,44,26,f5,1,a1,False,0
2026-08-20T13:09:44,elo_1800,mimo-v2.5,47,29,a1,1,a1,True,0
2026-08-20T13:10:03,elo_1800,mimo-v2.5,49,25,a2,0,f5,False,0
2026-08-20T13:10:07,elo_1800,mimo-v2.5,34,27,f3,1,f3,True,1
2026-08-20T13:10:13,elo_1800,mimo-v2.5,57,29,e6,1,e6,True,0
2026-08-20T13:10:24,elo_1800,mimo-v2.5,35,27,f6,0,e6,False,1
2026-08-20T13:10:30,elo_1800,mimo-v2.5,51,29,a6,1,a6,True,0
2026-08-20T13:10:39,elo_1800,mimo-v2.5,37,26,f3,1,e6,False,1
2026-08-20T13:11:21,elo_1800,mimo-v2.5,26,24,d1,1,d1,True,0
2026-08-20T13:11:32,elo_1800,mimo-v2.5,50,25,f6,1,c1,False,0
2026-08-20T13:11:47,elo_1800,mimo-v2.5,60,27,a6,1,a6,True,0
2026-08-20T13:12:08,elo_1800,mimo-v2.5,61,29,d1,1,f6,False,0
2026-08-20T13:12:16,elo_1800,mimo-v2.5,64,24,f4,1,c6,False,0
2026-08-20T13:12:32,elo_1800,mimo-v2.5,58,25,a5,1,b2,False,0
2026-08-20T13:12:38,elo_1800,mimo-v2.5,56,29,a6,1,a6,True,0
2026-08-20T13:12:42,elo_1800,mimo-v2.5,53,29,f6,0,f6,True,0
2026-08-20T13:12:56,elo_1800,mimo-v2.5,59,24,f4,1,e2,False,0
2026-08-20T13:13:16,elo_1800,mimo-v2.5,62,27,f1,1,f1,True,0
2026-08-20T13:13:18,elo_1800,mimo-v2.5,67,25,a1,1,a1,True,0
2026-08-20T13:13:54,elo_1800,mimo-v2.5,72,27,d1,0,d1,True,0
2026-08-20T13:14:05,elo_1800,mimo-v2.5,54,24,f4,1,e1,False,0
2026-08-20T13:14:38,elo_1800,mimo-v2.5,74,28,a1,1,a1,True,0
2026-08-20T13:14:39,elo_1800,mimo-v2.5,65,24,f2,1,d1,False,0
2026-08-20T13:14:55,elo_1800,mimo-v2.5,70,26,a1,0,a1,True,0
2026-08-20T13:14:55,elo_1800,mimo-v2.5,76,27,a3,1,a5,False,0
2026-08-20T13:15:16,elo_1800,mimo-v2.5,68,29,b4,0,b4,True,0
2026-08-20T13:15:42,elo_1800,mimo-v2.5,73,28,f6,1,f6,True,0
2026-08-20T13:16:26,elo_1800,mimo-v2.5,78,24,a1,1,a1,True,0
2026-08-20T13:16:35,elo_1800,mimo-v2.5,75,29,a1,1,a5,False,0
2026-08-20T13:16:45,elo_1800,mimo-v2.5,77,26,f1,1,a1,False,0
2026-08-20T13:16:49,elo_1800,mimo-v2.5,79,27,e6,1,d2,False,0
2026-08-20T13:16:53,elo_1800,mimo-v2.5,55,25,a6,1,a6,True,1
2026-08-20T13:16:59,elo_1800,mimo-v2.5,85,25,d6,-1,d6,True,0
2026-08-20T13:17:05,elo_1800,mimo-v2.5,86,29,b5,-1,b5,True,0
2026-08-20T13:17:12,elo_1800,mimo-v2.5,87,29,d1,-1,d1,True,0
2026-08-20T13:17:19,elo_1800,mimo-v2.5,88,29,e1,-1,e1,True,0
2026-08-20T13:17:40,elo_1800,mimo-v2.5,83,25,d1,1,a6,False,0
2026-08-20T13:17:53,elo_1800,mimo-v2.5,69,28,c1,1,e6,False,0
2026-08-20T13:17:56,elo_1800,mimo-v2.5,89,29,a4,1,e4,False,0
2026-08-20T13:17:57,elo_1800,mimo-v2.5,80,27,a2,1,f1,False,0
2026-08-20T13:18:14,elo_1800,mimo-v2.5,81,28,a3,0,a6,False,0
2026-08-20T13:18:18,elo_1800,mimo-v2.5,90,25,a2,1,f3,False,0
2026-08-20T13:19:01,elo_1800,mimo-v2.5,91,24,f6,0,f6,True,0
2026-08-20T13:19:34,elo_1800,mimo-v2.5,84,28,f6,1,e6,False,0
2026-08-20T13:19:40,elo_1800,mimo-v2.5,93,27,a1,1,a1,True,0
2026-08-20T13:19:43,elo_1800,mimo-v2.5,95,24,f6,1,f6,True,0
2026-08-20T13:19:51,elo_1800,mimo-v2.5,98,28,e1,-1,e1,True,0
2026-08-20T13:20:05,elo_1800,mimo-v2.5,94,27,a1,1,a1,True,0
2026-08-20T13:20:19,elo_1800,mimo-v2.5,99,27,f1,0,f1,True,0
2026-08-20T13:20:22,elo_1800,mimo-v2.5,97,28,f1,1,f1,True,0
2026-08-20T13:20:24,elo_1800,mimo-v2.5,92,29,f1,1,f1,True,0
2026-08-20T13:20:40,elo_1800,mimo-v2.5,71,27,e2,1,d6,False,1
2026-08-20T13:21:18,elo_1800,mimo-v2.5,63,26,f4,1,f1,False,1
2026-08-20T13:21:49,elo_1800,mimo-v2.5,66,26,d5,1,e3,False,1
2026-08-20T13:23:45,elo_1800,mimo-v2.5,82,28,b5,1,f4,False,1
2026-08-20T13:24:25,elo_1800,mimo-v2.5,96,28,e6,1,f3,False,0
2026-08-20T13:26:46,elo_1800,mimo-v2.5,100,28,c6,1,a3,False,1
2026-08-20T13:27:46,elo_2800,mimo-v2.5,8,25,e4,1,f6,False,0
2026-08-20T13:28:01,elo_2800,mimo-v2.5,10,28,a4,1,f1,False,0
2026-08-20T13:28:15,elo_2800,mimo-v2.5,2,27,a1,1,a1,True,0
2026-08-20T13:28:31,elo_2800,mimo-v2.5,4,24,f6,1,f6,True,0
2026-08-20T13:28:42,elo_2800,mimo-v2.5,3,27,a3,1,b1,False,0
2026-08-20T13:29:59,elo_2800,mimo-v2.5,5,26,d1,1,a1,False,0
2026-08-20T13:30:04,elo_2800,mimo-v2.5,6,28,e5,0,e5,True,0
2026-08-20T13:30:15,elo_2800,mimo-v2.5,11,27,e1,0,f6,False,0
2026-08-20T13:30:35,elo_2800,mimo-v2.5,12,26,a6,1,a6,True,0
2026-08-20T13:30:57,elo_2800,mimo-v2.5,15,27,d2,0,d2,True,0
2026-08-20T13:31:07,elo_2800,mimo-v2.5,13,27,e1,1,b4,False,0
2026-08-20T13:31:07,elo_2800,mimo-v2.5,16,24,f6,1,f6,True,0
2026-08-20T13:31:37,elo_2800,mimo-v2.5,7,25,c6,0,c6,True,0
2026-08-20T13:31:44,elo_2800,mimo-v2.5,17,25,f1,1,f1,True,0
2026-08-20T13:31:58,elo_2800,mimo-v2.5,20,26,f2,0,f2,True,0
2026-08-20T13:32:25,elo_2800,mimo-v2.5,22,27,a4,1,b2,False,0
2026-08-20T13:33:04,elo_2800,mimo-v2.5,25,25,a6,1,a6,True,0
2026-08-20T13:33:49,elo_2800,mimo-v2.5,9,28,f6,0,f6,True,1
2026-08-20T13:33:58,elo_2800,mimo-v2.5,1,25,f1,1,f1,True,0
2026-08-20T13:34:07,elo_2800,mimo-v2.5,21,24,f1,1,f6,False,0
2026-08-20T13:34:12,elo_2800,mimo-v2.5,26,24,d1,1,e2,False,0
2026-08-20T13:34:28,elo_2800,mimo-v2.5,19,29,f6,1,f6,True,0
2026-08-20T13:34:39,elo_2800,mimo-v2.5,18,29,a3,1,a3,True,0
2026-08-20T13:34:41,elo_2800,mimo-v2.5,14,24,d6,0,a1,False,0
2026-08-20T13:35:03,elo_2800,mimo-v2.5,27,25,f3,1,d2,False,0
2026-08-20T13:36:35,elo_2800,mimo-v2.5,24,26,f2,1,e2,False,0
2026-08-20T13:36:38,elo_2800,mimo-v2.5,23,29,c6,1,a5,False,0
2026-08-20T13:37:25,elo_2800,mimo-v2.5,29,28,c6,1,f4,False,0
2026-08-20T13:38:28,elo_2800,mimo-v2.5,35,27,f6,0,b2,False,0
2026-08-20T13:38:36,elo_2800,mimo-v2.5,36,24,a6,1,a6,True,0
2026-08-20T13:38:43,elo_2800,mimo-v2.5,37,26,f3,1,e6,False,0
2026-08-20T13:38:57,elo_2800,mimo-v2.5,33,24,a4,1,b1,False,0
2026-08-20T13:39:10,elo_2800,mimo-v2.5,28,26,a5,1,a5,True,0
2026-08-20T13:40:13,elo_2800,mimo-v2.5,40,26,a6,1,a6,True,0
2026-08-20T13:40:34,elo_2800,mimo-v2.5,30,27,a6,0,a6,True,0
2026-08-20T13:40:37,elo_2800,mimo-v2.5,34,27,f3,1,d6,False,0
2026-08-20T13:40:37,elo_2800,mimo-v2.5,43,25,a1,1,a1,True,0
2026-08-20T13:40:43,elo_2800,mimo-v2.5,46,28,f2,-1,f2,True,0
2026-08-20T13:40:53,elo_2800,mimo-v2.5,39,26,a6,1,a6,True,0
2026-08-20T13:41:12,elo_2800,mimo-v2.5,41,25,f3,1,f6,False,0
2026-08-20T13:41:15,elo_2800,mimo-v2.5,48,27,f1,-1,f1,True,0
2026-08-20T13:41:25,elo_2800,mimo-v2.5,44,26,f5,1,e6,False,0
2026-08-20T13:41:32,elo_2800,mimo-v2.5,52,28,e1,1,e1,True,0
2026-08-20T13:41:36,elo_2800,mimo-v2.5,31,24,a6,1,a6,True,1
2026-08-20T13:42:40,elo_2800,mimo-v2.5,49,25,a2,0,f5,False,0
2026-08-20T13:42:45,elo_2800,mimo-v2.5,51,29,a6,1,a6,True,0
2026-08-20T13:42:49,elo_2800,mimo-v2.5,45,29,d6,1,f1,False,0
2026-08-20T13:42:51,elo_2800,mimo-v2.5,47,29,a1,1,b4,False,0
2026-08-20T13:42:53,elo_2800,mimo-v2.5,50,25,f6,1,f6,True,0
2026-08-20T13:43:01,elo_2800,mimo-v2.5,42,29,a3,0,a3,True,0
2026-08-20T13:43:21,elo_2800,mimo-v2.5,53,29,f6,0,f6,True,0
2026-08-20T13:44:00,elo_2800,mimo-v2.5,58,25,a5,1,b2,False,0
2026-08-20T13:44:00,elo_2800,mimo-v2.5,57,29,e6,1,a6,False,0
2026-08-20T13:44:12,elo_2800,mimo-v2.5,32,28,f4,1,f4,True,1
2026-08-20T13:44:18,elo_2800,mimo-v2.5,56,29,a6,1,b5,False,0
2026-08-20T13:44:33,elo_2800,mimo-v2.5,65,24,f2,1,d1,False,0
2026-08-20T13:45:07,elo_2800,mimo-v2.5,61,29,d1,1,d1,True,0
2026-08-20T13:45:16,elo_2800,mimo-v2.5,62,27,f1,1,f1,True,0
2026-08-20T13:45:17,elo_2800,mimo-v2.5,55,25,a6,1,a1,False,0
2026-08-20T13:45:23,elo_2800,mimo-v2.5,67,25,a1,1,e3,False,0
2026-08-20T13:46:04,elo_2800,mimo-v2.5,70,26,a1,0,a1,True,0
2026-08-20T13:46:44,elo_2800,mimo-v2.5,60,27,a6,1,a6,True,0
2026-08-20T13:47:07,elo_2800,mimo-v2.5,59,24,f4,1,b6,False,0
2026-08-20T13:47:44,elo_2800,mimo-v2.5,63,26,f4,1,f2,False,0
2026-08-20T13:48:10,elo_2800,mimo-v2.5,72,27,d1,0,d1,True,0
2026-08-20T13:48:39,elo_2800,mimo-v2.5,74,28,a1,1,a1,True,0
2026-08-20T13:49:15,elo_2800,mimo-v2.5,76,27,a3,1,a1,False,0
2026-08-20T13:49:28,elo_2800,mimo-v2.5,68,29,b4,0,d2,False,0
2026-08-20T13:49:32,elo_2800,mimo-v2.5,66,26,d5,1,b1,False,0
2026-08-20T13:49:58,elo_2800,mimo-v2.5,38,25,f3,0,f1,False,1
2026-08-20T13:49:58,elo_2800,mimo-v2.5,78,24,a1,1,a1,True,0
2026-08-20T13:50:10,elo_2800,mimo-v2.5,75,29,a1,1,a1,True,0
2026-08-20T13:50:18,elo_2800,mimo-v2.5,71,27,e2,1,d6,False,0
2026-08-20T13:50:27,elo_2800,mimo-v2.5,73,28,f6,1,f6,True,0
2026-08-20T13:50:40,elo_2800,mimo-v2.5,81,28,a3,0,a6,False,0
2026-08-20T13:50:48,elo_2800,mimo-v2.5,85,25,d6,-1,d6,True,0
2026-08-20T13:50:51,elo_2800,mimo-v2.5,83,25,d1,1,a6,False,0
2026-08-20T13:50:55,elo_2800,mimo-v2.5,86,29,b5,-1,b5,True,0
2026-08-20T13:50:57,elo_2800,mimo-v2.5,87,29,d1,-1,d1,True,0
2026-08-20T13:50:59,elo_2800,mimo-v2.5,88,29,e1,-1,e1,True,0
2026-08-20T13:51:03,elo_2800,mimo-v2.5,69,28,c1,1,f6,False,1
2026-08-20T13:51:16,elo_2800,mimo-v2.5,80,27,a2,1,f1,False,0
2026-08-20T13:51:40,elo_2800,mimo-v2.5,64,24,f4,1,d2,False,1
2026-08-20T13:51:42,elo_2800,mimo-v2.5,92,29,f1,1,f1,True,0
2026-08-20T13:51:42,elo_2800,mimo-v2.5,89,29,a4,1,d6,False,0
2026-08-20T13:51:55,elo_2800,mimo-v2.5,90,25,a2,1,e5,False,0
2026-08-20T13:51:56,elo_2800,mimo-v2.5,91,24,f6,0,e1,False,0
2026-08-20T13:52:04,elo_2800,mimo-v2.5,94,27,a1,1,a1,True,0
2026-08-20T13:52:05,elo_2800,mimo-v2.5,84,28,f6,1,f6,True,0
2026-08-20T13:52:08,elo_2800,mimo-v2.5,98,28,e1,-1,e1,True,0
2026-08-20T13:52:25,elo_2800,mimo-v2.5,99,27,f1,0,e6,False,0
2026-08-20T13:52:38,elo_2800,mimo-v2.5,82,28,b5,1,b5,True,0
2026-08-20T13:52:44,elo_2800,mimo-v2.5,95,24,f6,1,f6,True,0
2026-08-20T13:52:45,elo_2800,mimo-v2.5,54,24,f4,1,f4,True,0
2026-08-20T13:52:48,elo_2800,mimo-v2.5,93,27,a1,1,e1,False,0
2026-08-20T13:53:00,elo_2800,mimo-v2.5,77,26,f1,1,f1,True,1
2026-08-20T13:53:30,elo_2800,mimo-v2.5,100,28,c6,1,a3,False,0
2026-08-20T13:53:40,elo_2800,mimo-v2.5,96,28,e6,1,f3,False,0
2026-08-20T13:55:51,elo_2800,mimo-v2.5,97,28,f1,1,f1,True,0
2026-08-20T14:01:40,elo_2800,mimo-v2.5,79,27,e6,1,d1,False,2
2026-08-20T15:37:52,elo_800,mimo-v2.5,4,29,d1,-1,d1,True,0
2026-08-20T15:37:58,elo_800,mimo-v2.5,11,27,a3,-1,a3,True,0
2026-08-20T15:38:03,elo_800,mimo-v2.5,12,28,b2,-1,b2,True,0
2026-08-20T15:38:12,elo_800,mimo-v2.5,8,25,a6,1,a6,True,0
2026-08-20T15:38:13,elo_800,mimo-v2.5,7,29,a2,1,f5,False,0
2026-08-20T15:38:17,elo_800,mimo-v2.5,13,25,e6,-1,e6,True,0
2026-08-20T15:38:19,elo_800,mimo-v2.5,6,28,a5,1,e1,False,0
2026-08-20T15:38:23,elo_800,mimo-v2.5,16,27,f1,1,f1,True,0
2026-08-20T15:38:27,elo_800,mimo-v2.5,5,26,d6,1,f5,False,0
2026-08-20T15:38:31,elo_800,mimo-v2.5,9,29,f1,1,f1,True,0
2026-08-20T15:38:45,elo_800,mimo-v2.5,10,29,a1,1,a1,True,0
2026-08-20T15:38:51,elo_800,mimo-v2.5,20,28,f1,0,a1,False,0
2026-08-20T15:38:51,elo_800,mimo-v2.5,14,28,d1,1,a6,False,0
2026-08-20T15:38:54,elo_800,mimo-v2.5,2,27,c6,1,c2,False,0
2026-08-20T15:38:58,elo_800,mimo-v2.5,1,25,f5,1,f6,False,0
2026-08-20T15:39:05,elo_800,mimo-v2.5,3,27,d1,0,f6,False,0
2026-08-20T15:39:08,elo_800,mimo-v2.5,19,27,f1,1,f1,True,0
2026-08-20T15:39:14,elo_800,mimo-v2.5,18,27,a3,1,c1,False,0
2026-08-20T15:39:16,elo_800,mimo-v2.5,17,29,e2,0,b1,False,0
2026-08-20T15:39:20,elo_800,mimo-v2.5,24,28,f6,1,a1,False,0
2026-08-20T15:39:26,elo_800,mimo-v2.5,15,24,a4,1,a4,True,0
2026-08-20T15:39:31,elo_800,mimo-v2.5,25,25,a4,1,b5,False,0
2026-08-20T15:39:33,elo_800,mimo-v2.5,23,27,f6,1,f1,False,0
2026-08-20T15:39:49,elo_800,mimo-v2.5,22,29,a3,0,a3,True,0
2026-08-20T15:39:51,elo_800,mimo-v2.5,30,28,a1,1,a1,True,0
2026-08-20T15:39:58,elo_800,mimo-v2.5,26,26,a1,1,a6,False,0
2026-08-20T15:40:00,elo_800,mimo-v2.5,33,26,a6,1,a6,True,0
2026-08-20T15:40:12,elo_800,mimo-v2.5,31,29,c6,1,d1,False,0
2026-08-20T15:40:14,elo_800,mimo-v2.5,27,24,d6,1,d5,False,0
2026-08-20T15:40:15,elo_800,mimo-v2.5,35,25,b5,-1,b5,True,0
2026-08-20T15:40:20,elo_800,mimo-v2.5,36,28,e5,-1,e5,True,0
2026-08-20T15:40:22,elo_800,mimo-v2.5,28,27,e1,0,e1,True,0
2026-08-20T15:40:27,elo_800,mimo-v2.5,32,28,b6,1,e2,False,0
2026-08-20T15:40:29,elo_800,mimo-v2.5,41,29,e5,-1,e5,True,0
2026-08-20T15:40:31,elo_800,mimo-v2.5,29,28,d1,0,f5,False,0
2026-08-20T15:40:33,elo_800,mimo-v2.5,40,29,f1,0,a1,False,0
2026-08-20T15:40:36,elo_800,mimo-v2.5,21,24,a6,1,f4,False,0
2026-08-20T15:40:38,elo_800,mimo-v2.5,45,29,b6,-1,b6,True,0
2026-08-20T15:40:50,elo_800,mimo-v2.5,37,27,f1,1,d1,False,0
2026-08-20T15:40:53,elo_800,mimo-v2.5,43,24,a1,1,a1,True,0
2026-08-20T15:41:01,elo_800,mimo-v2.5,42,28,b4,1,a1,False,0
2026-08-20T15:41:04,elo_800,mimo-v2.5,34,29,f4,1,d6,False,0
2026-08-20T15:41:09,elo_800,mimo-v2.5,49,24,f6,1,f6,True,0
2026-08-20T15:41:11,elo_800,mimo-v2.5,38,26,a6,1,f4,False,0
2026-08-20T15:41:15,elo_800,mimo-v2.5,48,25,a6,1,a6,True,0
2026-08-20T15:41:18,elo_800,mimo-v2.5,50,28,a6,1,a6,True,0
2026-08-20T15:41:28,elo_800,mimo-v2.5,52,25,a6,1,e5,False,0
2026-08-20T15:41:37,elo_800,mimo-v2.5,56,27,d6,1,a6,False,0
2026-08-20T15:41:49,elo_800,mimo-v2.5,54,27,f5,1,f5,True,0
2026-08-20T15:41:50,elo_800,mimo-v2.5,39,24,f2,1,d1,False,0
2026-08-20T15:41:55,elo_800,mimo-v2.5,58,25,f5,0,c2,False,0
2026-08-20T15:41:56,elo_800,mimo-v2.5,47,26,f1,1,a4,False,0
2026-08-20T15:42:05,elo_800,mimo-v2.5,55,25,f1,1,f1,True,0
2026-08-20T15:42:06,elo_800,mimo-v2.5,46,24,d6,1,c6,False,0
2026-08-20T15:42:10,elo_800,mimo-v2.5,44,28,e1,0,e5,False,0
2026-08-20T15:42:13,elo_800,mimo-v2.5,60,28,b1,1,d5,False,0
2026-08-20T15:42:14,elo_800,mimo-v2.5,51,29,e2,1,b3,False,0
2026-08-20T15:42:18,elo_800,mimo-v2.5,65,29,f3,-1,f3,True,0
2026-08-20T15:42:18,elo_800,mimo-v2.5,53,27,e6,1,e2,False,0
2026-08-20T15:42:21,elo_800,mimo-v2.5,59,27,f2,1,e6,False,0
2026-08-20T15:42:28,elo_800,mimo-v2.5,62,24,a1,0,b6,False,0
2026-08-20T15:42:42,elo_800,mimo-v2.5,57,26,a6,0,a4,False,0
2026-08-20T15:42:49,elo_800,mimo-v2.5,63,25,e1,1,b6,False,0
2026-08-20T15:42:52,elo_800,mimo-v2.5,61,29,a2,1,a2,True,0
2026-08-20T15:43:02,elo_800,mimo-v2.5,64,29,f6,1,a1,False,0
2026-08-20T15:43:02,elo_800,mimo-v2.5,69,28,f3,1,e5,False,0
2026-08-20T15:43:03,elo_800,mimo-v2.5,68,27,d1,1,c5,False,0
2026-08-20T15:43:05,elo_800,mimo-v2.5,76,29,f1,-1,f1,True,0
2026-08-20T15:43:11,elo_800,mimo-v2.5,71,28,b1,1,f6,False,0
2026-08-20T15:43:16,elo_800,mimo-v2.5,79,29,f5,-1,f5,True,0
2026-08-20T15:43:26,elo_800,mimo-v2.5,75,25,f6,1,d2,False,0
2026-08-20T15:43:30,elo_800,mimo-v2.5,81,27,c2,-1,c2,True,0
2026-08-20T15:43:31,elo_800,mimo-v2.5,73,29,f3,0,e4,False,0
2026-08-20T15:44:03,elo_800,mimo-v2.5,67,28,e6,1,e6,True,0
2026-08-20T15:44:15,elo_800,mimo-v2.5,80,24,a1,1,e5,False,0
2026-08-20T15:44:34,elo_800,mimo-v2.5,70,27,a6,1,a6,True,0
2026-08-20T15:44:37,elo_800,mimo-v2.5,74,28,c6,1,f5,False,0
2026-08-20T15:44:39,elo_800,mimo-v2.5,83,24,a6,1,a1,False,0
2026-08-20T15:44:40,elo_800,mimo-v2.5,86,24,b5,-1,b5,True,0
2026-08-20T15:44:44,elo_800,mimo-v2.5,77,27,a2,1,d6,False,0
2026-08-20T15:44:49,elo_800,mimo-v2.5,89,28,c1,-1,c1,True,0
2026-08-20T15:44:49,elo_800,mimo-v2.5,82,28,f5,1,e6,False,0
2026-08-20T15:44:49,elo_800,mimo-v2.5,88,27,d2,-1,d2,True,0
2026-08-20T15:44:54,elo_800,mimo-v2.5,78,25,f4,1,f6,False,0
2026-08-20T15:45:01,elo_800,mimo-v2.5,93,25,f1,1,f1,True,0
2026-08-20T15:45:12,elo_800,mimo-v2.5,94,26,d6,1,e2,False,0
2026-08-20T15:45:13,elo_800,mimo-v2.5,91,28,a1,1,a1,True,0
2026-08-20T15:45:20,elo_800,mimo-v2.5,84,25,f1,0,f1,True,0
2026-08-20T15:45:22,elo_800,mimo-v2.5,72,29,c1,1,c1,True,0
2026-08-20T15:45:27,elo_800,mimo-v2.5,66,25,f3,1,d6,False,1
2026-08-20T15:45:30,elo_800,mimo-v2.5,85,29,a6,1,a5,False,0
2026-08-20T15:45:31,elo_800,mimo-v2.5,98,28,a3,1,c6,False,0
2026-08-20T15:45:45,elo_800,mimo-v2.5,92,25,b1,0,b1,True,0
2026-08-20T15:45:46,elo_800,mimo-v2.5,87,26,f3,1,c6,False,0
2026-08-20T15:45:47,elo_800,mimo-v2.5,95,29,f1,1,b4,False,0
2026-08-20T15:46:10,elo_800,mimo-v2.5,100,28,f6,0,f6,True,0
2026-08-20T15:46:12,elo_800,mimo-v2.5,97,26,a6,1,d6,False,0
2026-08-20T15:46:13,elo_800,mimo-v2.5,96,27,d5,1,a6,False,0
2026-08-20T15:46:14,elo_800,mimo-v2.5,90,27,e1,1,c6,False,0
2026-08-20T15:46:20,elo_800,mimo-v2.5,99,24,d2,1,a1,False,0
2026-08-20T15:46:32,elo_1800,mimo-v2.5,4,29,d1,-1,d1,True,0
2026-08-20T15:46:40,elo_1800,mimo-v2.5,11,27,a3,-1,a3,True,0
2026-08-20T15:46:45,elo_1800,mimo-v2.5,12,28,b2,-1,b2,True,0
2026-08-20T15:46:54,elo_1800,mimo-v2.5,13,25,e6,-1,e6,True,0
2026-08-20T15:47:03,elo_1800,mimo-v2.5,2,27,c6,1,a1,False,0
2026-08-20T15:47:12,elo_1800,mimo-v2.5,9,29,f1,1,f1,True,0
2026-08-20T15:47:21,elo_1800,mimo-v2.5,7,29,a2,1,a2,True,0
2026-08-20T15:47:25,elo_1800,mimo-v2.5,10,29,a1,1,a1,True,0
2026-08-20T15:47:26,elo_1800,mimo-v2.5,8,25,a6,1,a6,True,0
2026-08-20T15:47:42,elo_1800,mimo-v2.5,5,26,d6,1,f1,False,0
2026-08-20T15:48:01,elo_1800,mimo-v2.5,14,28,d1,1,a6,False,0
2026-08-20T15:48:07,elo_1800,mimo-v2.5,3,27,d1,0,f6,False,0
2026-08-20T15:48:15,elo_1800,mimo-v2.5,16,27,f1,1,f1,True,0
2026-08-20T15:48:25,elo_1800,mimo-v2.5,20,28,f1,0,a1,False,0
2026-08-20T15:48:29,elo_1800,mimo-v2.5,17,29,e2,0,b1,False,0
2026-08-20T15:48:51,elo_1800,mimo-v2.5,19,27,f1,1,f1,True,0
2026-08-20T15:48:56,elo_1800,mimo-v2.5,23,27,f6,1,f1,False,0
2026-08-20T15:48:58,elo_1800,mimo-v2.5,25,25,a4,1,b5,False,0
2026-08-20T15:49:01,elo_1800,mimo-v2.5,1,25,f5,1,f5,True,0
2026-08-20T15:49:05,elo_1800,mimo-v2.5,15,24,a4,1,e5,False,0
2026-08-20T15:49:16,elo_1800,mimo-v2.5,6,28,a5,1,f1,False,0
2026-08-20T15:49:19,elo_1800,mimo-v2.5,30,28,a1,1,a1,True,0
2026-08-20T15:49:20,elo_1800,mimo-v2.5,24,28,f6,1,a1,False,0
2026-08-20T15:49:37,elo_1800,mimo-v2.5,21,24,a6,1,f4,False,0
2026-08-20T15:50:06,elo_1800,mimo-v2.5,27,24,d6,1,a1,False,0
2026-08-20T15:50:12,elo_1800,mimo-v2.5,35,25,b5,-1,b5,True,0
2026-08-20T15:50:19,elo_1800,mimo-v2.5,36,28,e5,-1,e5,True,0
2026-08-20T15:50:25,elo_1800,mimo-v2.5,28,27,e1,0,e1,True,0
2026-08-20T15:50:30,elo_1800,mimo-v2.5,18,27,a3,1,a3,True,0
2026-08-20T15:50:35,elo_1800,mimo-v2.5,22,29,a3,0,a3,True,0
2026-08-20T15:50:52,elo_1800,mimo-v2.5,29,28,d1,0,f5,False,0
2026-08-20T15:50:55,elo_1800,mimo-v2.5,26,26,a1,1,a6,False,0
2026-08-20T15:51:06,elo_1800,mimo-v2.5,41,29,e5,-1,e5,True,0
2026-08-20T15:51:23,elo_1800,mimo-v2.5,38,26,a6,1,a6,True,0
2026-08-20T15:51:23,elo_1800,mimo-v2.5,33,26,a6,1,b3,False,0
2026-08-20T15:51:32,elo_1800,mimo-v2.5,45,29,b6,-1,b6,True,0
2026-08-20T15:51:38,elo_1800,mimo-v2.5,37,27,f1,1,f1,True,0
2026-08-20T15:51:41,elo_1800,mimo-v2.5,42,28,b4,1,a1,False,0
2026-08-20T15:51:43,elo_1800,mimo-v2.5,34,29,f4,1,d6,False,0
2026-08-20T15:51:57,elo_1800,mimo-v2.5,47,26,f1,1,f1,True,0
2026-08-20T15:52:05,elo_1800,mimo-v2.5,48,25,a6,1,a6,True,0
2026-08-20T15:52:05,elo_1800,mimo-v2.5,49,24,f6,1,f6,True,0
2026-08-20T15:52:19,elo_1800,mimo-v2.5,44,28,e1,0,e5,False,0
2026-08-20T15:52:20,elo_1800,mimo-v2.5,51,29,e2,1,d6,False,0
2026-08-20T15:52:57,elo_1800,mimo-v2.5,32,28,b6,1,f6,False,0
2026-08-20T15:53:08,elo_1800,mimo-v2.5,46,24,d6,1,c6,False,0
2026-08-20T15:53:10,elo_1800,mimo-v2.5,55,25,f1,1,f5,False,0
2026-08-20T15:53:16,elo_1800,mimo-v2.5,43,24,a1,1,c1,False,0
2026-08-20T15:53:17,elo_1800,mimo-v2.5,50,28,a6,1,a6,True,0
2026-08-20T15:53:27,elo_1800,mimo-v2.5,52,25,a6,1,a6,True,0
2026-08-20T15:53:47,elo_1800,mimo-v2.5,60,28,b1,1,b6,False,0
2026-08-20T15:54:05,elo_1800,mimo-v2.5,54,27,f5,1,a4,False,0
2026-08-20T15:54:10,elo_1800,mimo-v2.5,61,29,a2,1,a2,True,0
2026-08-20T15:54:13,elo_1800,mimo-v2.5,53,27,e6,1,f1,False,0
2026-08-20T15:54:14,elo_1800,mimo-v2.5,57,26,a6,0,a6,True,0
2026-08-20T15:54:22,elo_1800,mimo-v2.5,40,29,f1,0,a2,False,0
2026-08-20T15:54:23,elo_1800,mimo-v2.5,65,29,f3,-1,f3,True,0
2026-08-20T15:54:43,elo_1800,mimo-v2.5,64,29,f6,1,c1,False,0
2026-08-20T15:55:02,elo_1800,mimo-v2.5,56,27,d6,1,a6,False,0
2026-08-20T15:55:07,elo_1800,mimo-v2.5,31,29,c6,1,f1,False,1
2026-08-20T15:55:11,elo_1800,mimo-v2.5,58,25,f5,0,f1,False,0
2026-08-20T15:55:21,elo_1800,mimo-v2.5,63,25,e1,1,a6,False,0
2026-08-20T15:55:31,elo_1800,mimo-v2.5,62,24,a1,0,a1,True,0
2026-08-20T15:55:35,elo_1800,mimo-v2.5,66,25,f3,1,a6,False,0
2026-08-20T15:56:10,elo_1800,mimo-v2.5,73,29,f3,0,f6,False,0
2026-08-20T15:56:18,elo_1800,mimo-v2.5,67,28,e6,1,e6,True,0
2026-08-20T15:56:25,elo_1800,mimo-v2.5,76,29,f1,-1,f1,True,0
2026-08-20T15:56:26,elo_1800,mimo-v2.5,59,27,f2,1,f2,True,0
2026-08-20T15:56:28,elo_1800,mimo-v2.5,68,27,d1,1,d1,True,0
2026-08-20T15:56:36,elo_1800,mimo-v2.5,79,29,f5,-1,f5,True,0
2026-08-20T15:57:20,elo_1800,mimo-v2.5,70,27,a6,1,a6,True,0
2026-08-20T15:57:21,elo_1800,mimo-v2.5,74,28,c6,1,f6,False,0
2026-08-20T15:57:28,elo_1800,mimo-v2.5,81,27,c2,-1,c2,True,0
2026-08-20T15:57:32,elo_1800,mimo-v2.5,71,28,b1,1,a5,False,0
2026-08-20T15:57:32,elo_1800,mimo-v2.5,75,25,f6,1,f6,True,0
2026-08-20T15:57:49,elo_1800,mimo-v2.5,78,25,f4,1,f6,False,0
2026-08-20T15:57:56,elo_1800,mimo-v2.5,86,24,b5,-1,b5,True,0
2026-08-20T15:57:57,elo_1800,mimo-v2.5,69,28,f3,1,b5,False,0
2026-08-20T15:58:08,elo_1800,mimo-v2.5,88,27,d2,-1,d2,True,0
2026-08-20T15:58:14,elo_1800,mimo-v2.5,89,28,c1,-1,c1,True,0
2026-08-20T15:58:19,elo_1800,mimo-v2.5,83,24,a6,1,a1,False,0
2026-08-20T15:58:40,elo_1800,mimo-v2.5,91,28,a1,1,b1,False,0
2026-08-20T15:59:12,elo_1800,mimo-v2.5,92,25,b1,0,a6,False,0
2026-08-20T15:59:23,elo_1800,mimo-v2.5,77,27,a2,1,d6,False,0
2026-08-20T15:59:35,elo_1800,mimo-v2.5,87,26,f3,1,a6,False,0
2026-08-20T15:59:41,elo_1800,mimo-v2.5,84,25,f1,0,f1,True,0
2026-08-20T15:59:47,elo_1800,mimo-v2.5,85,29,a6,1,a6,True,0
2026-08-20T16:00:19,elo_1800,mimo-v2.5,80,24,a1,1,a1,True,0
2026-08-20T16:00:22,elo_1800,mimo-v2.5,93,25,f1,1,f1,True,0
2026-08-20T16:00:47,elo_1800,mimo-v2.5,82,28,f5,1,e6,False,0
2026-08-20T16:01:06,elo_1800,mimo-v2.5,95,29,f1,1,b4,False,0
2026-08-20T16:01:20,elo_1800,mimo-v2.5,98,28,a3,1,c6,False,0
2026-08-20T16:01:44,elo_1800,mimo-v2.5,72,29,c1,1,c1,True,1
2026-08-20T16:01:53,elo_1800,mimo-v2.5,99,24,d2,1,a1,False,0
2026-08-20T16:02:11,elo_1800,mimo-v2.5,97,26,a6,1,a6,True,0
2026-08-20T16:02:28,elo_1800,mimo-v2.5,100,28,f6,0,a1,False,0
2026-08-20T16:03:08,elo_1800,mimo-v2.5,39,24,f2,1,d1,False,1
2026-08-20T16:03:21,elo_1800,mimo-v2.5,96,27,d5,1,a6,False,0
2026-08-20T16:03:33,elo_1800,mimo-v2.5,90,27,e1,1,c6,False,1
2026-08-20T16:03:48,elo_1800,mimo-v2.5,94,26,d6,1,e2,False,1
2026-08-20T16:03:54,elo_2800,mimo-v2.5,4,29,d1,-1,d1,True,0
2026-08-20T16:04:18,elo_2800,mimo-v2.5,11,27,a3,-1,a3,True,0
2026-08-20T16:04:33,elo_2800,mimo-v2.5,1,25,f5,1,f6,False,0
2026-08-20T16:04:33,elo_2800,mimo-v2.5,10,29,a1,1,a1,True,0
2026-08-20T16:04:40,elo_2800,mimo-v2.5,13,25,e6,-1,e6,True,0
2026-08-20T16:04:48,elo_2800,mimo-v2.5,9,29,f1,1,f1,True,0
2026-08-20T16:05:09,elo_2800,mimo-v2.5,12,28,b2,-1,b2,True,0
2026-08-20T16:05:09,elo_2800,mimo-v2.5,8,25,a6,1,a6,True,0
2026-08-20T16:05:19,elo_2800,mimo-v2.5,6,28,a5,1,f1,False,0
2026-08-20T16:05:24,elo_2800,mimo-v2.5,2,27,c6,1,a1,False,0
2026-08-20T16:05:32,elo_2800,mimo-v2.5,14,28,d1,1,a6,False,0
2026-08-20T16:06:05,elo_2800,mimo-v2.5,5,26,d6,1,f1,False,0
2026-08-20T16:06:07,elo_2800,mimo-v2.5,3,27,d1,0,f6,False,0
2026-08-20T16:06:13,elo_2800,mimo-v2.5,7,29,a2,1,f5,False,0
2026-08-20T16:06:32,elo_2800,mimo-v2.5,19,27,f1,1,f1,True,0
2026-08-20T16:06:39,elo_2800,mimo-v2.5,18,27,a3,1,e4,False,0
2026-08-20T16:06:39,elo_2800,mimo-v2.5,16,27,f1,1,f1,True,0
2026-08-20T16:07:10,elo_2800,mimo-v2.5,21,24,a6,1,a6,True,0
2026-08-20T16:07:25,elo_2800,mimo-v2.5,15,24,a4,1,a4,True,0
2026-08-20T16:07:33,elo_2800,mimo-v2.5,26,26,a1,1,a6,False,0
2026-08-20T16:07:36,elo_2800,mimo-v2.5,24,28,f6,1,f6,True,0
2026-08-20T16:07:42,elo_2800,mimo-v2.5,20,28,f1,0,a1,False,0
2026-08-20T16:08:15,elo_2800,mimo-v2.5,30,28,a1,1,a1,True,0
2026-08-20T16:08:19,elo_2800,mimo-v2.5,27,24,d6,1,a1,False,0
2026-08-20T16:09:09,elo_2800,mimo-v2.5,28,27,e1,0,e1,True,0
2026-08-20T16:09:17,elo_2800,mimo-v2.5,31,29,c6,1,f1,False,0
2026-08-20T16:09:21,elo_2800,mimo-v2.5,35,25,b5,-1,b5,True,0
2026-08-20T16:09:35,elo_2800,mimo-v2.5,36,28,e5,-1,e5,True,0
2026-08-20T16:09:44,elo_2800,mimo-v2.5,25,25,a4,1,a4,True,0
2026-08-20T16:09:50,elo_2800,mimo-v2.5,32,28,b6,1,a6,False,0
2026-08-20T16:10:09,elo_2800,mimo-v2.5,34,29,f4,1,f4,True,0
2026-08-20T16:10:16,elo_2800,mimo-v2.5,41,29,e5,-1,e5,True,0
2026-08-20T16:10:24,elo_2800,mimo-v2.5,29,28,d1,0,f5,False,0
2026-08-20T16:10:40,elo_2800,mimo-v2.5,17,29,e2,0,b1,False,1
2026-08-20T16:11:09,elo_2800,mimo-v2.5,22,29,a3,0,b2,False,1
2026-08-20T16:11:34,elo_2800,mimo-v2.5,45,29,b6,-1,b6,True,0
2026-08-20T16:11:38,elo_2800,mimo-v2.5,37,27,f1,1,f1,True,0
2026-08-20T16:11:46,elo_2800,mimo-v2.5,33,26,a6,1,a6,True,1
2026-08-20T16:11:52,elo_2800,mimo-v2.5,38,26,a6,1,e2,False,0
2026-08-20T16:11:57,elo_2800,mimo-v2.5,23,27,f6,1,f1,False,1
2026-08-20T16:12:06,elo_2800,mimo-v2.5,40,29,f1,0,a1,False,0
2026-08-20T16:12:08,elo_2800,mimo-v2.5,39,24,f2,1,d1,False,0
2026-08-20T16:12:26,elo_2800,mimo-v2.5,42,28,b4,1,a1,False,0
2026-08-20T16:12:35,elo_2800,mimo-v2.5,52,25,a6,1,f4,False,0
2026-08-20T16:12:35,elo_2800,mimo-v2.5,43,24,a1,1,f1,False,0
2026-08-20T16:12:37,elo_2800,mimo-v2.5,44,28,e1,0,e5,False,0
2026-08-20T16:12:38,elo_2800,mimo-v2.5,50,28,a6,1,a6,True,0
2026-08-20T16:12:54,elo_2800,mimo-v2.5,47,26,f1,1,f1,True,0
2026-08-20T16:12:55,elo_2800,mimo-v2.5,55,25,f1,1,f1,True,0
2026-08-20T16:13:04,elo_2800,mimo-v2.5,49,24,f6,1,f6,True,0
2026-08-20T16:13:42,elo_2800,mimo-v2.5,48,25,a6,1,a1,False,0
2026-08-20T16:13:56,elo_2800,mimo-v2.5,54,27,f5,1,a4,False,0
2026-08-20T16:14:01,elo_2800,mimo-v2.5,60,28,b1,1,a6,False,0
2026-08-20T16:14:04,elo_2800,mimo-v2.5,46,24,d6,1,e5,False,0
2026-08-20T16:14:16,elo_2800,mimo-v2.5,58,25,f5,0,f1,False,0
2026-08-20T16:14:28,elo_2800,mimo-v2.5,62,24,a1,0,a1,True,0
2026-08-20T16:14:33,elo_2800,mimo-v2.5,51,29,e2,1,b3,False,0
2026-08-20T16:14:39,elo_2800,mimo-v2.5,65,29,f3,-1,f3,True,0
2026-08-20T16:15:00,elo_2800,mimo-v2.5,61,29,a2,1,a6,False,0
2026-08-20T16:15:35,elo_2800,mimo-v2.5,56,27,d6,1,d6,True,0
2026-08-20T16:15:55,elo_2800,mimo-v2.5,66,25,f3,1,d2,False,0
2026-08-20T16:16:02,elo_2800,mimo-v2.5,53,27,e6,1,e2,False,0
2026-08-20T16:17:03,elo_2800,mimo-v2.5,59,27,f2,1,c1,False,0
2026-08-20T16:17:20,elo_2800,mimo-v2.5,68,27,d1,1,c5,False,0
2026-08-20T16:17:20,elo_2800,mimo-v2.5,63,25,e1,1,a6,False,0
2026-08-20T16:17:33,elo_2800,mimo-v2.5,57,26,a6,0,a6,True,1
2026-08-20T16:17:37,elo_2800,mimo-v2.5,76,29,f1,-1,f1,True,0
2026-08-20T16:17:51,elo_2800,mimo-v2.5,74,28,c6,1,a1,False,0
2026-08-20T16:17:52,elo_2800,mimo-v2.5,69,28,f3,1,f3,True,0
2026-08-20T16:18:00,elo_2800,mimo-v2.5,79,29,f5,-1,f5,True,0
2026-08-20T16:18:10,elo_2800,mimo-v2.5,77,27,a2,1,f2,False,0
2026-08-20T16:18:24,elo_2800,mimo-v2.5,72,29,c1,1,a2,False,0
2026-08-20T16:18:27,elo_2800,mimo-v2.5,81,27,c2,-1,c2,True,0
2026-08-20T16:18:27,elo_2800,mimo-v2.5,75,25,f6,1,f6,True,0
2026-08-20T16:18:43,elo_2800,mimo-v2.5,64,29,f6,1,a1,False,1
2026-08-20T16:18:45,elo_2800,mimo-v2.5,73,29,f3,0,f6,False,0
2026-08-20T16:18:50,elo_2800,mimo-v2.5,86,24,b5,-1,b5,True,0
2026-08-20T16:18:56,elo_2800,mimo-v2.5,71,28,b1,1,b1,True,0
2026-08-20T16:19:01,elo_2800,mimo-v2.5,67,28,e6,1,e6,True,1
2026-08-20T16:19:05,elo_2800,mimo-v2.5,88,27,d2,-1,d2,True,0
2026-08-20T16:19:07,elo_2800,mimo-v2.5,89,28,c1,-1,c1,True,0
2026-08-20T16:19:17,elo_2800,mimo-v2.5,78,25,f4,1,f2,False,0
2026-08-20T16:19:21,elo_2800,mimo-v2.5,80,24,a1,1,a1,True,0
2026-08-20T16:19:33,elo_2800,mimo-v2.5,87,26,f3,1,c6,False,0
2026-08-20T16:19:37,elo_2800,mimo-v2.5,82,28,f5,1,e6,False,0
2026-08-20T16:19:38,elo_2800,mimo-v2.5,83,24,a6,1,a1,False,0
2026-08-20T16:19:46,elo_2800,mimo-v2.5,85,29,a6,1,a6,True,0
2026-08-20T16:20:40,elo_2800,mimo-v2.5,70,27,a6,1,a6,True,1
2026-08-20T16:20:44,elo_2800,mimo-v2.5,96,27,d5,1,f2,False,0
2026-08-20T16:20:45,elo_2800,mimo-v2.5,92,25,b1,0,a6,False,0
2026-08-20T16:20:54,elo_2800,mimo-v2.5,84,25,f1,0,f1,True,0
2026-08-20T16:20:54,elo_2800,mimo-v2.5,94,26,d6,1,e2,False,0
2026-08-20T16:21:15,elo_2800,mimo-v2.5,93,25,f1,1,f1,True,0
2026-08-20T16:21:22,elo_2800,mimo-v2.5,99,24,d2,1,a1,False,0
2026-08-20T16:21:58,elo_2800,mimo-v2.5,97,26,a6,1,a6,True,0
2026-08-20T16:22:33,elo_2800,mimo-v2.5,98,28,a3,1,c6,False,0
2026-08-20T16:22:58,elo_2800,mimo-v2.5,90,27,e1,1,a6,False,0
2026-08-20T16:23:00,elo_2800,mimo-v2.5,95,29,f1,1,f1,True,0
2026-08-20T16:23:53,elo_2800,mimo-v2.5,100,28,f6,0,b4,False,0
2026-08-20T16:29:09,elo_2800,mimo-v2.5,91,28,a1,1,a1,True,1
2026-08-20T16:41:37,elo_800,mimo-v2.5,7,29,c5,-1,c5,True,0
2026-08-20T16:41:38,elo_800,mimo-v2.5,6,27,f1,1,f1,True,0
2026-08-20T16:41:43,elo_800,mimo-v2.5,3,27,a2,-1,a2,True,0
2026-08-20T16:42:30,elo_800,mimo-v2.5,2,26,f1,1,f1,True,0
2026-08-20T16:42:31,elo_800,mimo-v2.5,12,24,a6,1,a6,True,0
2026-08-20T16:42:37,elo_800,mimo-v2.5,14,28,b1,-1,b1,True,0
2026-08-20T16:42:43,elo_800,mimo-v2.5,4,25,a6,1,a6,True,0
2026-08-20T16:42:46,elo_800,mimo-v2.5,5,25,a4,1,b5,False,0
2026-08-20T16:42:47,elo_800,mimo-v2.5,1,29,f6,1,f1,False,0
2026-08-20T16:42:52,elo_800,mimo-v2.5,8,24,a2,1,b5,False,0
2026-08-20T16:43:05,elo_800,mimo-v2.5,19,27,e3,1,a1,False,0
2026-08-20T16:43:11,elo_800,mimo-v2.5,13,29,f1,1,f1,True,0
2026-08-20T16:43:13,elo_800,mimo-v2.5,16,29,e6,1,b2,False,0
2026-08-20T16:43:15,elo_800,mimo-v2.5,10,26,d5,0,a3,False,0
2026-08-20T16:43:25,elo_800,mimo-v2.5,9,24,e4,0,e2,False,0
2026-08-20T16:43:26,elo_800,mimo-v2.5,15,27,b3,1,b3,True,0
2026-08-20T16:43:28,elo_800,mimo-v2.5,20,27,a1,0,a2,False,0
2026-08-20T16:43:33,elo_800,mimo-v2.5,18,24,b3,1,b5,False,0
2026-08-20T16:43:35,elo_800,mimo-v2.5,11,27,a6,1,a1,False,0
2026-08-20T16:43:48,elo_800,mimo-v2.5,21,26,d1,1,f4,False,0
2026-08-20T16:43:59,elo_800,mimo-v2.5,22,29,f4,1,d5,False,0
2026-08-20T16:44:11,elo_800,mimo-v2.5,17,25,d6,1,a6,False,0
2026-08-20T16:44:12,elo_800,mimo-v2.5,30,27,c1,1,a1,False,0
2026-08-20T16:44:22,elo_800,mimo-v2.5,27,27,c6,0,c6,True,0
2026-08-20T16:44:23,elo_800,mimo-v2.5,33,27,e6,0,e6,True,0
2026-08-20T16:44:24,elo_800,mimo-v2.5,23,29,b6,1,f4,False,0
2026-08-20T16:44:32,elo_800,mimo-v2.5,24,28,c2,1,f3,False,0
2026-08-20T16:44:33,elo_800,mimo-v2.5,26,25,a3,1,e3,False,0
2026-08-20T16:44:39,elo_800,mimo-v2.5,32,26,f1,1,f1,True,0
2026-08-20T16:44:43,elo_800,mimo-v2.5,29,29,a1,0,a1,True,0
2026-08-20T16:44:45,elo_800,mimo-v2.5,25,26,a2,1,a5,False,0
2026-08-20T16:44:51,elo_800,mimo-v2.5,31,28,a6,1,a6,True,0
2026-08-20T16:45:04,elo_800,mimo-v2.5,38,26,f3,1,a6,False,0
2026-08-20T16:45:21,elo_800,mimo-v2.5,43,24,a1,1,a1,True,0
2026-08-20T16:45:25,elo_800,mimo-v2.5,41,26,e5,1,e3,False,0
2026-08-20T16:45:34,elo_800,mimo-v2.5,42,28,e4,1,e2,False,0
2026-08-20T16:45:34,elo_800,mimo-v2.5,45,27,e4,-1,e4,True,0
2026-08-20T16:45:38,elo_800,mimo-v2.5,37,28,e6,0,e5,False,0
2026-08-20T16:45:45,elo_800,mimo-v2.5,40,26,a1,1,a3,False,0
2026-08-20T16:45:49,elo_800,mimo-v2.5,34,28,f6,0,f6,True,0
2026-08-20T16:45:53,elo_800,mimo-v2.5,35,26,d1,1,a6,False,0
2026-08-20T16:46:07,elo_800,mimo-v2.5,46,29,a4,1,a4,True,0
2026-08-20T16:46:10,elo_800,mimo-v2.5,51,29,a2,0,d2,False,0
2026-08-20T16:46:12,elo_800,mimo-v2.5,39,29,f1,1,f1,True,0
2026-08-20T16:46:19,elo_800,mimo-v2.5,54,29,f6,0,f6,True,0
2026-08-20T16:46:24,elo_800,mimo-v2.5,48,24,b4,1,d5,False,0
2026-08-20T16:46:33,elo_800,mimo-v2.5,49,28,e4,1,a6,False,0
2026-08-20T16:46:37,elo_800,mimo-v2.5,36,28,f6,0,f6,True,0
2026-08-20T16:46:40,elo_800,mimo-v2.5,50,28,a1,1,b4,False,0
2026-08-20T16:46:56,elo_800,mimo-v2.5,57,24,a3,-1,a3,True,0
2026-08-20T16:46:58,elo_800,mimo-v2.5,59,26,d6,1,f2,False,0
2026-08-20T16:47:05,elo_800,mimo-v2.5,44,26,f2,0,d6,False,0
2026-08-20T16:47:05,elo_800,mimo-v2.5,52,28,a6,1,a1,False,0
2026-08-20T16:47:09,elo_800,mimo-v2.5,56,25,d6,1,f3,False,0
2026-08-20T16:47:10,elo_800,mimo-v2.5,47,27,d1,1,e3,False,0
2026-08-20T16:47:12,elo_800,mimo-v2.5,58,29,f1,1,f1,True,0
2026-08-20T16:47:18,elo_800,mimo-v2.5,61,26,e3,1,e2,False,0
2026-08-20T16:47:20,elo_800,mimo-v2.5,53,27,e5,1,e5,True,0
2026-08-20T16:47:21,elo_800,mimo-v2.5,66,26,e3,-1,e3,True,0
2026-08-20T16:47:22,elo_800,mimo-v2.5,65,26,a1,1,a1,True,0
2026-08-20T16:47:26,elo_800,mimo-v2.5,63,28,f5,0,f5,True,0
2026-08-20T16:47:26,elo_800,mimo-v2.5,62,24,a6,0,a6,True,0
2026-08-20T16:47:29,elo_800,mimo-v2.5,67,26,b6,1,f4,False,0
2026-08-20T16:47:34,elo_800,mimo-v2.5,71,28,a6,-1,a6,True,0
2026-08-20T16:47:34,elo_800,mimo-v2.5,55,28,f6,0,f6,True,0
2026-08-20T16:47:48,elo_800,mimo-v2.5,64,29,f1,1,f1,True,0
2026-08-20T16:47:50,elo_800,mimo-v2.5,68,29,f1,1,f1,True,0
2026-08-20T16:47:51,elo_800,mimo-v2.5,70,28,a1,0,a1,True,0
2026-08-20T16:47:51,elo_800,mimo-v2.5,75,29,c1,-1,c1,True,0
2026-08-20T16:48:00,elo_800,mimo-v2.5,60,28,f1,1,f6,False,0
2026-08-20T16:48:03,elo_800,mimo-v2.5,76,24,b2,1,a1,False,0
2026-08-20T16:48:05,elo_800,mimo-v2.5,80,27,f2,1,f2,True,0
2026-08-20T16:48:21,elo_800,mimo-v2.5,28,24,f6,0,f6,True,0
2026-08-20T16:48:30,elo_800,mimo-v2.5,69,26,a3,1,e6,False,0
2026-08-20T16:48:45,elo_800,mimo-v2.5,72,24,e2,0,a2,False,0
2026-08-20T16:48:50,elo_800,mimo-v2.5,85,24,a6,1,a6,True,0
2026-08-20T16:48:52,elo_800,mimo-v2.5,78,26,a1,0,e1,False,0
2026-08-20T16:48:54,elo_800,mimo-v2.5,77,27,f6,0,f5,False,0
2026-08-20T16:48:54,elo_800,mimo-v2.5,82,27,e6,1,f1,False,0
2026-08-20T16:48:57,elo_800,mimo-v2.5,74,25,a6,0,a6,True,0
2026-08-20T16:49:00,elo_800,mimo-v2.5,79,24,e2,0,b2,False,0
2026-08-20T16:49:00,elo_800,mimo-v2.5,81,28,c6,1,f6,False,0
2026-08-20T16:49:01,elo_800,mimo-v2.5,84,26,c6,1,c6,True,0
2026-08-20T16:49:03,elo_800,mimo-v2.5,88,28,f1,-1,f1,True,0
2026-08-20T16:49:04,elo_800,mimo-v2.5,73,25,a1,1,d6,False,0
2026-08-20T16:49:12,elo_800,mimo-v2.5,90,24,a6,1,a6,True,0
2026-08-20T16:49:16,elo_800,mimo-v2.5,92,28,f3,0,e2,False,0
2026-08-20T16:49:27,elo_800,mimo-v2.5,86,27,f1,1,f1,True,0
2026-08-20T16:49:29,elo_800,mimo-v2.5,83,27,f6,0,f1,False,0
2026-08-20T16:49:35,elo_800,mimo-v2.5,87,27,a1,1,a1,True,0
2026-08-20T16:49:38,elo_800,mimo-v2.5,99,28,f1,1,f6,False,0
2026-08-20T16:49:44,elo_800,mimo-v2.5,98,28,f6,1,a4,False,0
2026-08-20T16:49:48,elo_800,mimo-v2.5,89,26,f4,1,c6,False,0
2026-08-20T16:50:08,elo_800,mimo-v2.5,96,27,f1,1,f1,True,0
2026-08-20T16:50:11,elo_800,mimo-v2.5,94,29,d2,1,e6,False,0
2026-08-20T16:50:18,elo_800,mimo-v2.5,97,29,f5,1,e1,False,0
2026-08-20T16:50:34,elo_800,mimo-v2.5,95,24,a4,1,a4,True,0
2026-08-20T16:50:39,elo_800,mimo-v2.5,100,26,c1,0,c1,True,0
2026-08-20T16:51:53,elo_800,mimo-v2.5,93,24,a5,1,a5,True,0
2026-08-20T16:52:09,elo_800,mimo-v2.5,91,27,f6,0,f6,True,0
2026-08-20T16:52:14,elo_1800,mimo-v2.5,7,29,c5,-1,c5,True,0
2026-08-20T16:52:39,elo_1800,mimo-v2.5,6,27,f1,1,f5,False,0
2026-08-20T16:52:44,elo_1800,mimo-v2.5,2,26,f1,1,a4,False,0
2026-08-20T16:52:59,elo_1800,mimo-v2.5,1,29,f6,1,e1,False,0
2026-08-20T16:53:02,elo_1800,mimo-v2.5,4,25,a6,1,a6,True,0
2026-08-20T16:53:04,elo_1800,mimo-v2.5,3,27,a2,-1,a2,True,0
2026-08-20T16:53:12,elo_1800,mimo-v2.5,14,28,b1,-1,b1,True,0
2026-08-20T16:53:35,elo_1800,mimo-v2.5,13,29,f1,1,f1,True,0
2026-08-20T16:53:42,elo_1800,mimo-v2.5,8,24,a2,1,f4,False,0
2026-08-20T16:53:44,elo_1800,mimo-v2.5,9,24,e4,0,e4,True,0
2026-08-20T16:54:02,elo_1800,mimo-v2.5,18,24,b3,1,e3,False,0
2026-08-20T16:54:08,elo_1800,mimo-v2.5,19,27,e3,1,a1,False,0
2026-08-20T16:54:10,elo_1800,mimo-v2.5,12,24,a6,1,a6,True,0
2026-08-20T16:54:20,elo_1800,mimo-v2.5,16,29,e6,1,e6,True,0
2026-08-20T16:54:30,elo_1800,mimo-v2.5,23,29,b6,1,a1,False,0
2026-08-20T16:54:42,elo_1800,mimo-v2.5,5,25,a4,1,a4,True,0
2026-08-20T16:54:44,elo_1800,mimo-v2.5,11,27,a6,1,a6,True,0
2026-08-20T16:54:52,elo_1800,mimo-v2.5,17,25,d6,1,a6,False,0
2026-08-20T16:55:00,elo_1800,mimo-v2.5,15,27,b3,1,b3,True,0
2026-08-20T16:55:31,elo_1800,mimo-v2.5,27,27,c6,0,c6,True,0
2026-08-20T16:55:31,elo_1800,mimo-v2.5,29,29,a1,0,d6,False,0
2026-08-20T16:55:33,elo_1800,mimo-v2.5,22,29,f4,1,d5,False,0
2026-08-20T16:55:35,elo_1800,mimo-v2.5,20,27,a1,0,a1,True,0
2026-08-20T16:55:41,elo_1800,mimo-v2.5,33,27,e6,0,e6,True,0
2026-08-20T16:55:46,elo_1800,mimo-v2.5,21,26,d1,1,c6,False,0
2026-08-20T16:55:48,elo_1800,mimo-v2.5,25,26,a2,1,a5,False,0
2026-08-20T16:55:55,elo_1800,mimo-v2.5,24,28,c2,1,f4,False,0
2026-08-20T16:56:09,elo_1800,mimo-v2.5,26,25,a3,1,e3,False,0
2026-08-20T16:56:18,elo_1800,mimo-v2.5,36,28,f6,0,b3,False,0
2026-08-20T16:56:22,elo_1800,mimo-v2.5,31,28,a6,1,a6,True,0
2026-08-20T16:56:24,elo_1800,mimo-v2.5,30,27,c1,1,a1,False,0
2026-08-20T16:56:35,elo_1800,mimo-v2.5,10,26,d5,0,a3,False,0
2026-08-20T16:56:47,elo_1800,mimo-v2.5,32,26,f1,1,b2,False,0
2026-08-20T16:56:47,elo_1800,mimo-v2.5,34,28,f6,0,f6,True,0
2026-08-20T16:57:25,elo_1800,mimo-v2.5,40,26,a1,1,a1,True,0
2026-08-20T16:57:30,elo_1800,mimo-v2.5,45,27,e4,-1,e4,True,0
2026-08-20T16:57:40,elo_1800,mimo-v2.5,37,28,e6,0,f5,False,0
2026-08-20T16:57:45,elo_1800,mimo-v2.5,35,26,d1,1,a6,False,0
2026-08-20T16:57:57,elo_1800,mimo-v2.5,43,24,a1,1,a1,True,0
2026-08-20T16:58:27,elo_1800,mimo-v2.5,49,28,e4,1,a6,False,0
2026-08-20T16:58:51,elo_1800,mimo-v2.5,50,28,a1,1,a1,True,0
2026-08-20T16:59:03,elo_1800,mimo-v2.5,41,26,e5,1,e5,True,0
2026-08-20T16:59:13,elo_1800,mimo-v2.5,39,29,f1,1,e1,False,0
2026-08-20T16:59:24,elo_1800,mimo-v2.5,47,27,d1,1,e3,False,0
2026-08-20T16:59:27,elo_1800,mimo-v2.5,38,26,f3,1,f3,True,0
2026-08-20T16:59:36,elo_1800,mimo-v2.5,42,28,e4,1,e4,True,0
2026-08-20T16:59:45,elo_1800,mimo-v2.5,46,29,a4,1,e5,False,0
2026-08-20T16:59:51,elo_1800,mimo-v2.5,57,24,a3,-1,a3,True,0
2026-08-20T16:59:51,elo_1800,mimo-v2.5,54,29,f6,0,f6,True,0
2026-08-20T17:00:07,elo_1800,mimo-v2.5,51,29,a2,0,a1,False,0
2026-08-20T17:00:14,elo_1800,mimo-v2.5,44,26,f2,0,c5,False,0
2026-08-20T17:00:16,elo_1800,mimo-v2.5,59,26,d6,1,d2,False,0
2026-08-20T17:00:28,elo_1800,mimo-v2.5,58,29,f1,1,f1,True,0
2026-08-20T17:00:38,elo_1800,mimo-v2.5,63,28,f5,0,f5,True,0
2026-08-20T17:00:51,elo_1800,mimo-v2.5,52,28,a6,1,f6,False,0
2026-08-20T17:01:16,elo_1800,mimo-v2.5,55,28,f6,0,f6,True,0
2026-08-20T17:01:21,elo_1800,mimo-v2.5,66,26,e3,-1,e3,True,0
2026-08-20T17:01:44,elo_1800,mimo-v2.5,56,25,d6,1,a6,False,0
2026-08-20T17:01:52,elo_1800,mimo-v2.5,28,24,f6,0,c1,False,1
2026-08-20T17:02:20,elo_1800,mimo-v2.5,67,26,b6,1,a6,False,0
2026-08-20T17:03:00,elo_1800,mimo-v2.5,64,29,f1,1,f6,False,0
2026-08-20T17:03:03,elo_1800,mimo-v2.5,53,27,e5,1,e5,True,0
2026-08-20T17:03:04,elo_1800,mimo-v2.5,71,28,a6,-1,a6,True,0
2026-08-20T17:03:08,elo_1800,mimo-v2.5,68,29,f1,1,f1,True,0
2026-08-20T17:03:19,elo_1800,mimo-v2.5,62,24,a6,0,f6,False,0
2026-08-20T17:03:20,elo_1800,mimo-v2.5,69,26,a3,1,a4,False,0
2026-08-20T17:03:25,elo_1800,mimo-v2.5,74,25,a6,0,c1,False,0
2026-08-20T17:03:28,elo_1800,mimo-v2.5,75,29,c1,-1,c1,True,0
2026-08-20T17:03:28,elo_1800,mimo-v2.5,48,24,b4,1,d5,False,1
2026-08-20T17:03:33,elo_1800,mimo-v2.5,73,25,a1,1,a1,True,0
2026-08-20T17:03:42,elo_1800,mimo-v2.5,76,24,b2,1,a1,False,0
2026-08-20T17:03:53,elo_1800,mimo-v2.5,70,28,a1,0,a1,True,0
2026-08-20T17:03:56,elo_1800,mimo-v2.5,77,27,f6,0,f6,True,0
2026-08-20T17:04:04,elo_1800,mimo-v2.5,81,28,c6,1,f4,False,0
2026-08-20T17:04:09,elo_1800,mimo-v2.5,60,28,f1,1,a1,False,1
2026-08-20T17:04:15,elo_1800,mimo-v2.5,85,24,a6,1,a6,True,0
2026-08-20T17:04:27,elo_1800,mimo-v2.5,82,27,e6,1,f1,False,0
2026-08-20T17:04:40,elo_1800,mimo-v2.5,72,24,e2,0,e4,False,0
2026-08-20T17:04:57,elo_1800,mimo-v2.5,88,28,f1,-1,f1,True,0
2026-08-20T17:05:19,elo_1800,mimo-v2.5,79,24,e2,0,a5,False,0
2026-08-20T17:05:19,elo_1800,mimo-v2.5,78,26,a1,0,a1,True,0
2026-08-20T17:05:32,elo_1800,mimo-v2.5,86,27,f1,1,f1,True,0
2026-08-20T17:05:39,elo_1800,mimo-v2.5,83,27,f6,0,f1,False,0
2026-08-20T17:05:39,elo_1800,mimo-v2.5,87,27,a1,1,a1,True,0
2026-08-20T17:05:49,elo_1800,mimo-v2.5,92,28,f3,0,f3,True,0
2026-08-20T17:05:54,elo_1800,mimo-v2.5,94,29,d2,1,e6,False,0
2026-08-20T17:05:58,elo_1800,mimo-v2.5,61,26,e3,1,e2,False,1
2026-08-20T17:06:58,elo_1800,mimo-v2.5,90,24,a6,1,a6,True,0
2026-08-20T17:07:20,elo_1800,mimo-v2.5,98,28,f6,1,e2,False,0
2026-08-20T17:07:20,elo_1800,mimo-v2.5,80,27,f2,1,d5,False,0
2026-08-20T17:07:28,elo_1800,mimo-v2.5,84,26,c6,1,f6,False,0
2026-08-20T17:07:37,elo_1800,mimo-v2.5,91,27,f6,0,f6,True,0
2026-08-20T17:07:48,elo_1800,mimo-v2.5,96,27,f1,1,f1,True,0
2026-08-20T17:07:49,elo_1800,mimo-v2.5,97,29,f5,1,f5,True,0
2026-08-20T17:07:51,elo_1800,mimo-v2.5,89,26,f4,1,f4,True,0
2026-08-20T17:07:51,elo_1800,mimo-v2.5,93,24,a5,1,b3,False,0
2026-08-20T17:08:14,elo_1800,mimo-v2.5,100,26,c1,0,e4,False,0
2026-08-20T17:08:15,elo_1800,mimo-v2.5,99,28,f1,1,a1,False,0
2026-08-20T17:08:55,elo_1800,mimo-v2.5,65,26,a1,1,a5,False,1
2026-08-20T17:09:05,elo_1800,mimo-v2.5,95,24,a4,1,a4,True,0
2026-08-20T17:09:11,elo_2800,mimo-v2.5,3,27,a2,-1,a2,True,0
2026-08-20T17:09:13,elo_2800,mimo-v2.5,7,29,c5,-1,c5,True,0
2026-08-20T17:09:26,elo_2800,mimo-v2.5,9,24,e4,0,e4,True,0
2026-08-20T17:09:34,elo_2800,mimo-v2.5,2,26,f1,1,f1,True,0
2026-08-20T17:09:42,elo_2800,mimo-v2.5,12,24,a6,1,a6,True,0
2026-08-20T17:09:43,elo_2800,mimo-v2.5,14,28,b1,-1,b1,True,0
2026-08-20T17:10:02,elo_2800,mimo-v2.5,4,25,a6,1,f4,False,0
2026-08-20T17:10:05,elo_2800,mimo-v2.5,6,27,f1,1,f1,True,0
2026-08-20T17:10:10,elo_2800,mimo-v2.5,16,29,e6,1,b2,False,0
2026-08-20T17:11:02,elo_2800,mimo-v2.5,15,27,b3,1,b3,True,0
2026-08-20T17:11:18,elo_2800,mimo-v2.5,18,24,b3,1,c6,False,0
2026-08-20T17:11:22,elo_2800,mimo-v2.5,13,29,f1,1,a6,False,0
2026-08-20T17:11:34,elo_2800,mimo-v2.5,17,25,d6,1,a6,False,0
2026-08-20T17:11:47,elo_2800,mimo-v2.5,21,26,d1,1,f4,False,0
2026-08-20T17:11:58,elo_2800,mimo-v2.5,8,24,a2,1,b5,False,0
2026-08-20T17:12:25,elo_2800,mimo-v2.5,20,27,a1,0,a2,False,0
2026-08-20T17:13:04,elo_2800,mimo-v2.5,1,29,f6,1,a3,False,0
2026-08-20T17:13:07,elo_2800,mimo-v2.5,26,25,a3,1,a1,False,0
2026-08-20T17:14:10,elo_2800,mimo-v2.5,25,26,a2,1,a5,False,0
2026-08-20T17:14:20,elo_2800,mimo-v2.5,10,26,d5,0,a3,False,1
2026-08-20T17:14:58,elo_2800,mimo-v2.5,23,29,b6,1,a1,False,0
2026-08-20T17:15:00,elo_2800,mimo-v2.5,19,27,e3,1,a1,False,1
2026-08-20T17:15:03,elo_2800,mimo-v2.5,24,28,c2,1,f4,False,0
2026-08-20T17:15:13,elo_2800,mimo-v2.5,31,28,a6,1,a6,True,0
2026-08-20T17:15:14,elo_2800,mimo-v2.5,33,27,e6,0,e6,True,0
2026-08-20T17:15:28,elo_2800,mimo-v2.5,11,27,a6,1,a1,False,1
2026-08-20T17:15:35,elo_2800,mimo-v2.5,30,27,c1,1,a1,False,0
2026-08-20T17:15:42,elo_2800,mimo-v2.5,32,26,f1,1,f3,False,0
2026-08-20T17:15:48,elo_2800,mimo-v2.5,35,26,d1,1,a6,False,0
2026-08-20T17:16:12,elo_2800,mimo-v2.5,39,29,f1,1,e1,False,0
2026-08-20T17:16:17,elo_2800,mimo-v2.5,22,29,f4,1,d5,False,1
2026-08-20T17:16:38,elo_2800,mimo-v2.5,41,26,e5,1,e5,True,0
2026-08-20T17:17:09,elo_2800,mimo-v2.5,34,28,f6,0,f6,True,0
2026-08-20T17:17:22,elo_2800,mimo-v2.5,5,25,a4,1,b5,False,1
2026-08-20T17:17:33,elo_2800,mimo-v2.5,40,26,a1,1,a1,True,0
2026-08-20T17:17:37,elo_2800,mimo-v2.5,27,27,c6,0,c6,True,1
2026-08-20T17:17:42,elo_2800,mimo-v2.5,45,27,e4,-1,e4,True,0
2026-08-20T17:17:58,elo_2800,mimo-v2.5,42,28,e4,1,c6,False,0
2026-08-20T17:17:58,elo_2800,mimo-v2.5,36,28,f6,0,f6,True,0
2026-08-20T17:18:20,elo_2800,mimo-v2.5,43,24,a1,1,a1,True,0
2026-08-20T17:18:55,elo_2800,mimo-v2.5,49,28,e4,1,a6,False,0
2026-08-20T17:19:02,elo_2800,mimo-v2.5,44,26,f2,0,d6,False,0
2026-08-20T17:19:04,elo_2800,mimo-v2.5,37,28,e6,0,e5,False,0
2026-08-20T17:19:13,elo_2800,mimo-v2.5,48,24,b4,1,d5,False,0
2026-08-20T17:19:15,elo_2800,mimo-v2.5,29,29,a1,0,a1,True,1
2026-08-20T17:19:15,elo_2800,mimo-v2.5,47,27,d1,1,e3,False,0
2026-08-20T17:19:21,elo_2800,mimo-v2.5,46,29,a4,1,a4,True,0
2026-08-20T17:19:23,elo_2800,mimo-v2.5,54,29,f6,0,f6,True,0
2026-08-20T17:19:27,elo_2800,mimo-v2.5,57,24,a3,-1,a3,True,0
2026-08-20T17:19:32,elo_2800,mimo-v2.5,53,27,e5,1,a6,False,0
2026-08-20T17:19:57,elo_2800,mimo-v2.5,28,24,f6,0,f6,True,1
2026-08-20T17:19:57,elo_2800,mimo-v2.5,50,28,a1,1,a1,True,0
2026-08-20T17:20:09,elo_2800,mimo-v2.5,58,29,f1,1,f1,True,0
2026-08-20T17:20:22,elo_2800,mimo-v2.5,51,29,a2,0,a1,False,0
2026-08-20T17:20:30,elo_2800,mimo-v2.5,52,28,a6,1,a1,False,0
2026-08-20T17:20:31,elo_2800,mimo-v2.5,63,28,f5,0,f5,True,0
2026-08-20T17:20:52,elo_2800,mimo-v2.5,66,26,e3,-1,e3,True,0
2026-08-20T17:21:00,elo_2800,mimo-v2.5,56,25,d6,1,a6,False,0
2026-08-20T17:21:13,elo_2800,mimo-v2.5,64,29,f1,1,f1,True,0
2026-08-20T17:21:24,elo_2800,mimo-v2.5,55,28,f6,0,f6,True,0
2026-08-20T17:21:54,elo_2800,mimo-v2.5,68,29,f1,1,f1,True,0
2026-08-20T17:21:55,elo_2800,mimo-v2.5,59,26,d6,1,f2,False,0
2026-08-20T17:22:01,elo_2800,mimo-v2.5,71,28,a6,-1,a6,True,0
2026-08-20T17:22:11,elo_2800,mimo-v2.5,61,26,e3,1,f4,False,0
2026-08-20T17:22:13,elo_2800,mimo-v2.5,70,28,a1,0,a1,True,0
2026-08-20T17:22:20,elo_2800,mimo-v2.5,75,29,c1,-1,c1,True,0
2026-08-20T17:22:35,elo_2800,mimo-v2.5,38,26,f3,1,a6,False,1
2026-08-20T17:22:41,elo_2800,mimo-v2.5,73,25,a1,1,a1,True,0
2026-08-20T17:22:46,elo_2800,mimo-v2.5,76,24,b2,1,a1,False,0
2026-08-20T17:22:46,elo_2800,mimo-v2.5,60,28,f1,1,f1,True,0
2026-08-20T17:23:03,elo_2800,mimo-v2.5,62,24,a6,0,a6,True,0
2026-08-20T17:23:20,elo_2800,mimo-v2.5,72,24,e2,0,a2,False,0
2026-08-20T17:23:23,elo_2800,mimo-v2.5,74,25,a6,0,a6,True,0
2026-08-20T17:23:52,elo_2800,mimo-v2.5,65,26,a1,1,a1,True,0
2026-08-20T17:23:53,elo_2800,mimo-v2.5,77,27,f6,0,f6,True,0
2026-08-20T17:23:56,elo_2800,mimo-v2.5,78,26,a1,0,e1,False,0
2026-08-20T17:23:57,elo_2800,mimo-v2.5,85,24,a6,1,a6,True,0
2026-08-20T17:24:12,elo_2800,mimo-v2.5,86,27,f1,1,f1,True,0
2026-08-20T17:24:19,elo_2800,mimo-v2.5,83,27,f6,0,e1,False,0
2026-08-20T17:24:29,elo_2800,mimo-v2.5,88,28,f1,-1,f1,True,0
2026-08-20T17:24:31,elo_2800,mimo-v2.5,79,24,e2,0,b2,False,0
2026-08-20T17:25:02,elo_2800,mimo-v2.5,87,27,a1,1,a1,True,0
2026-08-20T17:25:02,elo_2800,mimo-v2.5,67,26,b6,1,c5,False,1
2026-08-20T17:25:10,elo_2800,mimo-v2.5,81,28,c6,1,f6,False,0
2026-08-20T17:25:21,elo_2800,mimo-v2.5,92,28,f3,0,f3,True,0
2026-08-20T17:25:22,elo_2800,mimo-v2.5,91,27,f6,0,f6,True,0
2026-08-20T17:25:22,elo_2800,mimo-v2.5,82,27,e6,1,f1,False,0
2026-08-20T17:25:26,elo_2800,mimo-v2.5,84,26,c6,1,f6,False,0
2026-08-20T17:25:36,elo_2800,mimo-v2.5,69,26,a3,1,a3,True,1
2026-08-20T17:25:42,elo_2800,mimo-v2.5,98,28,f6,1,f6,True,0
2026-08-20T17:25:58,elo_2800,mimo-v2.5,97,29,f5,1,f2,False,0
2026-08-20T17:26:21,elo_2800,mimo-v2.5,90,24,a6,1,a6,True,0
2026-08-20T17:26:30,elo_2800,mimo-v2.5,96,27,f1,1,f1,True,0
2026-08-20T17:26:32,elo_2800,mimo-v2.5,93,24,a5,1,b3,False,0
2026-08-20T17:27:21,elo_2800,mimo-v2.5,95,24,a4,1,b5,False,0
2026-08-20T17:27:44,elo_2800,mimo-v2.5,99,28,f1,1,f6,False,0
2026-08-20T17:27:58,elo_2800,mimo-v2.5,80,27,f2,1,b2,False,0
2026-08-20T17:28:26,elo_2800,mimo-v2.5,94,29,d2,1,d2,True,0
2026-08-20T17:31:11,elo_2800,mimo-v2.5,100,26,c1,0,e4,False,1
2026-08-20T17:32:24,elo_2800,mimo-v2.5,89,26,f4,1,c6,False,1
2026-08-20T17:39:54,elo_800,mimo-v2.5,8,30,a6,-1,a6,True,0
2026-08-20T17:39:55,elo_800,mimo-v2.5,6,33,a6,-1,a6,True,0
2026-08-20T17:39:56,elo_800,mimo-v2.5,5,34,b6,1,b6,True,0
2026-08-20T17:40:11,elo_800,mimo-v2.5,9,29,f6,1,a1,False,0
2026-08-20T17:40:21,elo_800,mimo-v2.5,14,34,a1,-1,a1,True,0
2026-08-20T17:40:22,elo_800,mimo-v2.5,3,29,a1,1,a1,True,0
2026-08-20T17:40:28,elo_800,mimo-v2.5,12,33,f3,0,f3,True,0
2026-08-20T17:40:38,elo_800,mimo-v2.5,2,26,e3,1,f6,False,0
2026-08-20T17:40:42,elo_800,mimo-v2.5,13,27,f3,1,e5,False,0
2026-08-20T17:40:47,elo_800,mimo-v2.5,19,24,a6,-1,a6,True,0
2026-08-20T17:40:47,elo_800,mimo-v2.5,16,33,b1,1,b1,True,0
2026-08-20T17:40:49,elo_800,mimo-v2.5,4,30,c6,1,e5,False,0
2026-08-20T17:40:54,elo_800,mimo-v2.5,11,27,e3,1,f1,False,0
2026-08-20T17:41:00,elo_800,mimo-v2.5,1,27,f1,0,e1,False,0
2026-08-20T17:41:05,elo_800,mimo-v2.5,15,27,a4,1,a4,True,0
2026-08-20T17:41:10,elo_800,mimo-v2.5,25,33,f3,-1,f3,True,0
2026-08-20T17:41:14,elo_800,mimo-v2.5,24,33,f4,0,f4,True,0
2026-08-20T17:41:14,elo_800,mimo-v2.5,23,27,a6,1,d5,False,0
2026-08-20T17:41:14,elo_800,mimo-v2.5,10,27,a1,1,f6,False,0
2026-08-20T17:41:15,elo_800,mimo-v2.5,17,30,a1,1,f5,False,0
2026-08-20T17:41:21,elo_800,mimo-v2.5,21,28,e5,1,e5,True,0
2026-08-20T17:41:21,elo_800,mimo-v2.5,30,31,c5,-1,c5,True,0
2026-08-20T17:41:32,elo_800,mimo-v2.5,31,34,b1,-1,b1,True,0
2026-08-20T17:41:33,elo_800,mimo-v2.5,18,28,a5,1,f5,False,0
2026-08-20T17:41:33,elo_800,mimo-v2.5,7,27,d1,1,d5,False,0
2026-08-20T17:41:45,elo_800,mimo-v2.5,28,26,a1,0,a1,True,0
2026-08-20T17:41:52,elo_800,mimo-v2.5,36,33,b6,-1,b6,True,0
2026-08-20T17:42:04,elo_800,mimo-v2.5,26,32,e6,0,f1,False,0
2026-08-20T17:42:07,elo_800,mimo-v2.5,29,30,d6,1,d6,True,0
2026-08-20T17:42:08,elo_800,mimo-v2.5,32,34,a6,1,a6,True,0
2026-08-20T17:42:16,elo_800,mimo-v2.5,40,25,f4,-1,f4,True,0
2026-08-20T17:42:17,elo_800,mimo-v2.5,33,31,a1,1,f6,False,0
2026-08-20T17:42:22,elo_800,mimo-v2.5,39,34,f1,1,f1,True,0
2026-08-20T17:42:34,elo_800,mimo-v2.5,35,29,f1,0,f1,True,0
2026-08-20T17:42:35,elo_800,mimo-v2.5,34,26,a3,1,e3,False,0
2026-08-20T17:42:39,elo_800,mimo-v2.5,44,33,e3,-1,e3,True,0
2026-08-20T17:42:39,elo_800,mimo-v2.5,27,34,f6,1,f3,False,0
2026-08-20T17:42:42,elo_800,mimo-v2.5,38,33,c1,0,f5,False,0
2026-08-20T17:42:53,elo_800,mimo-v2.5,47,31,a4,1,e6,False,0
2026-08-20T17:42:54,elo_800,mimo-v2.5,37,33,d5,1,f6,False,0
2026-08-20T17:43:07,elo_800,mimo-v2.5,43,33,f2,1,f2,True,0
2026-08-20T17:43:11,elo_800,mimo-v2.5,22,33,c1,1,c1,True,0
2026-08-20T17:43:14,elo_800,mimo-v2.5,45,30,a1,1,a1,True,0
2026-08-20T17:43:28,elo_800,mimo-v2.5,42,33,d6,1,b4,False,0
2026-08-20T17:43:28,elo_800,mimo-v2.5,41,24,f1,1,f1,True,0
2026-08-20T17:43:31,elo_800,mimo-v2.5,53,26,a1,1,a1,True,0
2026-08-20T17:43:34,elo_800,mimo-v2.5,54,32,e5,-1,e5,True,0
2026-08-20T17:43:36,elo_800,mimo-v2.5,50,31,a5,1,a5,True,0
2026-08-20T17:43:36,elo_800,mimo-v2.5,55,34,a1,0,a1,True,0
2026-08-20T17:43:40,elo_800,mimo-v2.5,46,34,a1,1,a1,True,0
2026-08-20T17:43:43,elo_800,mimo-v2.5,58,34,f4,1,f4,True,0
2026-08-20T17:43:54,elo_800,mimo-v2.5,49,24,d1,1,e4,False,0
2026-08-20T17:43:54,elo_800,mimo-v2.5,52,25,a6,0,a1,False,0
2026-08-20T17:44:03,elo_800,mimo-v2.5,63,33,a5,-1,a5,True,0
2026-08-20T17:44:05,elo_800,mimo-v2.5,57,26,a4,-1,a4,True,0
2026-08-20T17:44:12,elo_800,mimo-v2.5,64,33,b1,-1,b1,True,0
2026-08-20T17:44:15,elo_800,mimo-v2.5,48,33,a5,1,f2,False,0
2026-08-20T17:44:15,elo_800,mimo-v2.5,56,27,f2,1,a1,False,0
2026-08-20T17:44:16,elo_800,mimo-v2.5,65,34,f1,1,f1,True,0
2026-08-20T17:44:21,elo_800,mimo-v2.5,66,34,a2,1,a2,True,0
2026-08-20T17:44:25,elo_800,mimo-v2.5,59,33,f1,0,f6,False,0
2026-08-20T17:44:27,elo_800,mimo-v2.5,51,29,a5,0,a5,True,0
2026-08-20T17:44:27,elo_800,mimo-v2.5,70,33,f2,-1,f2,True,0
2026-08-20T17:44:31,elo_800,mimo-v2.5,73,34,f6,1,f6,True,0
2026-08-20T17:44:33,elo_800,mimo-v2.5,71,31,b6,-1,b6,True,0
2026-08-20T17:44:36,elo_800,mimo-v2.5,67,28,b2,-1,b2,True,0
2026-08-20T17:44:49,elo_800,mimo-v2.5,72,31,e6,0,d6,False,0
2026-08-20T17:45:08,elo_800,mimo-v2.5,68,29,a6,1,e3,False,0
2026-08-20T17:45:14,elo_800,mimo-v2.5,78,34,b1,-1,b1,True,0
2026-08-20T17:45:18,elo_800,mimo-v2.5,79,34,f6,-1,f6,True,0
2026-08-20T17:45:19,elo_800,mimo-v2.5,60,33,b3,1,b3,True,0
2026-08-20T17:45:19,elo_800,mimo-v2.5,75,25,d6,1,d6,True,0
2026-08-20T17:45:19,elo_800,mimo-v2.5,76,29,f6,1,a1,False,0
2026-08-20T17:45:20,elo_800,mimo-v2.5,74,24,f6,0,f6,True,0
2026-08-20T17:45:23,elo_800,mimo-v2.5,20,32,b5,1,b5,True,1
2026-08-20T17:45:26,elo_800,mimo-v2.5,80,34,c6,0,c6,True,0
2026-08-20T17:45:28,elo_800,mimo-v2.5,83,33,e1,1,e1,True,0
2026-08-20T17:45:28,elo_800,mimo-v2.5,82,34,d6,-1,d6,True,0
2026-08-20T17:45:31,elo_800,mimo-v2.5,85,33,b2,-1,b2,True,0
2026-08-20T17:45:34,elo_800,mimo-v2.5,88,34,f1,-1,f1,True,0
2026-08-20T17:45:36,elo_800,mimo-v2.5,87,34,f5,-1,f5,True,0
2026-08-20T17:45:38,elo_800,mimo-v2.5,90,31,a1,-1,a1,True,0
2026-08-20T17:45:40,elo_800,mimo-v2.5,84,25,f6,1,a3,False,0
2026-08-20T17:45:43,elo_800,mimo-v2.5,61,27,d1,1,d5,False,0
2026-08-20T17:45:46,elo_800,mimo-v2.5,69,25,f3,0,f3,True,0
2026-08-20T17:45:47,elo_800,mimo-v2.5,93,32,e2,-1,e2,True,0
2026-08-20T17:45:48,elo_800,mimo-v2.5,91,30,f4,-1,f4,True,0
2026-08-20T17:45:52,elo_800,mimo-v2.5,94,31,a1,-1,a1,True,0
2026-08-20T17:45:53,elo_800,mimo-v2.5,95,31,c6,-1,c6,True,0
2026-08-20T17:45:59,elo_800,mimo-v2.5,98,34,c1,1,c1,True,0
2026-08-20T17:46:02,elo_800,mimo-v2.5,77,33,a1,1,a1,True,0
2026-08-20T17:46:10,elo_800,mimo-v2.5,89,34,f2,1,a1,False,0
2026-08-20T17:46:27,elo_800,mimo-v2.5,100,34,f1,1,f1,True,0
2026-08-20T17:46:29,elo_800,mimo-v2.5,99,33,a1,1,a1,True,0
2026-08-20T17:46:30,elo_800,mimo-v2.5,86,32,f2,0,f6,False,0
2026-08-20T17:46:34,elo_800,mimo-v2.5,97,27,f1,1,e1,False,0
2026-08-20T17:46:39,elo_800,mimo-v2.5,96,27,e4,1,b2,False,0
2026-08-20T17:46:39,elo_800,mimo-v2.5,81,33,c6,1,a2,False,0
2026-08-20T17:46:42,elo_800,mimo-v2.5,92,28,b4,1,b4,True,0
2026-08-20T17:48:05,elo_800,mimo-v2.5,62,27,d6,0,e5,False,1
2026-08-20T17:48:12,elo_1800,mimo-v2.5,6,33,a6,-1,a6,True,0
2026-08-20T17:48:13,elo_1800,mimo-v2.5,5,34,b6,1,b6,True,0
2026-08-20T17:48:20,elo_1800,mimo-v2.5,8,30,a6,-1,a6,True,0
2026-08-20T17:48:21,elo_1800,mimo-v2.5,3,29,a1,1,a1,True,0
2026-08-20T17:48:29,elo_1800,mimo-v2.5,14,34,a1,-1,a1,True,0
2026-08-20T17:48:50,elo_1800,mimo-v2.5,15,27,a4,1,b3,False,0
2026-08-20T17:48:57,elo_1800,mimo-v2.5,16,33,b1,1,b1,True,0
2026-08-20T17:49:00,elo_1800,mimo-v2.5,4,30,c6,1,e5,False,0
2026-08-20T17:49:11,elo_1800,mimo-v2.5,11,27,e3,1,a6,False,0
2026-08-20T17:49:21,elo_1800,mimo-v2.5,19,24,a6,-1,a6,True,0
2026-08-20T17:49:26,elo_1800,mimo-v2.5,2,26,e3,1,f6,False,0
2026-08-20T17:49:36,elo_1800,mimo-v2.5,13,27,f3,1,e5,False,0
2026-08-20T17:49:49,elo_1800,mimo-v2.5,10,27,a1,1,f6,False,0
2026-08-20T17:50:11,elo_1800,mimo-v2.5,9,29,f6,1,f6,True,0
2026-08-20T17:50:15,elo_1800,mimo-v2.5,24,33,f4,0,f4,True,0
2026-08-20T17:50:23,elo_1800,mimo-v2.5,25,33,f3,-1,f3,True,0
2026-08-20T17:50:27,elo_1800,mimo-v2.5,1,27,f1,0,f1,True,0
2026-08-20T17:50:29,elo_1800,mimo-v2.5,23,27,a6,1,d5,False,0
2026-08-20T17:50:36,elo_1800,mimo-v2.5,12,33,f3,0,f3,True,0
2026-08-20T17:50:37,elo_1800,mimo-v2.5,22,33,c1,1,c1,True,0
2026-08-20T17:50:38,elo_1800,mimo-v2.5,28,26,a1,0,a2,False,0
2026-08-20T17:50:39,elo_1800,mimo-v2.5,17,30,a1,1,f6,False,0
2026-08-20T17:50:43,elo_1800,mimo-v2.5,30,31,c5,-1,c5,True,0
2026-08-20T17:50:48,elo_1800,mimo-v2.5,31,34,b1,-1,b1,True,0
2026-08-20T17:51:00,elo_1800,mimo-v2.5,26,32,e6,0,f1,False,0
2026-08-20T17:51:25,elo_1800,mimo-v2.5,29,30,d6,1,d6,True,0
2026-08-20T17:51:39,elo_1800,mimo-v2.5,21,28,e5,1,e5,True,0
2026-08-20T17:51:49,elo_1800,mimo-v2.5,7,27,d1,1,d5,False,0
2026-08-20T17:52:06,elo_1800,mimo-v2.5,33,31,a1,1,f6,False,0
2026-08-20T17:52:08,elo_1800,mimo-v2.5,35,29,f1,0,f1,True,0
2026-08-20T17:52:14,elo_1800,mimo-v2.5,40,25,f4,-1,f4,True,0
2026-08-20T17:52:29,elo_1800,mimo-v2.5,36,33,b6,-1,b6,True,0
2026-08-20T17:52:43,elo_1800,mimo-v2.5,32,34,a6,1,a6,True,0
2026-08-20T17:52:45,elo_1800,mimo-v2.5,37,33,d5,1,f6,False,0
2026-08-20T17:52:50,elo_1800,mimo-v2.5,44,33,e3,-1,e3,True,0
2026-08-20T17:52:58,elo_1800,mimo-v2.5,45,30,a1,1,a1,True,0
2026-08-20T17:53:02,elo_1800,mimo-v2.5,34,26,a3,1,a3,True,0
2026-08-20T17:53:10,elo_1800,mimo-v2.5,42,33,d6,1,b4,False,0
2026-08-20T17:53:12,elo_1800,mimo-v2.5,27,34,f6,1,f6,True,0
2026-08-20T17:53:12,elo_1800,mimo-v2.5,41,24,f1,1,f1,True,0
2026-08-20T17:53:26,elo_1800,mimo-v2.5,38,33,c1,0,f5,False,0
2026-08-20T17:53:36,elo_1800,mimo-v2.5,39,34,f1,1,f1,True,0
2026-08-20T17:53:37,elo_1800,mimo-v2.5,20,32,b5,1,b5,True,1
2026-08-20T17:53:43,elo_1800,mimo-v2.5,43,33,f2,1,f2,True,0
2026-08-20T17:53:51,elo_1800,mimo-v2.5,54,32,e5,-1,e5,True,0
2026-08-20T17:53:54,elo_1800,mimo-v2.5,46,34,a1,1,a1,True,0
2026-08-20T17:53:57,elo_1800,mimo-v2.5,55,34,a1,0,a1,True,0
2026-08-20T17:54:02,elo_1800,mimo-v2.5,57,26,a4,-1,a4,True,0
2026-08-20T17:54:07,elo_1800,mimo-v2.5,58,34,f4,1,f4,True,0
2026-08-20T17:54:17,elo_1800,mimo-v2.5,52,25,a6,0,a6,True,0
2026-08-20T17:54:23,elo_1800,mimo-v2.5,56,27,f2,1,a1,False,0
2026-08-20T17:54:32,elo_1800,mimo-v2.5,60,33,b3,1,e5,False,0
2026-08-20T17:55:05,elo_1800,mimo-v2.5,59,33,f1,0,f6,False,0
2026-08-20T17:55:06,elo_1800,mimo-v2.5,18,28,a5,1,a5,True,1
2026-08-20T17:55:13,elo_1800,mimo-v2.5,53,26,a1,1,a1,True,0
2026-08-20T17:55:20,elo_1800,mimo-v2.5,65,34,f1,1,f1,True,0
2026-08-20T17:55:29,elo_1800,mimo-v2.5,48,33,a5,1,a5,True,0
2026-08-20T17:55:29,elo_1800,mimo-v2.5,66,34,a2,1,a2,True,0
2026-08-20T17:55:33,elo_1800,mimo-v2.5,63,33,a5,-1,a5,True,0
2026-08-20T17:55:38,elo_1800,mimo-v2.5,67,28,b2,-1,b2,True,0
2026-08-20T17:55:45,elo_1800,mimo-v2.5,70,33,f2,-1,f2,True,0
2026-08-20T17:55:46,elo_1800,mimo-v2.5,64,33,b1,-1,b1,True,0
2026-08-20T17:55:59,elo_1800,mimo-v2.5,50,31,a5,1,a5,True,0
2026-08-20T17:56:12,elo_1800,mimo-v2.5,73,34,f6,1,f6,True,0
2026-08-20T17:56:26,elo_1800,mimo-v2.5,68,29,a6,1,f1,False,0
2026-08-20T17:56:39,elo_1800,mimo-v2.5,71,31,b6,-1,b6,True,0
2026-08-20T17:56:46,elo_1800,mimo-v2.5,75,25,d6,1,f4,False,0
2026-08-20T17:57:05,elo_1800,mimo-v2.5,61,27,d1,1,d5,False,0
2026-08-20T17:57:13,elo_1800,mimo-v2.5,62,27,d6,0,c6,False,0
2026-08-20T17:57:16,elo_1800,mimo-v2.5,78,34,b1,-1,b1,True,0
2026-08-20T17:57:18,elo_1800,mimo-v2.5,79,34,f6,-1,f6,True,0
2026-08-20T17:57:19,elo_1800,mimo-v2.5,80,34,c6,0,c6,True,0
2026-08-20T17:57:19,elo_1800,mimo-v2.5,74,24,f6,0,e1,False,0
2026-08-20T17:57:24,elo_1800,mimo-v2.5,83,33,e1,1,e1,True,0
2026-08-20T17:57:25,elo_1800,mimo-v2.5,82,34,d6,-1,d6,True,0
2026-08-20T17:57:39,elo_1800,mimo-v2.5,76,29,f6,1,f6,True,0
2026-08-20T17:57:44,elo_1800,mimo-v2.5,69,25,f3,0,b2,False,0
2026-08-20T17:57:51,elo_1800,mimo-v2.5,85,33,b2,-1,b2,True,0
2026-08-20T17:57:52,elo_1800,mimo-v2.5,87,34,f5,-1,f5,True,0
2026-08-20T17:57:53,elo_1800,mimo-v2.5,47,31,a4,1,f2,False,1
2026-08-20T17:57:57,elo_1800,mimo-v2.5,88,34,f1,-1,f1,True,0
2026-08-20T17:57:58,elo_1800,mimo-v2.5,51,29,a5,0,f3,False,1
2026-08-20T17:58:00,elo_1800,mimo-v2.5,90,31,a1,-1,a1,True,0
2026-08-20T17:58:03,elo_1800,mimo-v2.5,72,31,e6,0,d6,False,0
2026-08-20T17:58:03,elo_1800,mimo-v2.5,91,30,f4,-1,f4,True,0
2026-08-20T17:58:11,elo_1800,mimo-v2.5,93,32,e2,-1,e2,True,0
2026-08-20T17:58:11,elo_1800,mimo-v2.5,94,31,a1,-1,a1,True,0
2026-08-20T17:58:12,elo_1800,mimo-v2.5,89,34,f2,1,a1,False,0
2026-08-20T17:58:14,elo_1800,mimo-v2.5,86,32,f2,0,f6,False,0
2026-08-20T17:58:18,elo_1800,mimo-v2.5,98,34,c1,1,c1,True,0
2026-08-20T17:58:23,elo_1800,mimo-v2.5,84,25,f6,1,f6,True,0
2026-08-20T17:58:51,elo_1800,mimo-v2.5,95,31,c6,-1,c6,True,0
2026-08-20T17:58:57,elo_1800,mimo-v2.5,99,33,a1,1,a1,True,0
2026-08-20T17:58:58,elo_1800,mimo-v2.5,96,27,e4,1,b2,False,0
2026-08-20T17:59:10,elo_1800,mimo-v2.5,100,34,f1,1,f1,True,0
2026-08-20T17:59:44,elo_1800,mimo-v2.5,77,33,a1,1,a1,True,0
2026-08-20T17:59:49,elo_1800,mimo-v2.5,92,28,b4,1,b4,True,0
2026-08-20T18:00:35,elo_1800,mimo-v2.5,81,33,c6,1,c6,True,0
2026-08-20T18:03:09,elo_1800,mimo-v2.5,97,27,f1,1,f1,True,1
2026-08-20T18:04:28,elo_1800,mimo-v2.5,49,24,d1,1,e4,False,2
2026-08-20T18:04:33,elo_2800,mimo-v2.5,5,34,b6,1,b6,True,0
2026-08-20T18:04:34,elo_2800,mimo-v2.5,6,33,a6,-1,a6,True,0
2026-08-20T18:04:39,elo_2800,mimo-v2.5,3,29,a1,1,d2,False,0
2026-08-20T18:04:47,elo_2800,mimo-v2.5,8,30,a6,-1,a6,True,0
2026-08-20T18:04:54,elo_2800,mimo-v2.5,14,34,a1,-1,a1,True,0
2026-08-20T18:05:16,elo_2800,mimo-v2.5,15,27,a4,1,a4,True,0
2026-08-20T18:05:27,elo_2800,mimo-v2.5,4,30,c6,1,e5,False,0
2026-08-20T18:05:28,elo_2800,mimo-v2.5,1,27,f1,0,f1,True,0
2026-08-20T18:05:30,elo_2800,mimo-v2.5,2,26,e3,1,f6,False,0
2026-08-20T18:05:33,elo_2800,mimo-v2.5,16,33,b1,1,b1,True,0
2026-08-20T18:05:40,elo_2800,mimo-v2.5,20,32,b5,1,b5,True,0
2026-08-20T18:05:40,elo_2800,mimo-v2.5,12,33,f3,0,b1,False,0
2026-08-20T18:05:48,elo_2800,mimo-v2.5,19,24,a6,-1,a6,True,0
2026-08-20T18:06:00,elo_2800,mimo-v2.5,13,27,f3,1,f3,True,0
2026-08-20T18:06:16,elo_2800,mimo-v2.5,24,33,f4,0,f4,True,0
2026-08-20T18:06:20,elo_2800,mimo-v2.5,25,33,f3,-1,f3,True,0
2026-08-20T18:06:33,elo_2800,mimo-v2.5,17,30,a1,1,a1,True,0
2026-08-20T18:06:40,elo_2800,mimo-v2.5,22,33,c1,1,a6,False,0
2026-08-20T18:06:47,elo_2800,mimo-v2.5,26,32,e6,0,f1,False,0
2026-08-20T18:06:52,elo_2800,mimo-v2.5,28,26,a1,0,a1,True,0
2026-08-20T18:06:59,elo_2800,mimo-v2.5,30,31,c5,-1,c5,True,0
2026-08-20T18:07:04,elo_2800,mimo-v2.5,31,34,b1,-1,b1,True,0
2026-08-20T18:07:15,elo_2800,mimo-v2.5,18,28,a5,1,d1,False,0
2026-08-20T18:07:16,elo_2800,mimo-v2.5,21,28,e5,1,e2,False,0
2026-08-20T18:07:32,elo_2800,mimo-v2.5,10,27,a1,1,f6,False,0
2026-08-20T18:07:49,elo_2800,mimo-v2.5,27,34,f6,1,f6,True,0
2026-08-20T18:07:55,elo_2800,mimo-v2.5,36,33,b6,-1,b6,True,0
2026-08-20T18:08:10,elo_2800,mimo-v2.5,35,29,f1,0,f1,True,0
2026-08-20T18:08:17,elo_2800,mimo-v2.5,32,34,a6,1,a6,True,0
2026-08-20T18:08:25,elo_2800,mimo-v2.5,39,34,f1,1,f1,True,0
2026-08-20T18:08:35,elo_2800,mimo-v2.5,40,25,f4,-1,f4,True,0
2026-08-20T18:09:04,elo_2800,mimo-v2.5,9,29,f6,1,f6,True,1
2026-08-20T18:09:13,elo_2800,mimo-v2.5,29,30,d6,1,f3,False,0
2026-08-20T18:09:22,elo_2800,mimo-v2.5,41,24,f1,1,f1,True,0
2026-08-20T18:09:31,elo_2800,mimo-v2.5,44,33,e3,-1,e3,True,0
2026-08-20T18:09:32,elo_2800,mimo-v2.5,37,33,d5,1,d5,True,0
2026-08-20T18:09:33,elo_2800,mimo-v2.5,7,27,d1,1,d5,False,1
2026-08-20T18:09:46,elo_2800,mimo-v2.5,46,34,a1,1,a6,False,0
2026-08-20T18:09:59,elo_2800,mimo-v2.5,33,31,a1,1,f6,False,0
2026-08-20T18:10:03,elo_2800,mimo-v2.5,34,26,a3,1,b6,False,0
2026-08-20T18:10:10,elo_2800,mimo-v2.5,45,30,a1,1,a1,True,0
2026-08-20T18:10:36,elo_2800,mimo-v2.5,23,27,a6,1,a6,True,1
2026-08-20T18:11:19,elo_2800,mimo-v2.5,43,33,f2,1,f2,True,0
2026-08-20T18:11:31,elo_2800,mimo-v2.5,51,29,a5,0,a5,True,0
2026-08-20T18:11:41,elo_2800,mimo-v2.5,50,31,a5,1,a5,True,0
2026-08-20T18:11:50,elo_2800,mimo-v2.5,38,33,c1,0,f5,False,0
2026-08-20T18:11:54,elo_2800,mimo-v2.5,54,32,e5,-1,e5,True,0
2026-08-20T18:12:00,elo_2800,mimo-v2.5,57,26,a4,-1,a4,True,0
2026-08-20T18:12:11,elo_2800,mimo-v2.5,55,34,a1,0,a1,True,0
2026-08-20T18:12:11,elo_2800,mimo-v2.5,11,27,e3,1,e3,True,1
2026-08-20T18:12:12,elo_2800,mimo-v2.5,56,27,f2,1,a3,False,0
2026-08-20T18:12:29,elo_2800,mimo-v2.5,49,24,d1,1,d2,False,0
2026-08-20T18:12:30,elo_2800,mimo-v2.5,42,33,d6,1,d6,True,0
2026-08-20T18:12:33,elo_2800,mimo-v2.5,58,34,f4,1,f4,True,0
2026-08-20T18:12:39,elo_2800,mimo-v2.5,63,33,a5,-1,a5,True,0
2026-08-20T18:12:47,elo_2800,mimo-v2.5,64,33,b1,-1,b1,True,0
2026-08-20T18:12:53,elo_2800,mimo-v2.5,66,34,a2,1,a2,True,0
2026-08-20T18:13:02,elo_2800,mimo-v2.5,65,34,f1,1,f1,True,0
2026-08-20T18:13:18,elo_2800,mimo-v2.5,67,28,b2,-1,b2,True,0
2026-08-20T18:13:24,elo_2800,mimo-v2.5,53,26,a1,1,f5,False,0
2026-08-20T18:13:28,elo_2800,mimo-v2.5,70,33,f2,-1,f2,True,0
2026-08-20T18:13:41,elo_2800,mimo-v2.5,60,33,b3,1,b3,True,0
2026-08-20T18:13:45,elo_2800,mimo-v2.5,62,27,d6,0,c6,False,0
2026-08-20T18:13:57,elo_2800,mimo-v2.5,47,31,a4,1,f2,False,0
2026-08-20T18:13:58,elo_2800,mimo-v2.5,73,34,f6,1,f6,True,0
2026-08-20T18:13:59,elo_2800,mimo-v2.5,48,33,a5,1,a5,True,0
2026-08-20T18:14:04,elo_2800,mimo-v2.5,76,29,f6,1,f6,True,0
2026-08-20T18:14:16,elo_2800,mimo-v2.5,71,31,b6,-1,b6,True,0
2026-08-20T18:14:28,elo_2800,mimo-v2.5,78,34,b1,-1,b1,True,0
2026-08-20T18:14:29,elo_2800,mimo-v2.5,59,33,f1,0,f1,True,0
2026-08-20T18:14:35,elo_2800,mimo-v2.5,79,34,f6,-1,f6,True,0
2026-08-20T18:14:36,elo_2800,mimo-v2.5,52,25,a6,0,a6,True,1
2026-08-20T18:14:37,elo_2800,mimo-v2.5,80,34,c6,0,c6,True,0
2026-08-20T18:14:46,elo_2800,mimo-v2.5,77,33,a1,1,a1,True,0
2026-08-20T18:14:58,elo_2800,mimo-v2.5,83,33,e1,1,e1,True,0
2026-08-20T18:15:06,elo_2800,mimo-v2.5,85,33,b2,-1,b2,True,0
2026-08-20T18:15:07,elo_2800,mimo-v2.5,68,29,a6,1,f1,False,0
2026-08-20T18:15:09,elo_2800,mimo-v2.5,82,34,d6,-1,d6,True,0
2026-08-20T18:15:14,elo_2800,mimo-v2.5,87,34,f5,-1,f5,True,0
2026-08-20T18:15:36,elo_2800,mimo-v2.5,88,34,f1,-1,f1,True,0
2026-08-20T18:15:36,elo_2800,mimo-v2.5,61,27,d1,1,d1,True,0
2026-08-20T18:15:41,elo_2800,mimo-v2.5,90,31,a1,-1,a1,True,0
2026-08-20T18:15:42,elo_2800,mimo-v2.5,91,30,f4,-1,f4,True,0
2026-08-20T18:16:07,elo_2800,mimo-v2.5,84,25,f6,1,f6,True,0
2026-08-20T18:16:11,elo_2800,mimo-v2.5,93,32,e2,-1,e2,True,0
2026-08-20T18:16:20,elo_2800,mimo-v2.5,95,31,c6,-1,c6,True,0
2026-08-20T18:16:26,elo_2800,mimo-v2.5,94,31,a1,-1,a1,True,0
2026-08-20T18:16:59,elo_2800,mimo-v2.5,96,27,e4,1,b2,False,0
2026-08-20T18:17:26,elo_2800,mimo-v2.5,98,34,c1,1,c1,True,0
2026-08-20T18:17:27,elo_2800,mimo-v2.5,89,34,f2,1,f2,True,0
2026-08-20T18:17:32,elo_2800,mimo-v2.5,81,33,c6,1,c6,True,0
2026-08-20T18:17:42,elo_2800,mimo-v2.5,97,27,f1,1,f1,True,0
2026-08-20T18:17:49,elo_2800,mimo-v2.5,92,28,b4,1,a2,False,0
2026-08-20T18:18:25,elo_2800,mimo-v2.5,74,24,f6,0,f6,True,1
2026-08-20T18:18:42,elo_2800,mimo-v2.5,100,34,f1,1,a6,False,0
2026-08-20T18:18:58,elo_2800,mimo-v2.5,99,33,a1,1,a1,True,0
2026-08-20T18:18:59,elo_2800,mimo-v2.5,86,32,f2,0,f6,False,1
2026-08-20T18:19:32,elo_2800,mimo-v2.5,69,25,f3,0,b6,False,0
2026-08-20T18:19:51,elo_2800,mimo-v2.5,72,31,e6,0,d6,False,1
2026-08-20T18:22:44,elo_2800,mimo-v2.5,75,25,d6,1,f2,False,2
2026-08-20T18:27:44,elo_800,mimo-v2.5,6,31,a4,-1,a4,True,0
2026-08-20T18:27:44,elo_800,mimo-v2.5,2,31,f2,1,f2,True,0
2026-08-20T18:27:45,elo_800,mimo-v2.5,7,24,f5,-1,f5,True,0
2026-08-20T18:27:47,elo_800,mimo-v2.5,10,33,e1,-1,e1,True,0
2026-08-20T18:27:48,elo_800,mimo-v2.5,8,34,a3,-1,a3,True,0
2026-08-20T18:27:51,elo_800,mimo-v2.5,4,27,f3,-1,f3,True,0
2026-08-20T18:27:56,elo_800,mimo-v2.5,14,31,c6,-1,c6,True,0
2026-08-20T18:27:56,elo_800,mimo-v2.5,3,31,c5,0,e3,False,0
2026-08-20T18:28:01,elo_800,mimo-v2.5,9,34,e3,1,e3,True,0
2026-08-20T18:28:04,elo_800,mimo-v2.5,18,30,e2,-1,e2,True,0
2026-08-20T18:28:09,elo_800,mimo-v2.5,13,26,c6,1,e1,False,0
2026-08-20T18:28:10,elo_800,mimo-v2.5,19,34,a6,-1,a6,True,0
2026-08-20T18:28:20,elo_800,mimo-v2.5,15,28,f6,0,f6,True,0
2026-08-20T18:28:23,elo_800,mimo-v2.5,5,34,b1,1,a1,False,0
2026-08-20T18:28:23,elo_800,mimo-v2.5,11,33,f5,1,f4,False,0
2026-08-20T18:28:24,elo_800,mimo-v2.5,1,25,a1,1,a1,True,0
2026-08-20T18:28:28,elo_800,mimo-v2.5,23,34,a6,1,a6,True,0
2026-08-20T18:28:36,elo_800,mimo-v2.5,27,25,f6,1,d1,False,0
2026-08-20T18:28:42,elo_800,mimo-v2.5,17,34,e3,1,e3,True,0
2026-08-20T18:28:44,elo_800,mimo-v2.5,25,33,a1,-1,a1,True,0
2026-08-20T18:28:45,elo_800,mimo-v2.5,21,33,a3,1,f6,False,0
2026-08-20T18:28:51,elo_800,mimo-v2.5,16,30,b5,0,a1,False,0
2026-08-20T18:28:51,elo_800,mimo-v2.5,22,25,d1,1,a2,False,0
2026-08-20T18:28:57,elo_800,mimo-v2.5,20,26,f4,0,f4,True,0
2026-08-20T18:28:57,elo_800,mimo-v2.5,33,28,f2,-1,f2,True,0
2026-08-20T18:29:02,elo_800,mimo-v2.5,31,33,f6,1,f6,True,0
2026-08-20T18:29:04,elo_800,mimo-v2.5,35,29,f6,1,e5,False,0
2026-08-20T18:29:05,elo_800,mimo-v2.5,34,32,a4,1,a4,True,0
2026-08-20T18:29:09,elo_800,mimo-v2.5,26,30,d1,0,a4,False,0
2026-08-20T18:29:16,elo_800,mimo-v2.5,39,33,f5,1,f5,True,0
2026-08-20T18:29:19,elo_800,mimo-v2.5,38,27,a1,1,a1,True,0
2026-08-20T18:29:21,elo_800,mimo-v2.5,24,27,e4,0,e4,True,0
2026-08-20T18:29:22,elo_800,mimo-v2.5,40,28,f3,-1,f3,True,0
2026-08-20T18:29:24,elo_800,mimo-v2.5,32,28,a2,1,f5,False,0
2026-08-20T18:29:25,elo_800,mimo-v2.5,41,33,f6,-1,f6,True,0
2026-08-20T18:29:25,elo_800,mimo-v2.5,29,30,a3,1,e6,False,0
2026-08-20T18:29:29,elo_800,mimo-v2.5,43,32,f2,-1,f2,True,0
2026-08-20T18:29:30,elo_800,mimo-v2.5,12,31,a1,1,a1,True,0
2026-08-20T18:29:31,elo_800,mimo-v2.5,44,34,a3,-1,a3,True,0
2026-08-20T18:29:32,elo_800,mimo-v2.5,30,24,e4,1,f3,False,0
2026-08-20T18:29:32,elo_800,mimo-v2.5,46,32,a5,-1,a5,True,0
2026-08-20T18:29:39,elo_800,mimo-v2.5,47,26,e4,-1,e4,True,0
2026-08-20T18:29:42,elo_800,mimo-v2.5,45,29,f5,0,d5,False,0
2026-08-20T18:29:43,elo_800,mimo-v2.5,37,30,b4,0,f1,False,0
2026-08-20T18:29:45,elo_800,mimo-v2.5,28,26,a1,0,a1,True,0
2026-08-20T18:29:49,elo_800,mimo-v2.5,48,27,f1,0,f1,True,0
2026-08-20T18:29:54,elo_800,mimo-v2.5,56,34,a6,1,a6,True,0
2026-08-20T18:29:54,elo_800,mimo-v2.5,49,34,f6,-1,f6,True,0
2026-08-20T18:30:02,elo_800,mimo-v2.5,57,31,f1,1,f1,True,0
2026-08-20T18:30:03,elo_800,mimo-v2.5,55,29,a3,1,f2,False,0
2026-08-20T18:30:08,elo_800,mimo-v2.5,42,24,a1,1,f6,False,0
2026-08-20T18:30:10,elo_800,mimo-v2.5,36,24,a6,1,a6,True,0
2026-08-20T18:30:11,elo_800,mimo-v2.5,51,33,a1,1,f6,False,0
2026-08-20T18:30:14,elo_800,mimo-v2.5,61,34,a4,-1,a4,True,0
2026-08-20T18:30:19,elo_800,mimo-v2.5,52,28,a2,1,f4,False,0
2026-08-20T18:30:23,elo_800,mimo-v2.5,53,27,e5,0,e5,True,0
2026-08-20T18:30:23,elo_800,mimo-v2.5,64,32,e6,-1,e6,True,0
2026-08-20T18:30:28,elo_800,mimo-v2.5,67,32,c6,-1,c6,True,0
2026-08-20T18:30:31,elo_800,mimo-v2.5,66,34,a3,1,a3,True,0
2026-08-20T18:30:35,elo_800,mimo-v2.5,62,28,f4,1,c1,False,0
2026-08-20T18:30:41,elo_800,mimo-v2.5,69,34,a6,-1,a6,True,0
2026-08-20T18:30:45,elo_800,mimo-v2.5,58,29,c6,1,c6,True,0
2026-08-20T18:30:56,elo_800,mimo-v2.5,65,31,a1,1,a1,True,0
2026-08-20T18:30:59,elo_800,mimo-v2.5,59,28,a2,1,a5,False,0
2026-08-20T18:30:59,elo_800,mimo-v2.5,68,34,f5,1,f6,False,0
2026-08-20T18:31:00,elo_800,mimo-v2.5,54,33,a6,1,a4,False,0
2026-08-20T18:31:05,elo_800,mimo-v2.5,74,31,f1,-1,f1,True,0
2026-08-20T18:31:05,elo_800,mimo-v2.5,71,27,f1,1,f1,True,0
2026-08-20T18:31:09,elo_800,mimo-v2.5,63,31,a6,1,b5,False,0
2026-08-20T18:31:12,elo_800,mimo-v2.5,75,29,c6,1,c6,True,0
2026-08-20T18:31:25,elo_800,mimo-v2.5,50,30,a3,0,a1,False,0
2026-08-20T18:31:32,elo_800,mimo-v2.5,81,34,d6,-1,d6,True,0
2026-08-20T18:31:48,elo_800,mimo-v2.5,82,34,f5,-1,f5,True,0
2026-08-20T18:31:56,elo_800,mimo-v2.5,70,32,f5,1,b2,False,0
2026-08-20T18:32:06,elo_800,mimo-v2.5,84,28,d2,-1,d2,True,0
2026-08-20T18:32:17,elo_800,mimo-v2.5,73,32,c6,0,c6,True,0
2026-08-20T18:32:19,elo_800,mimo-v2.5,60,25,c6,1,f6,False,0
2026-08-20T18:32:19,elo_800,mimo-v2.5,76,33,a1,1,a1,True,0
2026-08-20T18:32:22,elo_800,mimo-v2.5,77,28,c1,1,f1,False,0
2026-08-20T18:32:25,elo_800,mimo-v2.5,72,29,a1,1,a3,False,0
2026-08-20T18:32:27,elo_800,mimo-v2.5,79,26,a1,1,a1,True,0
2026-08-20T18:32:30,elo_800,mimo-v2.5,88,24,a1,1,a1,True,0
2026-08-20T18:32:36,elo_800,mimo-v2.5,91,34,a6,-1,a6,True,0
2026-08-20T18:32:36,elo_800,mimo-v2.5,83,24,f6,0,f1,False,0
2026-08-20T18:32:42,elo_800,mimo-v2.5,93,33,a3,0,a3,True,0
2026-08-20T18:32:57,elo_800,mimo-v2.5,89,32,f1,1,f1,True,0
2026-08-20T18:32:57,elo_800,mimo-v2.5,85,30,a6,1,a6,True,0
2026-08-20T18:33:15,elo_800,mimo-v2.5,94,29,a6,1,e6,False,0
2026-08-20T18:33:22,elo_800,mimo-v2.5,96,27,e6,1,d1,False,0
2026-08-20T18:33:22,elo_800,mimo-v2.5,86,31,e6,1,c6,False,0
2026-08-20T18:33:25,elo_800,mimo-v2.5,87,29,a4,1,f3,False,0
2026-08-20T18:33:26,elo_800,mimo-v2.5,99,26,f1,-1,f1,True,0
2026-08-20T18:33:32,elo_800,mimo-v2.5,95,27,f6,1,f1,False,0
2026-08-20T18:33:36,elo_800,mimo-v2.5,97,34,a4,-1,a4,True,0
2026-08-20T18:33:47,elo_800,mimo-v2.5,78,33,c1,1,c1,True,0
2026-08-20T18:33:52,elo_800,mimo-v2.5,100,33,d5,1,b6,False,0
2026-08-20T18:33:57,elo_800,mimo-v2.5,90,24,a6,1,a6,True,0
2026-08-20T18:34:04,elo_800,mimo-v2.5,92,25,f4,1,d6,False,0
2026-08-20T18:34:12,elo_800,mimo-v2.5,98,34,a5,0,a5,True,0
2026-08-20T18:35:04,elo_800,mimo-v2.5,80,30,f4,1,b6,False,1
2026-08-20T18:35:10,elo_1800,mimo-v2.5,8,34,a3,-1,a3,True,0
2026-08-20T18:35:12,elo_1800,mimo-v2.5,6,31,a4,-1,a4,True,0
2026-08-20T18:35:13,elo_1800,mimo-v2.5,2,31,f2,1,f2,True,0
2026-08-20T18:35:15,elo_1800,mimo-v2.5,10,33,e1,-1,e1,True,0
2026-08-20T18:35:21,elo_1800,mimo-v2.5,14,31,c6,-1,c6,True,0
2026-08-20T18:35:22,elo_1800,mimo-v2.5,4,27,f3,-1,f3,True,0
2026-08-20T18:35:36,elo_1800,mimo-v2.5,7,24,f5,-1,f5,True,0
2026-08-20T18:35:39,elo_1800,mimo-v2.5,5,34,b1,1,a1,False,0
2026-08-20T18:35:47,elo_1800,mimo-v2.5,18,30,e2,-1,e2,True,0
2026-08-20T18:35:53,elo_1800,mimo-v2.5,19,34,a6,-1,a6,True,0
2026-08-20T18:36:10,elo_1800,mimo-v2.5,13,26,c6,1,d1,False,0
2026-08-20T18:36:11,elo_1800,mimo-v2.5,15,28,f6,0,f6,True,0
2026-08-20T18:36:38,elo_1800,mimo-v2.5,17,34,e3,1,e3,True,0
2026-08-20T18:36:40,elo_1800,mimo-v2.5,1,25,a1,1,f3,False,0
2026-08-20T18:36:44,elo_1800,mimo-v2.5,12,31,a1,1,a1,True,0
2026-08-20T18:36:45,elo_1800,mimo-v2.5,23,34,a6,1,a6,True,0
2026-08-20T18:36:51,elo_1800,mimo-v2.5,21,33,a3,1,f6,False,0
2026-08-20T18:37:00,elo_1800,mimo-v2.5,9,34,e3,1,e3,True,0
2026-08-20T18:37:02,elo_1800,mimo-v2.5,25,33,a1,-1,a1,True,0
2026-08-20T18:37:06,elo_1800,mimo-v2.5,20,26,f4,0,f4,True,0
2026-08-20T18:37:18,elo_1800,mimo-v2.5,22,25,d1,1,b5,False,0
2026-08-20T18:37:21,elo_1800,mimo-v2.5,11,33,f5,1,f5,True,0
2026-08-20T18:38:19,elo_1800,mimo-v2.5,31,33,f6,1,f6,True,0
2026-08-20T18:38:27,elo_1800,mimo-v2.5,33,28,f2,-1,f2,True,0
2026-08-20T18:38:36,elo_1800,mimo-v2.5,34,32,a4,1,a4,True,0
2026-08-20T18:38:39,elo_1800,mimo-v2.5,3,31,c5,0,e2,False,0
2026-08-20T18:38:51,elo_1800,mimo-v2.5,26,30,d1,0,d1,True,0
2026-08-20T18:39:14,elo_1800,mimo-v2.5,24,27,e4,0,e4,True,0
2026-08-20T18:39:42,elo_1800,mimo-v2.5,16,30,b5,0,a1,False,1
2026-08-20T18:39:48,elo_1800,mimo-v2.5,39,33,f5,1,f5,True,0
2026-08-20T18:39:58,elo_1800,mimo-v2.5,28,26,a1,0,a1,True,0
2026-08-20T18:39:58,elo_1800,mimo-v2.5,40,28,f3,-1,f3,True,0
2026-08-20T18:40:04,elo_1800,mimo-v2.5,36,24,a6,1,a6,True,0
2026-08-20T18:40:11,elo_1800,mimo-v2.5,29,30,a3,1,e6,False,0
2026-08-20T18:40:12,elo_1800,mimo-v2.5,43,32,f2,-1,f2,True,0
2026-08-20T18:40:21,elo_1800,mimo-v2.5,41,33,f6,-1,f6,True,0
2026-08-20T18:40:23,elo_1800,mimo-v2.5,38,27,a1,1,a1,True,0
2026-08-20T18:40:25,elo_1800,mimo-v2.5,32,28,a2,1,a2,True,0
2026-08-20T18:40:27,elo_1800,mimo-v2.5,47,26,e4,-1,e4,True,0
2026-08-20T18:40:30,elo_1800,mimo-v2.5,44,34,a3,-1,a3,True,0
2026-08-20T18:40:40,elo_1800,mimo-v2.5,46,32,a5,-1,a5,True,0
2026-08-20T18:40:50,elo_1800,mimo-v2.5,49,34,f6,-1,f6,True,0
2026-08-20T18:41:06,elo_1800,mimo-v2.5,37,30,b4,0,f1,False,0
2026-08-20T18:41:08,elo_1800,mimo-v2.5,52,28,a2,1,e5,False,0
2026-08-20T18:41:14,elo_1800,mimo-v2.5,53,27,e5,0,e5,True,0
2026-08-20T18:41:17,elo_1800,mimo-v2.5,48,27,f1,0,f1,True,0
2026-08-20T18:41:20,elo_1800,mimo-v2.5,35,29,f6,1,f6,True,0
2026-08-20T18:41:25,elo_1800,mimo-v2.5,56,34,a6,1,a6,True,0
2026-08-20T18:41:41,elo_1800,mimo-v2.5,50,30,a3,0,a1,False,0
2026-08-20T18:41:56,elo_1800,mimo-v2.5,30,24,e4,1,f3,False,1
2026-08-20T18:41:56,elo_1800,mimo-v2.5,45,29,f5,0,b5,False,0
2026-08-20T18:41:57,elo_1800,mimo-v2.5,55,29,a3,1,f2,False,0
2026-08-20T18:41:59,elo_1800,mimo-v2.5,57,31,f1,1,f1,True,0
2026-08-20T18:42:12,elo_1800,mimo-v2.5,58,29,c6,1,f1,False,0
2026-08-20T18:42:19,elo_1800,mimo-v2.5,61,34,a4,-1,a4,True,0
2026-08-20T18:42:19,elo_1800,mimo-v2.5,64,32,e6,-1,e6,True,0
2026-08-20T18:42:25,elo_1800,mimo-v2.5,42,24,a1,1,f6,False,0
2026-08-20T18:42:27,elo_1800,mimo-v2.5,27,25,f6,1,c5,False,1
2026-08-20T18:42:28,elo_1800,mimo-v2.5,67,32,c6,-1,c6,True,0
2026-08-20T18:42:35,elo_1800,mimo-v2.5,69,34,a6,-1,a6,True,0
2026-08-20T18:42:48,elo_1800,mimo-v2.5,63,31,a6,1,a6,True,0
2026-08-20T18:42:54,elo_1800,mimo-v2.5,60,25,c6,1,f6,False,0
2026-08-20T18:42:54,elo_1800,mimo-v2.5,70,32,f5,1,f5,True,0
2026-08-20T18:43:07,elo_1800,mimo-v2.5,65,31,a1,1,a1,True,0
2026-08-20T18:43:07,elo_1800,mimo-v2.5,73,32,c6,0,c6,True,0
2026-08-20T18:43:15,elo_1800,mimo-v2.5,74,31,f1,-1,f1,True,0
2026-08-20T18:43:17,elo_1800,mimo-v2.5,51,33,a1,1,a1,True,0
2026-08-20T18:43:17,elo_1800,mimo-v2.5,68,34,f5,1,f6,False,0
2026-08-20T18:43:18,elo_1800,mimo-v2.5,75,29,c6,1,c5,False,0
2026-08-20T18:43:27,elo_1800,mimo-v2.5,54,33,a6,1,a6,True,0
2026-08-20T18:43:40,elo_1800,mimo-v2.5,62,28,f4,1,a1,False,0
2026-08-20T18:43:57,elo_1800,mimo-v2.5,81,34,d6,-1,d6,True,0
2026-08-20T18:44:01,elo_1800,mimo-v2.5,71,27,f1,1,f1,True,0
2026-08-20T18:44:07,elo_1800,mimo-v2.5,76,33,a1,1,a1,True,0
2026-08-20T18:44:16,elo_1800,mimo-v2.5,66,34,a3,1,a3,True,0
2026-08-20T18:44:20,elo_1800,mimo-v2.5,82,34,f5,-1,f5,True,0
2026-08-20T18:44:25,elo_1800,mimo-v2.5,78,33,c1,1,f5,False,0
2026-08-20T18:44:39,elo_1800,mimo-v2.5,84,28,d2,-1,d2,True,0
2026-08-20T18:44:39,elo_1800,mimo-v2.5,77,28,c1,1,f1,False,0
2026-08-20T18:45:11,elo_1800,mimo-v2.5,87,29,a4,1,f6,False,0
2026-08-20T18:45:29,elo_1800,mimo-v2.5,83,24,f6,0,f1,False,0
2026-08-20T18:45:39,elo_1800,mimo-v2.5,85,30,a6,1,a6,True,0
2026-08-20T18:45:40,elo_1800,mimo-v2.5,72,29,a1,1,a1,True,0
2026-08-20T18:45:40,elo_1800,mimo-v2.5,89,32,f1,1,f1,True,0
2026-08-20T18:45:41,elo_1800,mimo-v2.5,91,34,a6,-1,a6,True,0
2026-08-20T18:45:47,elo_1800,mimo-v2.5,93,33,a3,0,a3,True,0
2026-08-20T18:45:55,elo_1800,mimo-v2.5,80,30,f4,1,b6,False,0
2026-08-20T18:46:03,elo_1800,mimo-v2.5,97,34,a4,-1,a4,True,0
2026-08-20T18:46:26,elo_1800,mimo-v2.5,92,25,f4,1,d6,False,0
2026-08-20T18:46:34,elo_1800,mimo-v2.5,90,24,a6,1,a6,True,0
2026-08-20T18:46:37,elo_1800,mimo-v2.5,99,26,f1,-1,f1,True,0
2026-08-20T18:46:42,elo_1800,mimo-v2.5,88,24,a1,1,a1,True,0
2026-08-20T18:46:51,elo_1800,mimo-v2.5,79,26,a1,1,a1,True,0
2026-08-20T18:47:11,elo_1800,mimo-v2.5,96,27,e6,1,d1,False,0
2026-08-20T18:47:14,elo_1800,mimo-v2.5,95,27,f6,1,f6,True,0
2026-08-20T18:47:21,elo_1800,mimo-v2.5,86,31,e6,1,c6,False,0
2026-08-20T18:47:27,elo_1800,mimo-v2.5,94,29,a6,1,a6,True,0
2026-08-20T18:47:49,elo_1800,mimo-v2.5,98,34,a5,0,a5,True,0
2026-08-20T18:48:02,elo_1800,mimo-v2.5,100,33,d5,1,d5,True,0
2026-08-20T18:52:44,elo_1800,mimo-v2.5,59,28,a2,1,,False,3
2026-08-20T18:52:52,elo_2800,mimo-v2.5,8,34,a3,-1,a3,True,0
2026-08-20T18:52:52,elo_2800,mimo-v2.5,2,31,f2,1,f2,True,0
2026-08-20T18:52:52,elo_2800,mimo-v2.5,6,31,a4,-1,a4,True,0
2026-08-20T18:52:54,elo_2800,mimo-v2.5,4,27,f3,-1,f3,True,0
2026-08-20T18:52:55,elo_2800,mimo-v2.5,5,34,b1,1,a1,False,0
2026-08-20T18:52:56,elo_2800,mimo-v2.5,7,24,f5,-1,f5,True,0
2026-08-20T18:53:00,elo_2800,mimo-v2.5,10,33,e1,-1,e1,True,0
2026-08-20T18:53:17,elo_2800,mimo-v2.5,14,31,c6,-1,c6,True,0
2026-08-20T18:53:22,elo_2800,mimo-v2.5,18,30,e2,-1,e2,True,0
2026-08-20T18:53:24,elo_2800,mimo-v2.5,17,34,e3,1,e3,True,0
2026-08-20T18:53:32,elo_2800,mimo-v2.5,9,34,e3,1,e3,True,0
2026-08-20T18:53:34,elo_2800,mimo-v2.5,1,25,a1,1,a1,True,0
2026-08-20T18:53:42,elo_2800,mimo-v2.5,19,34,a6,-1,a6,True,0
2026-08-20T18:53:46,elo_2800,mimo-v2.5,23,34,a6,1,a6,True,0
2026-08-20T18:53:50,elo_2800,mimo-v2.5,13,26,c6,1,c6,True,0
2026-08-20T18:54:06,elo_2800,mimo-v2.5,3,31,c5,0,e2,False,0
2026-08-20T18:54:06,elo_2800,mimo-v2.5,24,27,e4,0,e5,False,0
2026-08-20T18:54:11,elo_2800,mimo-v2.5,12,31,a1,1,a1,True,0
2026-08-20T18:54:21,elo_2800,mimo-v2.5,25,33,a1,-1,a1,True,0
2026-08-20T18:54:49,elo_2800,mimo-v2.5,28,26,a1,0,a2,False,0
2026-08-20T18:55:01,elo_2800,mimo-v2.5,22,25,d1,1,d1,True,0
2026-08-20T18:55:03,elo_2800,mimo-v2.5,11,33,f5,1,f4,False,0
2026-08-20T18:55:05,elo_2800,mimo-v2.5,21,33,a3,1,f6,False,0
2026-08-20T18:55:07,elo_2800,mimo-v2.5,20,26,f4,0,f4,True,0
2026-08-20T18:55:09,elo_2800,mimo-v2.5,27,25,f6,1,c5,False,0
2026-08-20T18:55:12,elo_2800,mimo-v2.5,33,28,f2,-1,f2,True,0
2026-08-20T18:55:17,elo_2800,mimo-v2.5,15,28,f6,0,f6,True,0
2026-08-20T18:55:25,elo_2800,mimo-v2.5,35,29,f6,1,f6,True,0
2026-08-20T18:55:29,elo_2800,mimo-v2.5,34,32,a4,1,a4,True,0
2026-08-20T18:55:30,elo_2800,mimo-v2.5,31,33,f6,1,f6,True,0
2026-08-20T18:55:35,elo_2800,mimo-v2.5,39,33,f5,1,f5,True,0
2026-08-20T18:55:43,elo_2800,mimo-v2.5,40,28,f3,-1,f3,True,0
2026-08-20T18:55:57,elo_2800,mimo-v2.5,37,30,b4,0,f1,False,0
2026-08-20T18:56:03,elo_2800,mimo-v2.5,43,32,f2,-1,f2,True,0
2026-08-20T18:56:05,elo_2800,mimo-v2.5,41,33,f6,-1,f6,True,0
2026-08-20T18:56:11,elo_2800,mimo-v2.5,44,34,a3,-1,a3,True,0
2026-08-20T18:56:23,elo_2800,mimo-v2.5,42,24,a1,1,f6,False,0
2026-08-20T18:56:26,elo_2800,mimo-v2.5,46,32,a5,-1,a5,True,0
2026-08-20T18:56:36,elo_2800,mimo-v2.5,26,30,d1,0,a4,False,0
2026-08-20T18:56:44,elo_2800,mimo-v2.5,49,34,f6,-1,f6,True,0
2026-08-20T18:56:55,elo_2800,mimo-v2.5,47,26,e4,-1,e4,True,0
2026-08-20T18:57:06,elo_2800,mimo-v2.5,38,27,a1,1,e3,False,0
2026-08-20T18:57:35,elo_2800,mimo-v2.5,48,27,f1,0,f1,True,0
2026-08-20T18:57:53,elo_2800,mimo-v2.5,16,30,b5,0,a1,False,1
2026-08-20T18:58:02,elo_2800,mimo-v2.5,52,28,a2,1,e5,False,0
2026-08-20T18:58:42,elo_2800,mimo-v2.5,36,24,a6,1,a6,True,0
2026-08-20T18:58:46,elo_2800,mimo-v2.5,56,34,a6,1,a6,True,0
2026-08-20T18:58:53,elo_2800,mimo-v2.5,57,31,f1,1,f1,True,0
2026-08-20T18:59:03,elo_2800,mimo-v2.5,51,33,a1,1,a1,True,0
2026-08-20T18:59:16,elo_2800,mimo-v2.5,58,29,c6,1,f1,False,0
2026-08-20T18:59:25,elo_2800,mimo-v2.5,54,33,a6,1,a6,True,0
2026-08-20T18:59:28,elo_2800,mimo-v2.5,50,30,a3,0,a1,False,0
2026-08-20T18:59:29,elo_2800,mimo-v2.5,61,34,a4,-1,a4,True,0
2026-08-20T18:59:40,elo_2800,mimo-v2.5,45,29,f5,0,d5,False,0
2026-08-20T18:59:58,elo_2800,mimo-v2.5,53,27,e5,0,e5,True,0
2026-08-20T18:59:58,elo_2800,mimo-v2.5,64,32,e6,-1,e6,True,0
2026-08-20T19:00:11,elo_2800,mimo-v2.5,32,28,a2,1,f5,False,1
2026-08-20T19:00:19,elo_2800,mimo-v2.5,67,32,c6,-1,c6,True,0
2026-08-20T19:00:39,elo_2800,mimo-v2.5,63,31,a6,1,a6,True,0
2026-08-20T19:00:39,elo_2800,mimo-v2.5,55,29,a3,1,a3,True,0
2026-08-20T19:00:48,elo_2800,mimo-v2.5,30,24,e4,1,a1,False,1
2026-08-20T19:00:53,elo_2800,mimo-v2.5,70,32,f5,1,f5,True,0
2026-08-20T19:00:53,elo_2800,mimo-v2.5,68,34,f5,1,f6,False,0
2026-08-20T19:01:03,elo_2800,mimo-v2.5,69,34,a6,-1,a6,True,0
2026-08-20T19:01:07,elo_2800,mimo-v2.5,60,25,c6,1,f6,False,0
2026-08-20T19:01:13,elo_2800,mimo-v2.5,74,31,f1,-1,f1,True,0
2026-08-20T19:01:33,elo_2800,mimo-v2.5,65,31,a1,1,a1,True,0
2026-08-20T19:01:33,elo_2800,mimo-v2.5,29,30,a3,1,a3,True,1
2026-08-20T19:01:42,elo_2800,mimo-v2.5,59,28,a2,1,a5,False,0
2026-08-20T19:02:00,elo_2800,mimo-v2.5,71,27,f1,1,f1,True,0
2026-08-20T19:02:04,elo_2800,mimo-v2.5,77,28,c1,1,f1,False,0
2026-08-20T19:02:06,elo_2800,mimo-v2.5,75,29,c6,1,c5,False,0
2026-08-20T19:02:14,elo_2800,mimo-v2.5,62,28,f4,1,a1,False,0
2026-08-20T19:02:15,elo_2800,mimo-v2.5,82,34,f5,-1,f5,True,0
2026-08-20T19:02:16,elo_2800,mimo-v2.5,66,34,a3,1,a3,True,0
2026-08-20T19:02:17,elo_2800,mimo-v2.5,81,34,d6,-1,d6,True,0
2026-08-20T19:02:21,elo_2800,mimo-v2.5,84,28,d2,-1,d2,True,0
2026-08-20T19:02:50,elo_2800,mimo-v2.5,73,32,c6,0,d6,False,0
2026-08-20T19:03:01,elo_2800,mimo-v2.5,76,33,a1,1,a1,True,0
2026-08-20T19:03:27,elo_2800,mimo-v2.5,85,30,a6,1,a6,True,0
2026-08-20T19:03:32,elo_2800,mimo-v2.5,79,26,a1,1,f1,False,0
2026-08-20T19:03:41,elo_2800,mimo-v2.5,91,34,a6,-1,a6,True,0
2026-08-20T19:03:43,elo_2800,mimo-v2.5,88,24,a1,1,a1,True,0
2026-08-20T19:03:57,elo_2800,mimo-v2.5,80,30,f4,1,b6,False,0
2026-08-20T19:04:05,elo_2800,mimo-v2.5,93,33,a3,0,a3,True,0
2026-08-20T19:04:08,elo_2800,mimo-v2.5,89,32,f1,1,f1,True,0
2026-08-20T19:04:15,elo_2800,mimo-v2.5,87,29,a4,1,f6,False,0
2026-08-20T19:04:23,elo_2800,mimo-v2.5,78,33,c1,1,f5,False,0
2026-08-20T19:04:25,elo_2800,mimo-v2.5,97,34,a4,-1,a4,True,0
2026-08-20T19:04:38,elo_2800,mimo-v2.5,98,34,a5,0,c1,False,0
2026-08-20T19:04:41,elo_2800,mimo-v2.5,94,29,a6,1,e6,False,0
2026-08-20T19:04:48,elo_2800,mimo-v2.5,99,26,f1,-1,f1,True,0
2026-08-20T19:05:18,elo_2800,mimo-v2.5,90,24,a6,1,a6,True,0
2026-08-20T19:05:50,elo_2800,mimo-v2.5,72,29,a1,1,a3,False,1
2026-08-20T19:05:59,elo_2800,mimo-v2.5,86,31,e6,1,c6,False,0
2026-08-20T19:06:19,elo_2800,mimo-v2.5,95,27,f6,1,f6,True,0
2026-08-20T19:06:22,elo_2800,mimo-v2.5,96,27,e6,1,d1,False,0
2026-08-20T19:06:32,elo_2800,mimo-v2.5,92,25,f4,1,f6,False,0
2026-08-20T19:07:12,elo_2800,mimo-v2.5,100,33,d5,1,d5,True,0
2026-08-20T19:08:25,elo_2800,mimo-v2.5,83,24,f6,0,f1,False,1
2026-08-20T19:17:05,elo_800,mimo-v2.5,9,34,a6,1,a6,True,0
2026-08-20T19:17:07,elo_800,mimo-v2.5,2,32,b1,1,a1,False,0
2026-08-20T19:17:07,elo_800,mimo-v2.5,3,34,c1,-1,c1,True,0
2026-08-20T19:17:11,elo_800,mimo-v2.5,4,33,b6,-1,b6,True,0
2026-08-20T19:17:11,elo_800,mimo-v2.5,11,33,c1,1,c1,True,0
2026-08-20T19:17:12,elo_800,mimo-v2.5,12,32,f3,0,f3,True,0
2026-08-20T19:17:16,elo_800,mimo-v2.5,14,33,e4,-1,e4,True,0
2026-08-20T19:17:24,elo_800,mimo-v2.5,8,29,f1,0,a3,False,0
2026-08-20T19:17:29,elo_800,mimo-v2.5,1,27,a2,1,a2,True,0
2026-08-20T19:17:33,elo_800,mimo-v2.5,19,24,a2,-1,a2,True,0
2026-08-20T19:17:35,elo_800,mimo-v2.5,7,31,f1,0,f1,True,0
2026-08-20T19:17:38,elo_800,mimo-v2.5,20,30,b6,-1,b6,True,0
2026-08-20T19:17:40,elo_800,mimo-v2.5,13,26,d6,1,f1,False,0
2026-08-20T19:17:42,elo_800,mimo-v2.5,10,26,f6,1,f6,True,0
2026-08-20T19:17:45,elo_800,mimo-v2.5,23,34,a4,-1,a4,True,0
2026-08-20T19:17:51,elo_800,mimo-v2.5,6,28,e1,1,a1,False,0
2026-08-20T19:17:56,elo_800,mimo-v2.5,15,34,b1,0,a4,False,0
2026-08-20T19:18:00,elo_800,mimo-v2.5,5,30,e6,1,e6,True,0
2026-08-20T19:18:05,elo_800,mimo-v2.5,17,24,a6,0,a6,True,0
2026-08-20T19:18:07,elo_800,mimo-v2.5,18,28,a6,1,a6,True,0
2026-08-20T19:18:17,elo_800,mimo-v2.5,21,26,f1,0,f1,True,0
2026-08-20T19:18:18,elo_800,mimo-v2.5,22,34,a5,0,f5,False,0
2026-08-20T19:18:34,elo_800,mimo-v2.5,16,30,b4,1,c1,False,0
2026-08-20T19:18:34,elo_800,mimo-v2.5,25,33,f4,0,f4,True,0
2026-08-20T19:18:38,elo_800,mimo-v2.5,31,29,a6,1,a6,True,0
2026-08-20T19:18:39,elo_800,mimo-v2.5,33,33,a3,-1,a3,True,0
2026-08-20T19:18:43,elo_800,mimo-v2.5,24,33,e3,1,e3,True,0
2026-08-20T19:18:49,elo_800,mimo-v2.5,28,30,f1,1,f1,True,0
2026-08-20T19:18:51,elo_800,mimo-v2.5,37,34,b3,-1,b3,True,0
2026-08-20T19:18:53,elo_800,mimo-v2.5,36,34,f6,1,f6,True,0
2026-08-20T19:18:57,elo_800,mimo-v2.5,29,27,c1,1,c1,True,0
2026-08-20T19:18:59,elo_800,mimo-v2.5,40,34,c1,-1,c1,True,0
2026-08-20T19:19:09,elo_800,mimo-v2.5,38,30,a6,1,a3,False,0
2026-08-20T19:19:10,elo_800,mimo-v2.5,42,34,f1,1,f1,True,0
2026-08-20T19:19:12,elo_800,mimo-v2.5,34,27,f1,1,f1,True,0
2026-08-20T19:19:18,elo_800,mimo-v2.5,32,24,f3,1,f3,True,0
2026-08-20T19:19:20,elo_800,mimo-v2.5,39,32,e4,0,c1,False,0
2026-08-20T19:19:23,elo_800,mimo-v2.5,44,33,d1,1,a1,False,0
2026-08-20T19:19:24,elo_800,mimo-v2.5,47,31,c2,-1,c2,True,0
2026-08-20T19:19:31,elo_800,mimo-v2.5,41,26,c6,0,f6,False,0
2026-08-20T19:19:50,elo_800,mimo-v2.5,27,28,a6,1,e2,False,0
2026-08-20T19:19:50,elo_800,mimo-v2.5,48,30,f6,0,f6,True,0
2026-08-20T19:19:55,elo_800,mimo-v2.5,46,29,f1,1,a6,False,0
2026-08-20T19:19:56,elo_800,mimo-v2.5,30,34,a5,0,a5,True,0
2026-08-20T19:20:00,elo_800,mimo-v2.5,35,30,a1,1,a1,True,0
2026-08-20T19:20:07,elo_800,mimo-v2.5,45,25,d2,0,d2,True,0
2026-08-20T19:20:08,elo_800,mimo-v2.5,52,29,f6,1,a6,False,0
2026-08-20T19:20:10,elo_800,mimo-v2.5,26,30,b1,0,f2,False,0
2026-08-20T19:20:15,elo_800,mimo-v2.5,54,33,f3,1,e6,False,0
2026-08-20T19:20:41,elo_800,mimo-v2.5,51,27,c1,1,f3,False,0
2026-08-20T19:20:48,elo_800,mimo-v2.5,49,28,f1,1,b5,False,0
2026-08-20T19:20:49,elo_800,mimo-v2.5,43,31,a6,0,b3,False,0
2026-08-20T19:20:50,elo_800,mimo-v2.5,56,25,d5,1,d5,True,0
2026-08-20T19:20:52,elo_800,mimo-v2.5,57,28,f6,1,f1,False,0
2026-08-20T19:20:53,elo_800,mimo-v2.5,60,33,f4,-1,f4,True,0
2026-08-20T19:20:57,elo_800,mimo-v2.5,61,31,a1,-1,a1,True,0
2026-08-20T19:21:00,elo_800,mimo-v2.5,59,26,f6,1,b1,False,0
2026-08-20T19:21:02,elo_800,mimo-v2.5,66,33,f1,-1,f1,True,0
2026-08-20T19:21:07,elo_800,mimo-v2.5,50,24,a1,1,a1,True,0
2026-08-20T19:21:22,elo_800,mimo-v2.5,68,33,a1,1,a6,False,0
2026-08-20T19:21:28,elo_800,mimo-v2.5,55,31,d6,0,a1,False,0
2026-08-20T19:21:35,elo_800,mimo-v2.5,71,34,f6,-1,f6,True,0
2026-08-20T19:21:41,elo_800,mimo-v2.5,72,34,a1,-1,a1,True,0
2026-08-20T19:21:42,elo_800,mimo-v2.5,65,33,f6,1,f6,True,0
2026-08-20T19:21:43,elo_800,mimo-v2.5,70,24,f6,1,d5,False,0
2026-08-20T19:21:43,elo_800,mimo-v2.5,67,26,a3,1,c1,False,0
2026-08-20T19:21:46,elo_800,mimo-v2.5,63,26,a1,1,f3,False,0
2026-08-20T19:21:48,elo_800,mimo-v2.5,64,26,b5,1,b5,True,0
2026-08-20T19:21:54,elo_800,mimo-v2.5,77,32,e2,-1,e2,True,0
2026-08-20T19:21:54,elo_800,mimo-v2.5,74,28,f3,1,c2,False,0
2026-08-20T19:21:56,elo_800,mimo-v2.5,69,27,b6,0,f3,False,0
2026-08-20T19:21:57,elo_800,mimo-v2.5,62,30,f6,1,f6,True,0
2026-08-20T19:21:58,elo_800,mimo-v2.5,78,34,a1,-1,a1,True,0
2026-08-20T19:22:01,elo_800,mimo-v2.5,58,25,e1,1,f6,False,0
2026-08-20T19:22:02,elo_800,mimo-v2.5,79,34,c5,-1,c5,True,0
2026-08-20T19:22:03,elo_800,mimo-v2.5,82,34,a6,1,a6,True,0
2026-08-20T19:22:04,elo_800,mimo-v2.5,81,33,f6,-1,f6,True,0
2026-08-20T19:22:18,elo_800,mimo-v2.5,73,33,f6,1,f6,True,0
2026-08-20T19:22:19,elo_800,mimo-v2.5,75,33,a1,1,a1,True,0
2026-08-20T19:22:34,elo_800,mimo-v2.5,83,30,b5,-1,b5,True,0
2026-08-20T19:22:38,elo_800,mimo-v2.5,89,32,a4,1,f6,False,0
2026-08-20T19:22:45,elo_800,mimo-v2.5,86,27,f6,1,b2,False,0
2026-08-20T19:22:47,elo_800,mimo-v2.5,84,33,a6,1,a6,True,0
2026-08-20T19:22:49,elo_800,mimo-v2.5,91,34,a3,1,a3,True,0
2026-08-20T19:23:08,elo_800,mimo-v2.5,90,32,f2,1,a1,False,0
2026-08-20T19:23:10,elo_800,mimo-v2.5,80,28,f5,0,a5,False,0
2026-08-20T19:23:15,elo_800,mimo-v2.5,88,31,a6,1,a1,False,0
2026-08-20T19:23:22,elo_800,mimo-v2.5,97,34,a4,-1,a4,True,0
2026-08-20T19:23:26,elo_800,mimo-v2.5,92,25,f6,1,f6,True,0
2026-08-20T19:23:29,elo_800,mimo-v2.5,98,33,e6,0,e6,True,0
2026-08-20T19:23:34,elo_800,mimo-v2.5,76,31,c6,0,f6,False,0
2026-08-20T19:23:34,elo_800,mimo-v2.5,85,31,e1,1,d2,False,0
2026-08-20T19:23:40,elo_800,mimo-v2.5,99,32,f1,1,f1,True,0
2026-08-20T19:23:51,elo_800,mimo-v2.5,95,32,a2,1,f6,False,0
2026-08-20T19:23:56,elo_800,mimo-v2.5,96,27,a3,1,b3,False,0
2026-08-20T19:23:57,elo_800,mimo-v2.5,100,26,d6,1,a2,False,0
2026-08-20T19:24:02,elo_800,mimo-v2.5,105,34,f4,-1,f4,True,0
2026-08-20T19:24:03,elo_800,mimo-v2.5,53,28,d2,1,e4,False,0
2026-08-20T19:24:11,elo_800,mimo-v2.5,106,33,f2,-1,f2,True,0
2026-08-20T19:24:11,elo_800,mimo-v2.5,94,25,b4,1,b4,True,0
2026-08-20T19:24:15,elo_800,mimo-v2.5,101,28,b1,0,a6,False,0
2026-08-20T19:24:30,elo_800,mimo-v2.5,110,32,c1,1,e6,False,0
2026-08-20T19:24:34,elo_800,mimo-v2.5,108,32,d5,1,a3,False,0
2026-08-20T19:24:35,elo_800,mimo-v2.5,93,29,a4,0,e6,False,0
2026-08-20T19:24:36,elo_800,mimo-v2.5,103,27,f3,1,a3,False,0
2026-08-20T19:24:39,elo_800,mimo-v2.5,113,32,a5,-1,a5,True,0
2026-08-20T19:25:02,elo_800,mimo-v2.5,116,29,e3,-1,e3,True,0
2026-08-20T19:25:04,elo_800,mimo-v2.5,115,27,f1,1,f6,False,0
2026-08-20T19:25:07,elo_800,mimo-v2.5,111,30,f6,1,f6,True,0
2026-08-20T19:25:09,elo_800,mimo-v2.5,107,33,e1,1,a1,False,0
2026-08-20T19:25:10,elo_800,mimo-v2.5,118,30,a5,-1,a5,True,0
2026-08-20T19:25:11,elo_800,mimo-v2.5,117,33,f4,1,f4,True,0
2026-08-20T19:25:11,elo_800,mimo-v2.5,109,31,d2,0,a3,False,0
2026-08-20T19:25:16,elo_800,mimo-v2.5,122,31,f6,1,f6,True,0
2026-08-20T19:25:17,elo_800,mimo-v2.5,120,29,d2,-1,d2,True,0
2026-08-20T19:25:24,elo_800,mimo-v2.5,124,32,e5,-1,e5,True,0
2026-08-20T19:25:30,elo_800,mimo-v2.5,114,28,a6,1,a6,True,0
2026-08-20T19:25:39,elo_800,mimo-v2.5,104,34,e2,1,e2,True,0
2026-08-20T19:25:43,elo_800,mimo-v2.5,119,25,f5,0,f5,True,0
2026-08-20T19:25:44,elo_800,mimo-v2.5,128,34,a4,1,a4,True,0
2026-08-20T19:25:50,elo_800,mimo-v2.5,121,29,a2,0,f3,False,0
2026-08-20T19:25:55,elo_800,mimo-v2.5,130,33,e1,-1,e1,True,0
2026-08-20T19:25:57,elo_800,mimo-v2.5,131,33,a1,1,a1,True,0
2026-08-20T19:26:01,elo_800,mimo-v2.5,133,32,f3,-1,f3,True,0
2026-08-20T19:26:06,elo_800,mimo-v2.5,123,27,f1,1,a1,False,0
2026-08-20T19:26:07,elo_800,mimo-v2.5,102,33,f6,1,f6,True,0
2026-08-20T19:26:11,elo_800,mimo-v2.5,129,26,e6,1,c6,False,0
2026-08-20T19:26:11,elo_800,mimo-v2.5,132,24,d5,1,d5,True,0
2026-08-20T19:26:16,elo_800,mimo-v2.5,138,34,b4,1,b4,True,0
2026-08-20T19:26:17,elo_800,mimo-v2.5,127,29,a1,1,f1,False,0
2026-08-20T19:26:18,elo_800,mimo-v2.5,126,28,b2,1,a2,False,0
2026-08-20T19:26:21,elo_800,mimo-v2.5,135,34,a3,1,f5,False,0
2026-08-20T19:26:44,elo_800,mimo-v2.5,136,33,d1,1,d6,False,0
2026-08-20T19:26:44,elo_800,mimo-v2.5,125,26,f3,1,c6,False,0
2026-08-20T19:26:45,elo_800,mimo-v2.5,142,26,e1,1,f4,False,0
2026-08-20T19:26:51,elo_800,mimo-v2.5,144,34,a4,1,a4,True,0
2026-08-20T19:26:53,elo_800,mimo-v2.5,141,27,c6,0,c1,False,0
2026-08-20T19:27:11,elo_800,mimo-v2.5,134,33,a1,1,f1,False,0
2026-08-20T19:27:11,elo_800,mimo-v2.5,146,32,b5,-1,b5,True,0
2026-08-20T19:27:14,elo_800,mimo-v2.5,147,29,a3,1,f2,False,0
2026-08-20T19:27:15,elo_800,mimo-v2.5,140,29,a4,1,f1,False,0
2026-08-20T19:27:17,elo_800,mimo-v2.5,149,34,a2,-1,a2,True,0
2026-08-20T19:27:18,elo_800,mimo-v2.5,137,27,a6,1,b1,False,0
2026-08-20T19:27:20,elo_800,mimo-v2.5,151,33,c1,1,c1,True,0
2026-08-20T19:27:21,elo_800,mimo-v2.5,150,34,a6,-1,a6,True,0
2026-08-20T19:27:21,elo_800,mimo-v2.5,152,33,a3,1,a3,True,0
2026-08-20T19:27:23,elo_800,mimo-v2.5,139,24,a5,0,e5,False,0
2026-08-20T19:27:23,elo_800,mimo-v2.5,145,25,a4,1,a4,True,0
2026-08-20T19:27:40,elo_800,mimo-v2.5,148,27,b1,1,a1,False,0
2026-08-20T19:27:48,elo_800,mimo-v2.5,159,28,b3,-1,b3,True,0
2026-08-20T19:27:52,elo_800,mimo-v2.5,143,24,a6,1,f1,False,0
2026-08-20T19:27:53,elo_800,mimo-v2.5,154,31,f3,1,a1,False,0
2026-08-20T19:28:01,elo_800,mimo-v2.5,155,32,a4,1,f4,False,0
2026-08-20T19:28:05,elo_800,mimo-v2.5,161,34,f5,-1,f5,True,0
2026-08-20T19:28:07,elo_800,mimo-v2.5,158,26,a6,1,a6,True,0
2026-08-20T19:28:09,elo_800,mimo-v2.5,160,26,e1,-1,e1,True,0
2026-08-20T19:28:09,elo_800,mimo-v2.5,157,29,f6,1,f4,False,0
2026-08-20T19:28:12,elo_800,mimo-v2.5,112,29,a5,1,a5,True,1
2026-08-20T19:28:12,elo_800,mimo-v2.5,165,34,f1,0,f1,True,0
2026-08-20T19:28:14,elo_800,mimo-v2.5,153,32,f1,1,f1,True,0
2026-08-20T19:28:15,elo_800,mimo-v2.5,156,28,a6,1,d2,False,0
2026-08-20T19:28:18,elo_800,mimo-v2.5,169,34,c2,1,c2,True,0
2026-08-20T19:28:29,elo_800,mimo-v2.5,164,28,f3,0,d1,False,0
2026-08-20T19:28:35,elo_800,mimo-v2.5,87,32,b2,1,b4,False,1
2026-08-20T19:28:58,elo_800,mimo-v2.5,168,32,f6,1,f6,True,0
2026-08-20T19:28:59,elo_800,mimo-v2.5,170,33,b6,1,b6,True,0
2026-08-20T19:29:03,elo_800,mimo-v2.5,166,31,f1,1,f1,True,0
2026-08-20T19:29:09,elo_800,mimo-v2.5,167,28,b6,1,d5,False,0
2026-08-20T19:29:11,elo_800,mimo-v2.5,173,33,b6,1,e6,False,0
2026-08-20T19:29:12,elo_800,mimo-v2.5,177,34,a4,-1,a4,True,0
2026-08-20T19:29:26,elo_800,mimo-v2.5,178,34,c1,-1,c1,True,0
2026-08-20T19:29:28,elo_800,mimo-v2.5,172,25,b5,1,b5,True,0
2026-08-20T19:29:31,elo_800,mimo-v2.5,171,33,a5,1,e4,False,0
2026-08-20T19:29:32,elo_800,mimo-v2.5,175,34,f5,1,f5,True,0
2026-08-20T19:29:33,elo_800,mimo-v2.5,179,25,f6,1,f1,False,0
2026-08-20T19:29:35,elo_800,mimo-v2.5,182,34,e1,-1,e1,True,0
2026-08-20T19:29:45,elo_800,mimo-v2.5,174,27,a6,1,d2,False,0
2026-08-20T19:29:45,elo_800,mimo-v2.5,176,31,f4,1,e2,False,0
2026-08-20T19:29:54,elo_800,mimo-v2.5,180,26,e2,-1,e2,True,0
2026-08-20T19:29:54,elo_800,mimo-v2.5,186,29,f3,1,e5,False,0
2026-08-20T19:30:00,elo_800,mimo-v2.5,163,27,b6,1,b6,True,0
2026-08-20T19:30:01,elo_800,mimo-v2.5,188,29,e3,0,f6,False,0
2026-08-20T19:30:03,elo_800,mimo-v2.5,187,26,f6,1,f1,False,0
2026-08-20T19:30:07,elo_800,mimo-v2.5,191,34,b1,-1,b1,True,0
2026-08-20T19:30:09,elo_800,mimo-v2.5,181,27,e1,0,e6,False,0
2026-08-20T19:30:12,elo_800,mimo-v2.5,193,34,f1,0,f1,True,0
2026-08-20T19:30:17,elo_800,mimo-v2.5,192,34,f5,-1,f5,True,0
2026-08-20T19:30:17,elo_800,mimo-v2.5,194,34,b3,-1,b3,True,0
2026-08-20T19:30:22,elo_800,mimo-v2.5,184,26,a5,1,b1,False,0
2026-08-20T19:30:25,elo_800,mimo-v2.5,197,24,c2,-1,c2,True,0
2026-08-20T19:30:26,elo_800,mimo-v2.5,183,27,f6,0,f6,True,0
2026-08-20T19:30:29,elo_800,mimo-v2.5,162,34,e3,1,a5,False,0
2026-08-20T19:30:30,elo_800,mimo-v2.5,185,24,e1,1,f3,False,0
2026-08-20T19:30:49,elo_800,mimo-v2.5,189,34,f4,1,a1,False,0
2026-08-20T19:30:49,elo_800,mimo-v2.5,190,30,a6,1,b3,False,0
2026-08-20T19:30:52,elo_800,mimo-v2.5,200,33,f3,0,a3,False,0
2026-08-20T19:31:00,elo_800,mimo-v2.5,195,30,f4,1,e1,False,0
2026-08-20T19:31:15,elo_800,mimo-v2.5,196,28,f1,1,f1,True,0
2026-08-20T19:31:27,elo_800,mimo-v2.5,198,32,e6,1,e6,True,0
2026-08-20T19:32:03,elo_800,mimo-v2.5,199,30,f6,1,d1,False,0
2026-08-20T19:32:08,elo_1800,mimo-v2.5,9,34,a6,1,a6,True,0
2026-08-20T19:32:08,elo_1800,mimo-v2.5,4,33,b6,-1,b6,True,0
2026-08-20T19:32:13,elo_1800,mimo-v2.5,3,34,c1,-1,c1,True,0
2026-08-20T19:32:14,elo_1800,mimo-v2.5,11,33,c1,1,c1,True,0
2026-08-20T19:32:18,elo_1800,mimo-v2.5,12,32,f3,0,f3,True,0
2026-08-20T19:32:19,elo_1800,mimo-v2.5,14,33,e4,-1,e4,True,0
2026-08-20T19:32:23,elo_1800,mimo-v2.5,1,27,a2,1,a2,True,0
2026-08-20T19:32:45,elo_1800,mimo-v2.5,2,32,b1,1,a1,False,0
2026-08-20T19:32:57,elo_1800,mimo-v2.5,16,30,b4,1,c1,False,0
2026-08-20T19:33:03,elo_1800,mimo-v2.5,19,24,a2,-1,a2,True,0
2026-08-20T19:33:07,elo_1800,mimo-v2.5,20,30,b6,-1,b6,True,0
2026-08-20T19:33:09,elo_1800,mimo-v2.5,8,29,f1,0,f1,True,0
2026-08-20T19:33:11,elo_1800,mimo-v2.5,6,28,e1,1,a1,False,0
2026-08-20T19:33:19,elo_1800,mimo-v2.5,23,34,a4,-1,a4,True,0
2026-08-20T19:33:24,elo_1800,mimo-v2.5,13,26,d6,1,f1,False,0
2026-08-20T19:33:26,elo_1800,mimo-v2.5,17,24,a6,0,a6,True,0
2026-08-20T19:33:30,elo_1800,mimo-v2.5,25,33,f4,0,c2,False,0
2026-08-20T19:33:36,elo_1800,mimo-v2.5,7,31,f1,0,f1,True,0
2026-08-20T19:33:51,elo_1800,mimo-v2.5,18,28,a6,1,a6,True,0
2026-08-20T19:33:57,elo_1800,mimo-v2.5,24,33,e3,1,e3,True,0
2026-08-20T19:33:58,elo_1800,mimo-v2.5,22,34,a5,0,a5,True,0
2026-08-20T19:34:00,elo_1800,mimo-v2.5,5,30,e6,1,e6,True,0
2026-08-20T19:34:05,elo_1800,mimo-v2.5,15,34,b1,0,b1,True,0
2026-08-20T19:34:12,elo_1800,mimo-v2.5,33,33,a3,-1,a3,True,0
2026-08-20T19:34:24,elo_1800,mimo-v2.5,28,30,f1,1,f1,True,0
2026-08-20T19:34:24,elo_1800,mimo-v2.5,27,28,a6,1,a6,True,0
2026-08-20T19:34:32,elo_1800,mimo-v2.5,29,27,c1,1,c1,True,0
2026-08-20T19:34:32,elo_1800,mimo-v2.5,36,34,f6,1,f6,True,0
2026-08-20T19:34:38,elo_1800,mimo-v2.5,37,34,b3,-1,b3,True,0
2026-08-20T19:35:08,elo_1800,mimo-v2.5,26,30,b1,0,f1,False,0
2026-08-20T19:35:13,elo_1800,mimo-v2.5,40,34,c1,-1,c1,True,0
2026-08-20T19:35:23,elo_1800,mimo-v2.5,30,34,a5,0,e3,False,0
2026-08-20T19:35:23,elo_1800,mimo-v2.5,21,26,f1,0,f1,True,0
2026-08-20T19:35:30,elo_1800,mimo-v2.5,42,34,f1,1,f1,True,0
2026-08-20T19:35:33,elo_1800,mimo-v2.5,35,30,a1,1,a1,True,0
2026-08-20T19:35:47,elo_1800,mimo-v2.5,39,32,e4,0,f3,False,0
2026-08-20T19:35:48,elo_1800,mimo-v2.5,43,31,a6,0,a6,True,0
2026-08-20T19:35:56,elo_1800,mimo-v2.5,34,27,f1,1,f1,True,0
2026-08-20T19:36:09,elo_1800,mimo-v2.5,38,30,a6,1,a3,False,0
2026-08-20T19:36:13,elo_1800,mimo-v2.5,47,31,c2,-1,c2,True,0
2026-08-20T19:36:20,elo_1800,mimo-v2.5,41,26,c6,0,f6,False,0
2026-08-20T19:36:38,elo_1800,mimo-v2.5,10,26,f6,1,f6,True,0
2026-08-20T19:37:09,elo_1800,mimo-v2.5,49,28,f1,1,f1,True,0
2026-08-20T19:37:20,elo_1800,mimo-v2.5,48,30,f6,0,f6,True,0
2026-08-20T19:37:25,elo_1800,mimo-v2.5,44,33,d1,1,d1,True,0
2026-08-20T19:37:34,elo_1800,mimo-v2.5,45,25,d2,0,d2,True,0
2026-08-20T19:37:37,elo_1800,mimo-v2.5,52,29,f6,1,a6,False,0
2026-08-20T19:37:59,elo_1800,mimo-v2.5,51,27,c1,1,c1,True,0
2026-08-20T19:38:10,elo_1800,mimo-v2.5,46,29,f1,1,f1,True,0
2026-08-20T19:38:16,elo_1800,mimo-v2.5,55,31,d6,0,a1,False,0
2026-08-20T19:38:20,elo_1800,mimo-v2.5,54,33,f3,1,e6,False,0
2026-08-20T19:38:26,elo_1800,mimo-v2.5,60,33,f4,-1,f4,True,0
2026-08-20T19:38:29,elo_1800,mimo-v2.5,50,24,a1,1,a1,True,0
2026-08-20T19:38:31,elo_1800,mimo-v2.5,61,31,a1,-1,a1,True,0
2026-08-20T19:38:44,elo_1800,mimo-v2.5,56,25,d5,1,c6,False,0
2026-08-20T19:38:50,elo_1800,mimo-v2.5,63,26,a1,1,a1,True,0
2026-08-20T19:38:57,elo_1800,mimo-v2.5,66,33,f1,-1,f1,True,0
2026-08-20T19:39:10,elo_1800,mimo-v2.5,58,25,e1,1,f6,False,0
2026-08-20T19:39:23,elo_1800,mimo-v2.5,64,26,b5,1,b5,True,0
2026-08-20T19:39:27,elo_1800,mimo-v2.5,57,28,f6,1,f6,True,0
2026-08-20T19:39:37,elo_1800,mimo-v2.5,31,29,a6,1,a6,True,1
2026-08-20T19:39:38,elo_1800,mimo-v2.5,67,26,a3,1,c1,False,0
2026-08-20T19:39:44,elo_1800,mimo-v2.5,72,34,a1,-1,a1,True,0
2026-08-20T19:39:56,elo_1800,mimo-v2.5,71,34,f6,-1,f6,True,0
2026-08-20T19:40:04,elo_1800,mimo-v2.5,59,26,f6,1,f6,True,0
2026-08-20T19:40:17,elo_1800,mimo-v2.5,69,27,b6,0,f3,False,0
2026-08-20T19:40:49,elo_1800,mimo-v2.5,75,33,a1,1,a1,True,0
2026-08-20T19:40:56,elo_1800,mimo-v2.5,77,32,e2,-1,e2,True,0
2026-08-20T19:41:04,elo_1800,mimo-v2.5,70,24,f6,1,f6,True,0
2026-08-20T19:41:04,elo_1800,mimo-v2.5,78,34,a1,-1,a1,True,0
2026-08-20T19:41:09,elo_1800,mimo-v2.5,79,34,c5,-1,c5,True,0
2026-08-20T19:41:15,elo_1800,mimo-v2.5,81,33,f6,-1,f6,True,0
2026-08-20T19:41:15,elo_1800,mimo-v2.5,32,24,f3,1,e1,False,1
2026-08-20T19:41:20,elo_1800,mimo-v2.5,83,30,b5,-1,b5,True,0
2026-08-20T19:41:22,elo_1800,mimo-v2.5,82,34,a6,1,a6,True,0
2026-08-20T19:41:24,elo_1800,mimo-v2.5,76,31,c6,0,f6,False,0
2026-08-20T19:41:26,elo_1800,mimo-v2.5,53,28,d2,1,e4,False,1
2026-08-20T19:41:39,elo_1800,mimo-v2.5,62,30,f6,1,f3,False,0
2026-08-20T19:42:05,elo_1800,mimo-v2.5,84,33,a6,1,a6,True,0
2026-08-20T19:42:13,elo_1800,mimo-v2.5,73,33,f6,1,b2,False,0
2026-08-20T19:42:15,elo_1800,mimo-v2.5,74,28,f3,1,a3,False,0
2026-08-20T19:42:19,elo_1800,mimo-v2.5,68,33,a1,1,a1,True,0
2026-08-20T19:42:19,elo_1800,mimo-v2.5,91,34,a3,1,a3,True,0
2026-08-20T19:42:27,elo_1800,mimo-v2.5,80,28,f5,0,a5,False,0
2026-08-20T19:42:28,elo_1800,mimo-v2.5,89,32,a4,1,f6,False,0
2026-08-20T19:42:34,elo_1800,mimo-v2.5,86,27,f6,1,f6,True,0
2026-08-20T19:42:49,elo_1800,mimo-v2.5,88,31,a6,1,a1,False,0
2026-08-20T19:43:04,elo_1800,mimo-v2.5,95,32,a2,1,f6,False,0
2026-08-20T19:43:10,elo_1800,mimo-v2.5,98,33,e6,0,e6,True,0
2026-08-20T19:43:11,elo_1800,mimo-v2.5,90,32,f2,1,a1,False,0
2026-08-20T19:43:12,elo_1800,mimo-v2.5,97,34,a4,-1,a4,True,0
2026-08-20T19:43:14,elo_1800,mimo-v2.5,92,25,f6,1,f6,True,0
2026-08-20T19:43:36,elo_1800,mimo-v2.5,65,33,f6,1,f6,True,1
2026-08-20T19:43:47,elo_1800,mimo-v2.5,96,27,a3,1,f6,False,0
2026-08-20T19:43:55,elo_1800,mimo-v2.5,104,34,e2,1,e2,True,0
2026-08-20T19:44:02,elo_1800,mimo-v2.5,99,32,f1,1,f1,True,0
2026-08-20T19:44:02,elo_1800,mimo-v2.5,105,34,f4,-1,f4,True,0
2026-08-20T19:44:06,elo_1800,mimo-v2.5,106,33,f2,-1,f2,True,0
2026-08-20T19:44:16,elo_1800,mimo-v2.5,101,28,b1,0,a6,False,0
2026-08-20T19:44:22,elo_1800,mimo-v2.5,108,32,d5,1,d5,True,0
2026-08-20T19:44:56,elo_1800,mimo-v2.5,102,33,f6,1,f6,True,0
2026-08-20T19:45:06,elo_1800,mimo-v2.5,103,27,f3,1,f3,True,0
2026-08-20T19:45:21,elo_1800,mimo-v2.5,111,30,f6,1,f6,True,0
2026-08-20T19:45:26,elo_1800,mimo-v2.5,107,33,e1,1,e1,True,0
2026-08-20T19:45:34,elo_1800,mimo-v2.5,113,32,a5,-1,a5,True,0
2026-08-20T19:45:36,elo_1800,mimo-v2.5,93,29,a4,0,e6,False,0
2026-08-20T19:45:43,elo_1800,mimo-v2.5,116,29,e3,-1,e3,True,0
2026-08-20T19:45:46,elo_1800,mimo-v2.5,94,25,b4,1,b4,True,0
2026-08-20T19:45:54,elo_1800,mimo-v2.5,118,30,a5,-1,a5,True,0
2026-08-20T19:45:57,elo_1800,mimo-v2.5,117,33,f4,1,f4,True,0
2026-08-20T19:46:01,elo_1800,mimo-v2.5,100,26,d6,1,f2,False,0
2026-08-20T19:46:03,elo_1800,mimo-v2.5,110,32,c1,1,c1,True,0
2026-08-20T19:46:12,elo_1800,mimo-v2.5,122,31,f6,1,f6,True,0
2026-08-20T19:46:18,elo_1800,mimo-v2.5,114,28,a6,1,b2,False,0
2026-08-20T19:46:19,elo_1800,mimo-v2.5,120,29,d2,-1,d2,True,0
2026-08-20T19:46:22,elo_1800,mimo-v2.5,124,32,e5,-1,e5,True,0
2026-08-20T19:46:32,elo_1800,mimo-v2.5,109,31,d2,0,d2,True,0
2026-08-20T19:46:44,elo_1800,mimo-v2.5,126,28,b2,1,a5,False,0
2026-08-20T19:46:51,elo_1800,mimo-v2.5,87,32,b2,1,b4,False,1
2026-08-20T19:46:53,elo_1800,mimo-v2.5,128,34,a4,1,a4,True,0
2026-08-20T19:46:55,elo_1800,mimo-v2.5,121,29,a2,0,f3,False,0
2026-08-20T19:46:55,elo_1800,mimo-v2.5,112,29,a5,1,a5,True,0
2026-08-20T19:46:56,elo_1800,mimo-v2.5,123,27,f1,1,a1,False,0
2026-08-20T19:47:02,elo_1800,mimo-v2.5,131,33,a1,1,a1,True,0
2026-08-20T19:47:03,elo_1800,mimo-v2.5,133,32,f3,-1,f3,True,0
2026-08-20T19:47:04,elo_1800,mimo-v2.5,130,33,e1,-1,e1,True,0
2026-08-20T19:47:14,elo_1800,mimo-v2.5,85,31,e1,1,b2,False,0
2026-08-20T19:47:21,elo_1800,mimo-v2.5,125,26,f3,1,b6,False,0
2026-08-20T19:47:25,elo_1800,mimo-v2.5,138,34,b4,1,b4,True,0
2026-08-20T19:47:46,elo_1800,mimo-v2.5,134,33,a1,1,f1,False,0
2026-08-20T19:48:04,elo_1800,mimo-v2.5,132,24,d5,1,d5,True,0
2026-08-20T19:48:11,elo_1800,mimo-v2.5,129,26,e6,1,c6,False,0
2026-08-20T19:48:18,elo_1800,mimo-v2.5,137,27,a6,1,a6,True,0
2026-08-20T19:48:20,elo_1800,mimo-v2.5,140,29,a4,1,a4,True,0
2026-08-20T19:48:23,elo_1800,mimo-v2.5,115,27,f1,1,f6,False,0
2026-08-20T19:48:24,elo_1800,mimo-v2.5,119,25,f5,0,f1,False,0
2026-08-20T19:48:27,elo_1800,mimo-v2.5,144,34,a4,1,a4,True,0
2026-08-20T19:48:42,elo_1800,mimo-v2.5,139,24,a5,0,e5,False,0
2026-08-20T19:48:53,elo_1800,mimo-v2.5,146,32,b5,-1,b5,True,0
2026-08-20T19:49:01,elo_1800,mimo-v2.5,149,34,a2,-1,a2,True,0
2026-08-20T19:49:15,elo_1800,mimo-v2.5,142,26,e1,1,f1,False,0
2026-08-20T19:49:20,elo_1800,mimo-v2.5,150,34,a6,-1,a6,True,0
2026-08-20T19:49:21,elo_1800,mimo-v2.5,151,33,c1,1,c1,True,0
2026-08-20T19:49:25,elo_1800,mimo-v2.5,152,33,a3,1,a3,True,0
2026-08-20T19:49:44,elo_1800,mimo-v2.5,148,27,b1,1,a1,False,0
2026-08-20T19:49:44,elo_1800,mimo-v2.5,145,25,a4,1,a4,True,0
2026-08-20T19:49:46,elo_1800,mimo-v2.5,127,29,a1,1,a1,True,0
2026-08-20T19:50:02,elo_1800,mimo-v2.5,141,27,c6,0,c6,True,0
2026-08-20T19:50:14,elo_1800,mimo-v2.5,135,34,a3,1,a3,True,0
2026-08-20T19:50:30,elo_1800,mimo-v2.5,159,28,b3,-1,b3,True,0
2026-08-20T19:50:30,elo_1800,mimo-v2.5,136,33,d1,1,d1,True,0
2026-08-20T19:50:31,elo_1800,mimo-v2.5,153,32,f1,1,f1,True,0
2026-08-20T19:50:37,elo_1800,mimo-v2.5,160,26,e1,-1,e1,True,0
2026-08-20T19:51:02,elo_1800,mimo-v2.5,161,34,f5,-1,f5,True,0
2026-08-20T19:51:22,elo_1800,mimo-v2.5,158,26,a6,1,a6,True,0
2026-08-20T19:51:27,elo_1800,mimo-v2.5,165,34,f1,0,f1,True,0
2026-08-20T19:51:35,elo_1800,mimo-v2.5,164,28,f3,0,f3,True,0
2026-08-20T19:51:56,elo_1800,mimo-v2.5,156,28,a6,1,a6,True,0
2026-08-20T19:51:57,elo_1800,mimo-v2.5,155,32,a4,1,a4,True,0
2026-08-20T19:52:04,elo_1800,mimo-v2.5,169,34,c2,1,c2,True,0
2026-08-20T19:52:12,elo_1800,mimo-v2.5,167,28,b6,1,d5,False,0
2026-08-20T19:52:16,elo_1800,mimo-v2.5,170,33,b6,1,c6,False,0
2026-08-20T19:52:30,elo_1800,mimo-v2.5,157,29,f6,1,f6,True,0
2026-08-20T19:52:36,elo_1800,mimo-v2.5,163,27,b6,1,d1,False,0
2026-08-20T19:52:36,elo_1800,mimo-v2.5,154,31,f3,1,f3,True,0
2026-08-20T19:52:43,elo_1800,mimo-v2.5,168,32,f6,1,f6,True,0
2026-08-20T19:53:06,elo_1800,mimo-v2.5,162,34,e3,1,e3,True,0
2026-08-20T19:53:06,elo_1800,mimo-v2.5,175,34,f5,1,f5,True,0
2026-08-20T19:53:14,elo_1800,mimo-v2.5,177,34,a4,-1,a4,True,0
2026-08-20T19:53:16,elo_1800,mimo-v2.5,178,34,c1,-1,c1,True,0
2026-08-20T19:53:24,elo_1800,mimo-v2.5,180,26,e2,-1,e2,True,0
2026-08-20T19:53:28,elo_1800,mimo-v2.5,147,29,a3,1,c6,False,1
2026-08-20T19:53:30,elo_1800,mimo-v2.5,171,33,a5,1,a5,True,0
2026-08-20T19:53:31,elo_1800,mimo-v2.5,174,27,a6,1,a6,True,0
2026-08-20T19:53:42,elo_1800,mimo-v2.5,181,27,e1,0,c5,False,0
2026-08-20T19:53:46,elo_1800,mimo-v2.5,173,33,b6,1,e6,False,0
2026-08-20T19:53:48,elo_1800,mimo-v2.5,182,34,e1,-1,e1,True,0
2026-08-20T19:54:19,elo_1800,mimo-v2.5,143,24,a6,1,a6,True,1
2026-08-20T19:54:35,elo_1800,mimo-v2.5,166,31,f1,1,a4,False,0
2026-08-20T19:54:37,elo_1800,mimo-v2.5,186,29,f3,1,e5,False,0
2026-08-20T19:54:44,elo_1800,mimo-v2.5,183,27,f6,0,f6,True,0
2026-08-20T19:54:53,elo_1800,mimo-v2.5,191,34,b1,-1,b1,True,0
2026-08-20T19:55:08,elo_1800,mimo-v2.5,184,26,a5,1,b1,False,0
2026-08-20T19:55:10,elo_1800,mimo-v2.5,188,29,e3,0,f6,False,0
2026-08-20T19:55:11,elo_1800,mimo-v2.5,193,34,f1,0,f1,True,0
2026-08-20T19:55:12,elo_1800,mimo-v2.5,179,25,f6,1,a4,False,0
2026-08-20T19:55:17,elo_1800,mimo-v2.5,194,34,b3,-1,b3,True,0
2026-08-20T19:55:22,elo_1800,mimo-v2.5,172,25,b5,1,f5,False,0
2026-08-20T19:55:34,elo_1800,mimo-v2.5,192,34,f5,-1,f5,True,0
2026-08-20T19:55:38,elo_1800,mimo-v2.5,176,31,f4,1,e2,False,0
2026-08-20T19:55:42,elo_1800,mimo-v2.5,190,30,a6,1,a6,True,0
2026-08-20T19:55:45,elo_1800,mimo-v2.5,197,24,c2,-1,c2,True,0
2026-08-20T19:55:54,elo_1800,mimo-v2.5,187,26,f6,1,f6,True,0
2026-08-20T19:56:00,elo_1800,mimo-v2.5,185,24,e1,1,f3,False,0
2026-08-20T19:56:04,elo_1800,mimo-v2.5,196,28,f1,1,f1,True,0
2026-08-20T19:56:34,elo_1800,mimo-v2.5,200,33,f3,0,a3,False,0
2026-08-20T19:56:34,elo_1800,mimo-v2.5,195,30,f4,1,f2,False,0
2026-08-20T19:56:50,elo_1800,mimo-v2.5,198,32,e6,1,e6,True,0
2026-08-20T19:57:08,elo_1800,mimo-v2.5,189,34,f4,1,f4,True,0
2026-08-20T19:58:50,elo_1800,mimo-v2.5,199,30,f6,1,f6,True,0
2026-08-20T19:58:55,elo_2800,mimo-v2.5,4,33,b6,-1,b6,True,0
2026-08-20T19:58:57,elo_2800,mimo-v2.5,3,34,c1,-1,c1,True,0
2026-08-20T19:58:58,elo_2800,mimo-v2.5,9,34,a6,1,a6,True,0
2026-08-20T19:59:01,elo_2800,mimo-v2.5,11,33,c1,1,c1,True,0
2026-08-20T19:59:03,elo_2800,mimo-v2.5,8,29,f1,0,a5,False,0
2026-08-20T19:59:09,elo_2800,mimo-v2.5,14,33,e4,-1,e4,True,0
2026-08-20T19:59:10,elo_2800,mimo-v2.5,12,32,f3,0,f3,True,0
2026-08-20T19:59:36,elo_2800,mimo-v2.5,6,28,e1,1,a1,False,0
2026-08-20T19:59:46,elo_2800,mimo-v2.5,2,32,b1,1,a1,False,0
2026-08-20T19:59:49,elo_2800,mimo-v2.5,19,24,a2,-1,a2,True,0
2026-08-20T19:59:53,elo_2800,mimo-v2.5,20,30,b6,-1,b6,True,0
2026-08-20T19:59:56,elo_2800,mimo-v2.5,18,28,a6,1,f2,False,0
2026-08-20T19:59:56,elo_2800,mimo-v2.5,13,26,d6,1,f5,False,0
2026-08-20T19:59:59,elo_2800,mimo-v2.5,1,27,a2,1,a2,True,0
2026-08-20T20:00:07,elo_2800,mimo-v2.5,7,31,f1,0,f1,True,0
2026-08-20T20:00:10,elo_2800,mimo-v2.5,23,34,a4,-1,a4,True,0
2026-08-20T20:00:11,elo_2800,mimo-v2.5,17,24,a6,0,e6,False,0
2026-08-20T20:00:20,elo_2800,mimo-v2.5,22,34,a5,0,a5,True,0
2026-08-20T20:00:30,elo_2800,mimo-v2.5,15,34,b1,0,b1,True,0
2026-08-20T20:00:32,elo_2800,mimo-v2.5,10,26,f6,1,a6,False,0
2026-08-20T20:00:37,elo_2800,mimo-v2.5,5,30,e6,1,e6,True,0
2026-08-20T20:00:37,elo_2800,mimo-v2.5,21,26,f1,0,f1,True,0
2026-08-20T20:00:52,elo_2800,mimo-v2.5,28,30,f1,1,f1,True,0
2026-08-20T20:00:54,elo_2800,mimo-v2.5,24,33,e3,1,e3,True,0
2026-08-20T20:01:02,elo_2800,mimo-v2.5,33,33,a3,-1,a3,True,0
2026-08-20T20:01:08,elo_2800,mimo-v2.5,27,28,a6,1,e2,False,0
2026-08-20T20:01:20,elo_2800,mimo-v2.5,36,34,f6,1,f6,True,0
2026-08-20T20:01:40,elo_2800,mimo-v2.5,31,29,a6,1,a5,False,0
2026-08-20T20:01:51,elo_2800,mimo-v2.5,37,34,b3,-1,b3,True,0
2026-08-20T20:02:04,elo_2800,mimo-v2.5,29,27,c1,1,c1,True,0
2026-08-20T20:02:06,elo_2800,mimo-v2.5,25,33,f4,0,f4,True,0
2026-08-20T20:02:07,elo_2800,mimo-v2.5,40,34,c1,-1,c1,True,0
2026-08-20T20:02:19,elo_2800,mimo-v2.5,34,27,f1,1,f1,True,0
2026-08-20T20:02:30,elo_2800,mimo-v2.5,41,26,c6,0,f6,False,0
2026-08-20T20:02:36,elo_2800,mimo-v2.5,42,34,f1,1,f1,True,0
2026-08-20T20:02:49,elo_2800,mimo-v2.5,30,34,a5,0,a5,True,0
2026-08-20T20:02:54,elo_2800,mimo-v2.5,35,30,a1,1,a1,True,0
2026-08-20T20:03:00,elo_2800,mimo-v2.5,47,31,c2,-1,c2,True,0
2026-08-20T20:03:20,elo_2800,mimo-v2.5,43,31,a6,0,a6,True,0
2026-08-20T20:03:53,elo_2800,mimo-v2.5,16,30,b4,1,d1,False,1
2026-08-20T20:04:37,elo_2800,mimo-v2.5,49,28,f1,1,f1,True,0
2026-08-20T20:05:06,elo_2800,mimo-v2.5,45,25,d2,0,f5,False,0
2026-08-20T20:05:09,elo_2800,mimo-v2.5,46,29,f1,1,a6,False,0
2026-08-20T20:05:14,elo_2800,mimo-v2.5,44,33,d1,1,d1,True,0
2026-08-20T20:05:19,elo_2800,mimo-v2.5,51,27,c1,1,f3,False,0
2026-08-20T20:05:25,elo_2800,mimo-v2.5,50,24,a1,1,f1,False,0
2026-08-20T20:05:58,elo_2800,mimo-v2.5,32,24,f3,1,b4,False,1
2026-08-20T20:06:19,elo_2800,mimo-v2.5,55,31,d6,0,a1,False,0
2026-08-20T20:06:20,elo_2800,mimo-v2.5,48,30,f6,0,f6,True,0
2026-08-20T20:06:29,elo_2800,mimo-v2.5,54,33,f3,1,f3,True,0
2026-08-20T20:06:37,elo_2800,mimo-v2.5,60,33,f4,-1,f4,True,0
2026-08-20T20:06:37,elo_2800,mimo-v2.5,56,25,d5,1,c6,False,0
2026-08-20T20:06:41,elo_2800,mimo-v2.5,61,31,a1,-1,a1,True,0
2026-08-20T20:07:22,elo_2800,mimo-v2.5,62,30,f6,1,f6,True,0
2026-08-20T20:07:27,elo_2800,mimo-v2.5,38,30,a6,1,a6,True,1
2026-08-20T20:07:33,elo_2800,mimo-v2.5,59,26,f6,1,f6,True,0
2026-08-20T20:07:38,elo_2800,mimo-v2.5,66,33,f1,-1,f1,True,0
2026-08-20T20:07:40,elo_2800,mimo-v2.5,58,25,e1,1,f6,False,0
2026-08-20T20:07:45,elo_2800,mimo-v2.5,64,26,b5,1,b5,True,0
2026-08-20T20:07:54,elo_2800,mimo-v2.5,57,28,f6,1,f1,False,0
2026-08-20T20:07:59,elo_2800,mimo-v2.5,53,28,d2,1,d2,True,0
2026-08-20T20:08:05,elo_2800,mimo-v2.5,71,34,f6,-1,f6,True,0
2026-08-20T20:08:14,elo_2800,mimo-v2.5,72,34,a1,-1,a1,True,0
2026-08-20T20:08:30,elo_2800,mimo-v2.5,68,33,a1,1,a6,False,0
2026-08-20T20:08:48,elo_2800,mimo-v2.5,26,30,b1,0,f2,False,2
2026-08-20T20:08:52,elo_2800,mimo-v2.5,63,26,a1,1,a1,True,0
2026-08-20T20:09:19,elo_2800,mimo-v2.5,73,33,f6,1,f6,True,0
2026-08-20T20:09:37,elo_2800,mimo-v2.5,77,32,e2,-1,e2,True,0
2026-08-20T20:09:44,elo_2800,mimo-v2.5,78,34,a1,-1,a1,True,0
2026-08-20T20:09:47,elo_2800,mimo-v2.5,74,28,f3,1,c1,False,0
2026-08-20T20:09:51,elo_2800,mimo-v2.5,79,34,c5,-1,c5,True,0
2026-08-20T20:09:56,elo_2800,mimo-v2.5,52,29,f6,1,a6,False,1
2026-08-20T20:09:57,elo_2800,mimo-v2.5,76,31,c6,0,f6,False,0
2026-08-20T20:09:57,elo_2800,mimo-v2.5,81,33,f6,-1,f6,True,0
2026-08-20T20:10:02,elo_2800,mimo-v2.5,83,30,b5,-1,b5,True,0
2026-08-20T20:10:05,elo_2800,mimo-v2.5,82,34,a6,1,a6,True,0
2026-08-20T20:10:19,elo_2800,mimo-v2.5,65,33,f6,1,f6,True,0
2026-08-20T20:10:21,elo_2800,mimo-v2.5,67,26,a3,1,c1,False,0
2026-08-20T20:10:32,elo_2800,mimo-v2.5,84,33,a6,1,d6,False,0
2026-08-20T20:10:32,elo_2800,mimo-v2.5,70,24,f6,1,f6,True,0
2026-08-20T20:10:52,elo_2800,mimo-v2.5,90,32,f2,1,a1,False,0
2026-08-20T20:10:59,elo_2800,mimo-v2.5,91,34,a3,1,a3,True,0
2026-08-20T20:11:04,elo_2800,mimo-v2.5,80,28,f5,0,b6,False,0
2026-08-20T20:11:12,elo_2800,mimo-v2.5,86,27,f6,1,f6,True,0
2026-08-20T20:11:12,elo_2800,mimo-v2.5,92,25,f6,1,b4,False,0
2026-08-20T20:11:27,elo_2800,mimo-v2.5,75,33,a1,1,a1,True,0
2026-08-20T20:11:35,elo_2800,mimo-v2.5,95,32,a2,1,a2,True,0
2026-08-20T20:11:39,elo_2800,mimo-v2.5,97,34,a4,-1,a4,True,0
2026-08-20T20:11:40,elo_2800,mimo-v2.5,89,32,a4,1,f6,False,0
2026-08-20T20:11:42,elo_2800,mimo-v2.5,98,33,e6,0,e6,True,0
2026-08-20T20:11:57,elo_2800,mimo-v2.5,99,32,f1,1,f1,True,0
2026-08-20T20:12:31,elo_2800,mimo-v2.5,39,32,e4,0,c1,False,2
2026-08-20T20:12:42,elo_2800,mimo-v2.5,101,28,b1,0,a6,False,0
2026-08-20T20:12:58,elo_2800,mimo-v2.5,96,27,a3,1,f6,False,0
2026-08-20T20:13:30,elo_2800,mimo-v2.5,87,32,b2,1,b1,False,0
2026-08-20T20:13:33,elo_2800,mimo-v2.5,102,33,f6,1,f6,True,0
2026-08-20T20:13:39,elo_2800,mimo-v2.5,105,34,f4,-1,f4,True,0
2026-08-20T20:13:45,elo_2800,mimo-v2.5,106,33,f2,-1,f2,True,0
2026-08-20T20:13:45,elo_2800,mimo-v2.5,88,31,a6,1,a1,False,0
2026-08-20T20:13:48,elo_2800,mimo-v2.5,93,29,a4,0,e6,False,0
2026-08-20T20:13:49,elo_2800,mimo-v2.5,103,27,f3,1,a3,False,0
2026-08-20T20:13:59,elo_2800,mimo-v2.5,85,31,e1,1,a3,False,1
2026-08-20T20:14:26,elo_2800,mimo-v2.5,94,25,b4,1,d1,False,0
2026-08-20T20:14:31,elo_2800,mimo-v2.5,113,32,a5,-1,a5,True,0
2026-08-20T20:15:24,elo_2800,mimo-v2.5,104,34,e2,1,e4,False,0
2026-08-20T20:15:47,elo_2800,mimo-v2.5,110,32,c1,1,c1,True,0
2026-08-20T20:16:02,elo_2800,mimo-v2.5,114,28,a6,1,a6,True,0
2026-08-20T20:16:08,elo_2800,mimo-v2.5,116,29,e3,-1,e3,True,0
2026-08-20T20:16:14,elo_2800,mimo-v2.5,118,30,a5,-1,a5,True,0
2026-08-20T20:16:16,elo_2800,mimo-v2.5,109,31,d2,0,d2,True,0
2026-08-20T20:16:21,elo_2800,mimo-v2.5,120,29,d2,-1,d2,True,0
2026-08-20T20:16:36,elo_2800,mimo-v2.5,107,33,e1,1,e1,True,0
2026-08-20T20:16:38,elo_2800,mimo-v2.5,121,29,a2,0,f2,False,0
2026-08-20T20:16:45,elo_2800,mimo-v2.5,122,31,f6,1,f6,True,0
2026-08-20T20:16:46,elo_2800,mimo-v2.5,100,26,d6,1,a2,False,1
2026-08-20T20:16:48,elo_2800,mimo-v2.5,124,32,e5,-1,e5,True,0
2026-08-20T20:16:50,elo_2800,mimo-v2.5,108,32,d5,1,d5,True,0
2026-08-20T20:17:02,elo_2800,mimo-v2.5,111,30,f6,1,f6,True,0
2026-08-20T20:17:07,elo_2800,mimo-v2.5,128,34,a4,1,a4,True,0
2026-08-20T20:17:24,elo_2800,mimo-v2.5,69,27,b6,0,f3,False,2
2026-08-20T20:17:30,elo_2800,mimo-v2.5,130,33,e1,-1,e1,True,0
2026-08-20T20:17:35,elo_2800,mimo-v2.5,131,33,a1,1,a1,True,0
2026-08-20T20:17:35,elo_2800,mimo-v2.5,125,26,f3,1,f6,False,0
2026-08-20T20:17:41,elo_2800,mimo-v2.5,133,32,f3,-1,f3,True,0
2026-08-20T20:17:47,elo_2800,mimo-v2.5,117,33,f4,1,f4,True,0
2026-08-20T20:18:31,elo_2800,mimo-v2.5,123,27,f1,1,a1,False,0
2026-08-20T20:18:46,elo_2800,mimo-v2.5,126,28,b2,1,e1,False,0
2026-08-20T20:19:22,elo_2800,mimo-v2.5,127,29,a1,1,a1,True,0
2026-08-20T20:19:26,elo_2800,mimo-v2.5,138,34,b4,1,b4,True,0
2026-08-20T20:19:47,elo_2800,mimo-v2.5,135,34,a3,1,a3,True,0
2026-08-20T20:20:17,elo_2800,mimo-v2.5,115,27,f1,1,f6,False,1
2026-08-20T20:20:22,elo_2800,mimo-v2.5,136,33,d1,1,d1,True,0
2026-08-20T20:20:44,elo_2800,mimo-v2.5,134,33,a1,1,a1,True,0
2026-08-20T20:21:15,elo_2800,mimo-v2.5,119,25,f5,0,f1,False,1
2026-08-20T20:21:18,elo_2800,mimo-v2.5,143,24,a6,1,a6,True,0
2026-08-20T20:21:23,elo_2800,mimo-v2.5,144,34,a4,1,a4,True,0
2026-08-20T20:22:02,elo_2800,mimo-v2.5,141,27,c6,0,c5,False,0
2026-08-20T20:22:23,elo_2800,mimo-v2.5,146,32,b5,-1,b5,True,0
2026-08-20T20:22:48,elo_2800,mimo-v2.5,145,25,a4,1,a4,True,0
2026-08-20T20:22:49,elo_2800,mimo-v2.5,139,24,a5,0,f4,False,0
2026-08-20T20:22:56,elo_2800,mimo-v2.5,150,34,a6,-1,a6,True,0
2026-08-20T20:23:02,elo_2800,mimo-v2.5,151,33,c1,1,c1,True,0
2026-08-20T20:23:04,elo_2800,mimo-v2.5,140,29,a4,1,f1,False,0
2026-08-20T20:23:08,elo_2800,mimo-v2.5,152,33,a3,1,a3,True,0
2026-08-20T20:23:14,elo_2800,mimo-v2.5,149,34,a2,-1,a2,True,0
2026-08-20T20:23:33,elo_2800,mimo-v2.5,148,27,b1,1,a1,False,0
2026-08-20T20:23:34,elo_2800,mimo-v2.5,132,24,d5,1,e6,False,1
2026-08-20T20:23:38,elo_2800,mimo-v2.5,142,26,e1,1,f1,False,0
2026-08-20T20:23:52,elo_2800,mimo-v2.5,137,27,a6,1,a6,True,1
2026-08-20T20:24:01,elo_2800,mimo-v2.5,159,28,b3,-1,b3,True,0
2026-08-20T20:24:08,elo_2800,mimo-v2.5,160,26,e1,-1,e1,True,0
2026-08-20T20:24:25,elo_2800,mimo-v2.5,157,29,f6,1,f6,True,0
2026-08-20T20:24:28,elo_2800,mimo-v2.5,161,34,f5,-1,f5,True,0
2026-08-20T20:24:30,elo_2800,mimo-v2.5,154,31,f3,1,a1,False,0
2026-08-20T20:24:34,elo_2800,mimo-v2.5,156,28,a6,1,a6,True,0
2026-08-20T20:24:41,elo_2800,mimo-v2.5,165,34,f1,0,f1,True,0
2026-08-20T20:25:09,elo_2800,mimo-v2.5,155,32,a4,1,f4,False,0
2026-08-20T20:25:39,elo_2800,mimo-v2.5,129,26,e6,1,e6,True,2
2026-08-20T20:25:45,elo_2800,mimo-v2.5,166,31,f1,1,f1,True,0
2026-08-20T20:25:50,elo_2800,mimo-v2.5,169,34,c2,1,c2,True,0
2026-08-20T20:25:56,elo_2800,mimo-v2.5,162,34,e3,1,e3,True,0
2026-08-20T20:25:59,elo_2800,mimo-v2.5,112,29,a5,1,f3,False,2
2026-08-20T20:26:18,elo_2800,mimo-v2.5,171,33,a5,1,a5,True,0
2026-08-20T20:26:22,elo_2800,mimo-v2.5,164,28,f3,0,d1,False,0
2026-08-20T20:26:35,elo_2800,mimo-v2.5,163,27,b6,1,d1,False,0
2026-08-20T20:26:39,elo_2800,mimo-v2.5,168,32,f6,1,f6,True,0
2026-08-20T20:26:44,elo_2800,mimo-v2.5,174,27,a6,1,d2,False,0
2026-08-20T20:26:54,elo_2800,mimo-v2.5,177,34,a4,-1,a4,True,0
2026-08-20T20:27:12,elo_2800,mimo-v2.5,178,34,c1,-1,c1,True,0
2026-08-20T20:27:27,elo_2800,mimo-v2.5,170,33,b6,1,b6,True,0
2026-08-20T20:27:32,elo_2800,mimo-v2.5,180,26,e2,-1,e2,True,0
2026-08-20T20:27:39,elo_2800,mimo-v2.5,175,34,f5,1,f4,False,0
2026-08-20T20:27:51,elo_2800,mimo-v2.5,182,34,e1,-1,e1,True,0
2026-08-20T20:28:12,elo_2800,mimo-v2.5,147,29,a3,1,f2,False,1
2026-08-20T20:28:12,elo_2800,mimo-v2.5,153,32,f1,1,f1,True,1
2026-08-20T20:28:22,elo_2800,mimo-v2.5,158,26,a6,1,c1,False,1
2026-08-20T20:28:31,elo_2800,mimo-v2.5,176,31,f4,1,f3,False,0
2026-08-20T20:28:50,elo_2800,mimo-v2.5,173,33,b6,1,b6,True,0
2026-08-20T20:29:06,elo_2800,mimo-v2.5,172,25,b5,1,f5,False,0
2026-08-20T20:29:09,elo_2800,mimo-v2.5,183,27,f6,0,f6,True,0
2026-08-20T20:29:19,elo_2800,mimo-v2.5,179,25,f6,1,a4,False,0
2026-08-20T20:29:20,elo_2800,mimo-v2.5,181,27,e1,0,e1,True,0
2026-08-20T20:29:20,elo_2800,mimo-v2.5,185,24,e1,1,f6,False,0
2026-08-20T20:29:24,elo_2800,mimo-v2.5,191,34,b1,-1,b1,True,0
2026-08-20T20:29:24,elo_2800,mimo-v2.5,192,34,f5,-1,f5,True,0
2026-08-20T20:29:25,elo_2800,mimo-v2.5,189,34,f4,1,a1,False,0
2026-08-20T20:29:28,elo_2800,mimo-v2.5,193,34,f1,0,f1,True,0
2026-08-20T20:29:29,elo_2800,mimo-v2.5,184,26,a5,1,a5,True,0
2026-08-20T20:29:31,elo_2800,mimo-v2.5,197,24,c2,-1,c2,True,0
2026-08-20T20:29:50,elo_2800,mimo-v2.5,194,34,b3,-1,b3,True,0
2026-08-20T20:30:03,elo_2800,mimo-v2.5,188,29,e3,0,f6,False,0
2026-08-20T20:30:17,elo_2800,mimo-v2.5,187,26,f6,1,f6,True,0
2026-08-20T20:30:19,elo_2800,mimo-v2.5,190,30,a6,1,a6,True,0
2026-08-20T20:30:59,elo_2800,mimo-v2.5,196,28,f1,1,f1,True,0
2026-08-20T20:31:04,elo_2800,mimo-v2.5,195,30,f4,1,d5,False,0
2026-08-20T20:31:26,elo_2800,mimo-v2.5,200,33,f3,0,a3,False,0
2026-08-20T20:31:38,elo_2800,mimo-v2.5,198,32,e6,1,e6,True,0
2026-08-20T20:31:58,elo_2800,mimo-v2.5,186,29,f3,1,e5,False,1
2026-08-20T20:35:14,elo_2800,mimo-v2.5,199,30,f6,1,d1,False,1
2026-08-20T20:35:20,elo_2800,mimo-v2.5,167,28,b6,1,f5,False,2
2026-08-20T21:06:34,elo_800,mimo-v2.5,3,29,a4,-1,a4,True,0
2026-08-20T21:07:05,elo_800,mimo-v2.5,6,28,a6,1,a6,True,0
2026-08-20T21:07:14,elo_800,mimo-v2.5,5,28,a3,0,b5,False,0
2026-08-20T21:07:15,elo_800,mimo-v2.5,1,29,b1,0,e4,False,0
2026-08-20T21:07:18,elo_800,mimo-v2.5,8,28,a1,1,c1,False,0
2026-08-20T21:07:20,elo_800,mimo-v2.5,12,28,a6,1,e3,False,0
2026-08-20T21:07:27,elo_800,mimo-v2.5,2,25,f5,1,b5,False,0
2026-08-20T21:07:40,elo_800,mimo-v2.5,7,26,f1,1,b5,False,0
2026-08-20T21:07:46,elo_800,mimo-v2.5,4,26,a6,1,f2,False,0
2026-08-20T21:07:49,elo_800,mimo-v2.5,9,24,a5,1,a5,True,0
2026-08-20T21:07:51,elo_800,mimo-v2.5,19,28,d6,1,d6,True,0
2026-08-20T21:07:53,elo_800,mimo-v2.5,11,28,b6,1,a3,False,0
2026-08-20T21:07:56,elo_800,mimo-v2.5,15,27,f4,1,c2,False,0
2026-08-20T21:08:02,elo_800,mimo-v2.5,10,26,f5,1,f5,True,0
2026-08-20T21:08:08,elo_800,mimo-v2.5,22,27,a6,1,a6,True,0
2026-08-20T21:08:19,elo_800,mimo-v2.5,17,26,f3,1,f3,True,0
2026-08-20T21:08:20,elo_800,mimo-v2.5,18,29,a3,1,d2,False,0
2026-08-20T21:08:27,elo_800,mimo-v2.5,16,27,f2,1,f6,False,0
2026-08-20T21:08:31,elo_800,mimo-v2.5,24,25,f6,1,f6,True,0
2026-08-20T21:08:36,elo_800,mimo-v2.5,20,29,d5,1,d5,True,0
2026-08-20T21:08:37,elo_800,mimo-v2.5,21,25,a1,1,a1,True,0
2026-08-20T21:08:48,elo_800,mimo-v2.5,13,27,a6,1,e6,False,0
2026-08-20T21:08:50,elo_800,mimo-v2.5,14,25,b5,0,a1,False,0
2026-08-20T21:09:10,elo_800,mimo-v2.5,25,28,a1,1,a1,True,0
2026-08-20T21:09:10,elo_800,mimo-v2.5,27,28,f6,1,f1,False,0
2026-08-20T21:09:16,elo_800,mimo-v2.5,31,24,a1,1,a1,True,0
2026-08-20T21:09:18,elo_800,mimo-v2.5,23,27,d1,1,a1,False,0
2026-08-20T21:09:18,elo_800,mimo-v2.5,35,29,f5,-1,f5,True,0
2026-08-20T21:09:23,elo_800,mimo-v2.5,30,27,a6,1,a6,True,0
2026-08-20T21:09:23,elo_800,mimo-v2.5,33,27,d6,0,f6,False,0
2026-08-20T21:09:24,elo_800,mimo-v2.5,26,29,e1,1,a4,False,0
2026-08-20T21:09:44,elo_800,mimo-v2.5,28,27,a6,1,f1,False,0
2026-08-20T21:09:47,elo_800,mimo-v2.5,32,29,d5,1,e6,False,0
2026-08-20T21:09:48,elo_800,mimo-v2.5,29,25,a2,1,a1,False,0
2026-08-20T21:09:54,elo_800,mimo-v2.5,42,28,a4,-1,a4,True,0
2026-08-20T21:10:02,elo_800,mimo-v2.5,34,28,f1,1,f1,True,0
2026-08-20T21:10:04,elo_800,mimo-v2.5,38,26,a4,1,b2,False,0
2026-08-20T21:10:06,elo_800,mimo-v2.5,36,26,f6,1,f6,True,0
2026-08-20T21:10:06,elo_800,mimo-v2.5,41,29,c2,1,f3,False,0
2026-08-20T21:10:14,elo_800,mimo-v2.5,40,28,e6,0,a6,False,0
2026-08-20T21:10:15,elo_800,mimo-v2.5,43,27,b1,0,b1,True,0
2026-08-20T21:10:25,elo_800,mimo-v2.5,37,25,a1,1,a6,False,0
2026-08-20T21:10:28,elo_800,mimo-v2.5,49,28,b1,0,e4,False,0
2026-08-20T21:10:36,elo_800,mimo-v2.5,39,28,a1,1,f6,False,0
2026-08-20T21:10:37,elo_800,mimo-v2.5,45,28,f3,0,b4,False,0
2026-08-20T21:10:50,elo_800,mimo-v2.5,48,26,a6,0,a6,True,0
2026-08-20T21:10:51,elo_800,mimo-v2.5,46,29,a4,1,f1,False,0
2026-08-20T21:10:56,elo_800,mimo-v2.5,50,26,a3,1,d6,False,0
2026-08-20T21:10:57,elo_800,mimo-v2.5,52,24,c6,1,c6,True,0
2026-08-20T21:11:00,elo_800,mimo-v2.5,47,26,e1,1,a2,False,0
2026-08-20T21:11:08,elo_800,mimo-v2.5,53,29,d6,1,a1,False,0
2026-08-20T21:11:29,elo_800,mimo-v2.5,44,24,e3,1,d5,False,0
2026-08-20T21:11:31,elo_800,mimo-v2.5,54,25,d6,0,d6,True,0
2026-08-20T21:11:34,elo_800,mimo-v2.5,56,29,d1,1,b1,False,0
2026-08-20T21:11:38,elo_800,mimo-v2.5,57,26,a1,0,a1,True,0
2026-08-20T21:11:50,elo_800,mimo-v2.5,51,27,b1,1,b1,True,0
2026-08-20T21:12:02,elo_800,mimo-v2.5,60,27,a6,0,a6,True,0
2026-08-20T21:12:07,elo_800,mimo-v2.5,61,25,f1,1,a1,False,0
2026-08-20T21:12:11,elo_800,mimo-v2.5,65,24,a5,0,a1,False,0
2026-08-20T21:12:11,elo_800,mimo-v2.5,64,27,f5,1,f4,False,0
2026-08-20T21:12:12,elo_800,mimo-v2.5,58,25,a6,0,a6,True,0
2026-08-20T21:12:13,elo_800,mimo-v2.5,55,29,a6,1,a6,True,0
2026-08-20T21:12:18,elo_800,mimo-v2.5,71,28,a4,-1,a4,True,0
2026-08-20T21:12:18,elo_800,mimo-v2.5,66,28,f4,1,c6,False,0
2026-08-20T21:12:39,elo_800,mimo-v2.5,63,25,a1,1,a1,True,0
2026-08-20T21:12:41,elo_800,mimo-v2.5,62,29,f4,0,f1,False,0
2026-08-20T21:12:45,elo_800,mimo-v2.5,67,24,a5,1,b2,False,0
2026-08-20T21:12:45,elo_800,mimo-v2.5,76,26,a3,-1,a3,True,0
2026-08-20T21:12:47,elo_800,mimo-v2.5,69,25,c1,1,b5,False,0
2026-08-20T21:12:52,elo_800,mimo-v2.5,59,24,a3,1,a6,False,0
2026-08-20T21:12:58,elo_800,mimo-v2.5,75,24,f4,0,c1,False,0
2026-08-20T21:12:58,elo_800,mimo-v2.5,70,24,a6,1,a6,True,0
2026-08-20T21:13:05,elo_800,mimo-v2.5,72,27,f6,1,c2,False,0
2026-08-20T21:13:09,elo_800,mimo-v2.5,77,29,f5,0,f5,True,0
2026-08-20T21:13:17,elo_800,mimo-v2.5,74,27,a5,0,b6,False,0
2026-08-20T21:13:18,elo_800,mimo-v2.5,84,29,d1,1,e5,False,0
2026-08-20T21:13:19,elo_800,mimo-v2.5,73,24,a6,1,e6,False,0
2026-08-20T21:13:31,elo_800,mimo-v2.5,68,26,a5,1,c2,False,0
2026-08-20T21:13:34,elo_800,mimo-v2.5,79,28,f1,1,f1,True,0
2026-08-20T21:13:37,elo_800,mimo-v2.5,82,27,f6,1,f6,True,0
2026-08-20T21:13:53,elo_800,mimo-v2.5,83,26,a1,1,a1,True,0
2026-08-20T21:13:53,elo_800,mimo-v2.5,88,24,a2,1,a6,False,0
2026-08-20T21:13:58,elo_800,mimo-v2.5,87,28,b1,1,b1,True,0
2026-08-20T21:14:04,elo_800,mimo-v2.5,80,26,f3,1,f3,True,0
2026-08-20T21:14:12,elo_800,mimo-v2.5,81,26,d6,1,b3,False,0
2026-08-20T21:14:15,elo_800,mimo-v2.5,94,27,f1,1,f5,False,0
2026-08-20T21:14:18,elo_800,mimo-v2.5,90,28,a5,1,a3,False,0
2026-08-20T21:14:21,elo_800,mimo-v2.5,86,27,a5,0,a1,False,0
2026-08-20T21:14:28,elo_800,mimo-v2.5,85,28,a1,1,a4,False,0
2026-08-20T21:14:31,elo_800,mimo-v2.5,91,24,c1,1,a3,False,0
2026-08-20T21:14:32,elo_800,mimo-v2.5,92,28,f6,1,b5,False,0
2026-08-20T21:14:35,elo_800,mimo-v2.5,93,28,f4,1,b3,False,0
2026-08-20T21:14:47,elo_800,mimo-v2.5,89,26,a6,1,e1,False,0
2026-08-20T21:14:49,elo_800,mimo-v2.5,97,26,a1,1,b6,False,0
2026-08-20T21:14:58,elo_800,mimo-v2.5,96,24,c6,0,a1,False,0
2026-08-20T21:15:06,elo_800,mimo-v2.5,98,26,f4,1,f2,False,0
2026-08-20T21:15:09,elo_800,mimo-v2.5,99,24,c6,1,c6,True,0
2026-08-20T21:15:10,elo_800,mimo-v2.5,95,26,d6,1,d5,False,0
2026-08-20T21:15:16,elo_800,mimo-v2.5,103,25,f6,0,d1,False,0
2026-08-20T21:15:23,elo_800,mimo-v2.5,107,28,d1,1,e1,False,0
2026-08-20T21:15:31,elo_800,mimo-v2.5,109,27,f6,1,f6,True,0
2026-08-20T21:15:35,elo_800,mimo-v2.5,100,26,a4,1,a4,True,0
2026-08-20T21:15:46,elo_800,mimo-v2.5,102,25,f6,1,f6,True,0
2026-08-20T21:15:46,elo_800,mimo-v2.5,105,29,a1,1,a1,True,0
2026-08-20T21:15:52,elo_800,mimo-v2.5,104,29,f5,1,c1,False,0
2026-08-20T21:15:53,elo_800,mimo-v2.5,101,26,a1,1,a2,False,0
2026-08-20T21:16:00,elo_800,mimo-v2.5,108,29,a1,1,a1,True,0
2026-08-20T21:16:04,elo_800,mimo-v2.5,115,28,d1,1,d1,True,0
2026-08-20T21:16:13,elo_800,mimo-v2.5,110,29,b6,1,f6,False,0
2026-08-20T21:16:19,elo_800,mimo-v2.5,114,24,e6,1,f6,False,0
2026-08-20T21:16:23,elo_800,mimo-v2.5,78,25,a2,1,c6,False,0
2026-08-20T21:16:28,elo_800,mimo-v2.5,120,29,b6,-1,b6,True,0
2026-08-20T21:16:34,elo_800,mimo-v2.5,116,26,a6,1,d5,False,0
2026-08-20T21:16:38,elo_800,mimo-v2.5,111,25,a1,1,a1,True,0
2026-08-20T21:16:47,elo_800,mimo-v2.5,112,25,b6,1,b3,False,0
2026-08-20T21:16:47,elo_800,mimo-v2.5,117,26,f6,1,a3,False,0
2026-08-20T21:16:54,elo_800,mimo-v2.5,124,29,e6,1,e6,True,0
2026-08-20T21:17:01,elo_800,mimo-v2.5,122,28,f3,1,c6,False,0
2026-08-20T21:17:10,elo_800,mimo-v2.5,127,27,c1,1,c1,True,0
2026-08-20T21:17:13,elo_800,mimo-v2.5,113,27,b6,1,e6,False,0
2026-08-20T21:17:25,elo_800,mimo-v2.5,118,24,d1,1,a2,False,0
2026-08-20T21:17:32,elo_800,mimo-v2.5,126,26,e6,1,e4,False,0
2026-08-20T21:17:36,elo_800,mimo-v2.5,121,26,a2,1,d1,False,0
2026-08-20T21:17:38,elo_800,mimo-v2.5,128,25,f1,1,f1,True,0
2026-08-20T21:17:42,elo_800,mimo-v2.5,106,27,f6,1,a2,False,0
2026-08-20T21:17:47,elo_800,mimo-v2.5,125,24,a4,0,a2,False,0
2026-08-20T21:17:47,elo_800,mimo-v2.5,123,26,e1,0,e2,False,0
2026-08-20T21:17:51,elo_800,mimo-v2.5,129,29,a1,1,f5,False,0
2026-08-20T21:17:58,elo_800,mimo-v2.5,132,25,f4,1,a1,False,0
2026-08-20T21:17:58,elo_800,mimo-v2.5,119,26,d1,1,f4,False,0
2026-08-20T21:18:01,elo_800,mimo-v2.5,136,25,a6,1,a6,True,0
2026-08-20T21:18:05,elo_800,mimo-v2.5,135,28,a4,1,f1,False,0
2026-08-20T21:18:10,elo_800,mimo-v2.5,139,27,b6,1,f6,False,0
2026-08-20T21:18:22,elo_800,mimo-v2.5,130,29,b1,1,f1,False,0
2026-08-20T21:18:35,elo_800,mimo-v2.5,134,26,f3,1,b4,False,0
2026-08-20T21:18:40,elo_800,mimo-v2.5,133,28,f3,1,c6,False,0
2026-08-20T21:18:41,elo_800,mimo-v2.5,138,28,e6,1,a5,False,0
2026-08-20T21:18:56,elo_800,mimo-v2.5,140,25,f1,1,f1,True,0
2026-08-20T21:18:59,elo_800,mimo-v2.5,143,24,c1,1,a5,False,0
2026-08-20T21:19:00,elo_800,mimo-v2.5,146,25,c5,1,b1,False,0
2026-08-20T21:19:01,elo_800,mimo-v2.5,131,25,b3,1,a1,False,0
2026-08-20T21:19:07,elo_800,mimo-v2.5,151,29,d5,-1,d5,True,0
2026-08-20T21:19:08,elo_800,mimo-v2.5,141,25,e1,1,c6,False,0
2026-08-20T21:19:10,elo_800,mimo-v2.5,142,26,a6,1,b2,False,0
2026-08-20T21:19:15,elo_800,mimo-v2.5,148,27,f6,1,f6,True,0
2026-08-20T21:19:16,elo_800,mimo-v2.5,137,28,c1,1,b6,False,0
2026-08-20T21:19:18,elo_800,mimo-v2.5,149,27,e1,1,c5,False,0
2026-08-20T21:19:19,elo_800,mimo-v2.5,147,28,f6,0,a6,False,0
2026-08-20T21:19:23,elo_800,mimo-v2.5,155,25,d6,1,c6,False,0
2026-08-20T21:19:25,elo_800,mimo-v2.5,144,25,a1,0,a1,True,0
2026-08-20T21:19:30,elo_800,mimo-v2.5,145,27,a6,1,f2,False,0
2026-08-20T21:19:37,elo_800,mimo-v2.5,152,29,f5,1,a6,False,0
2026-08-20T21:20:12,elo_800,mimo-v2.5,156,27,f6,1,f6,True,0
2026-08-20T21:20:12,elo_800,mimo-v2.5,154,29,f1,0,f1,True,0
2026-08-20T21:20:15,elo_800,mimo-v2.5,150,28,f6,1,a4,False,0
2026-08-20T21:20:16,elo_800,mimo-v2.5,162,28,f6,1,b5,False,0
2026-08-20T21:20:16,elo_800,mimo-v2.5,161,24,f3,1,a1,False,0
2026-08-20T21:20:17,elo_800,mimo-v2.5,160,25,a1,1,a1,True,0
2026-08-20T21:20:18,elo_800,mimo-v2.5,158,27,a3,1,a2,False,0
2026-08-20T21:20:22,elo_800,mimo-v2.5,153,26,f6,1,f2,False,0
2026-08-20T21:20:22,elo_800,mimo-v2.5,166,28,b2,-1,b2,True,0
2026-08-20T21:20:24,elo_800,mimo-v2.5,157,28,b6,1,e1,False,0
2026-08-20T21:20:31,elo_800,mimo-v2.5,164,24,b6,1,d1,False,0
2026-08-20T21:20:34,elo_800,mimo-v2.5,163,25,a1,0,a1,True,0
2026-08-20T21:20:39,elo_800,mimo-v2.5,169,25,a6,1,a1,False,0
2026-08-20T21:20:41,elo_800,mimo-v2.5,170,28,f1,1,b1,False,0
2026-08-20T21:20:46,elo_800,mimo-v2.5,173,27,a4,0,a4,True,0
2026-08-20T21:20:58,elo_800,mimo-v2.5,167,27,f6,0,f6,True,0
2026-08-20T21:20:58,elo_800,mimo-v2.5,165,29,e1,1,a6,False,0
2026-08-20T21:21:02,elo_800,mimo-v2.5,175,27,e1,1,c5,False,0
2026-08-20T21:21:10,elo_800,mimo-v2.5,174,26,f1,0,f1,True,0
2026-08-20T21:21:11,elo_800,mimo-v2.5,172,29,f6,1,d1,False,0
2026-08-20T21:21:15,elo_800,mimo-v2.5,182,25,a3,-1,a3,True,0
2026-08-20T21:21:30,elo_800,mimo-v2.5,176,24,e2,1,b4,False,0
2026-08-20T21:21:40,elo_800,mimo-v2.5,168,28,b3,1,f1,False,0
2026-08-20T21:21:40,elo_800,mimo-v2.5,179,28,a6,1,a6,True,0
2026-08-20T21:21:41,elo_800,mimo-v2.5,184,29,a1,0,a1,True,0
2026-08-20T21:21:44,elo_800,mimo-v2.5,171,28,e6,1,e5,False,0
2026-08-20T21:21:49,elo_800,mimo-v2.5,181,28,a4,1,f5,False,0
2026-08-20T21:21:53,elo_800,mimo-v2.5,183,26,a4,1,f1,False,0
2026-08-20T21:22:05,elo_800,mimo-v2.5,180,27,e3,0,a4,False,0
2026-08-20T21:22:08,elo_800,mimo-v2.5,189,28,f5,0,d1,False,0
2026-08-20T21:22:09,elo_800,mimo-v2.5,187,24,f6,1,b2,False,0
2026-08-20T21:22:14,elo_800,mimo-v2.5,193,28,b6,1,b6,True,0
2026-08-20T21:22:20,elo_800,mimo-v2.5,190,27,a6,1,a6,True,0
2026-08-20T21:22:21,elo_800,mimo-v2.5,186,27,a1,1,a1,True,0
2026-08-20T21:22:28,elo_800,mimo-v2.5,188,24,a4,1,b6,False,0
2026-08-20T21:22:33,elo_800,mimo-v2.5,178,25,f6,1,f5,False,0
2026-08-20T21:22:33,elo_800,mimo-v2.5,159,24,f3,0,c1,False,0
2026-08-20T21:22:54,elo_800,mimo-v2.5,194,29,f2,1,b3,False,0
2026-08-20T21:23:09,elo_800,mimo-v2.5,192,27,a6,0,a3,False,0
2026-08-20T21:23:15,elo_800,mimo-v2.5,195,29,e1,0,e1,True,0
2026-08-20T21:23:15,elo_800,mimo-v2.5,199,29,f4,1,a6,False,0
2026-08-20T21:23:20,elo_800,mimo-v2.5,197,26,f3,0,a5,False,0
2026-08-20T21:23:27,elo_800,mimo-v2.5,185,29,a5,1,a5,True,0
2026-08-20T21:23:35,elo_800,mimo-v2.5,196,29,d1,1,f6,False,0
2026-08-20T21:23:36,elo_800,mimo-v2.5,191,26,a2,1,a2,True,0
2026-08-20T21:23:37,elo_800,mimo-v2.5,200,26,d1,1,e5,False,0
2026-08-20T21:23:41,elo_800,mimo-v2.5,177,24,f6,1,f6,True,0
2026-08-20T21:23:51,elo_800,mimo-v2.5,198,27,f1,1,f1,True,0
2026-08-20T21:24:05,elo_1800,mimo-v2.5,10,26,f5,1,b5,False,0
2026-08-20T21:24:07,elo_1800,mimo-v2.5,3,29,a4,-1,a4,True,0
2026-08-20T21:24:39,elo_1800,mimo-v2.5,2,25,f5,1,f6,False,0
2026-08-20T21:24:42,elo_1800,mimo-v2.5,5,28,a3,0,a6,False,0
2026-08-20T21:24:46,elo_1800,mimo-v2.5,7,26,f1,1,f1,True,0
2026-08-20T21:24:49,elo_1800,mimo-v2.5,6,28,a6,1,a6,True,0
2026-08-20T21:25:07,elo_1800,mimo-v2.5,8,28,a1,1,a1,True,0
2026-08-20T21:25:08,elo_1800,mimo-v2.5,9,24,a5,1,a6,False,0
2026-08-20T21:25:13,elo_1800,mimo-v2.5,14,25,b5,0,a1,False,0
2026-08-20T21:25:45,elo_1800,mimo-v2.5,12,28,a6,1,a6,True,0
2026-08-20T21:26:13,elo_1800,mimo-v2.5,18,29,a3,1,f6,False,0
2026-08-20T21:26:26,elo_1800,mimo-v2.5,16,27,f2,1,f6,False,0
2026-08-20T21:26:43,elo_1800,mimo-v2.5,17,26,f3,1,a6,False,0
2026-08-20T21:26:45,elo_1800,mimo-v2.5,20,29,d5,1,d5,True,0
2026-08-20T21:27:06,elo_1800,mimo-v2.5,1,29,b1,0,e4,False,0
2026-08-20T21:27:10,elo_1800,mimo-v2.5,15,27,f4,1,c2,False,0
2026-08-20T21:27:12,elo_1800,mimo-v2.5,22,27,a6,1,a6,True,0
2026-08-20T21:27:15,elo_1800,mimo-v2.5,11,28,b6,1,a3,False,0
2026-08-20T21:27:18,elo_1800,mimo-v2.5,24,25,f6,1,f6,True,0
2026-08-20T21:27:34,elo_1800,mimo-v2.5,27,28,f6,1,f4,False,0
2026-08-20T21:27:44,elo_1800,mimo-v2.5,21,25,a1,1,a1,True,0
2026-08-20T21:28:19,elo_1800,mimo-v2.5,30,27,a6,1,a6,True,0
2026-08-20T21:28:48,elo_1800,mimo-v2.5,28,27,a6,1,f1,False,0
2026-08-20T21:28:54,elo_1800,mimo-v2.5,31,24,a1,1,a1,True,0
2026-08-20T21:28:56,elo_1800,mimo-v2.5,26,29,e1,1,d6,False,0
2026-08-20T21:29:00,elo_1800,mimo-v2.5,35,29,f5,-1,f5,True,0
2026-08-20T21:29:04,elo_1800,mimo-v2.5,33,27,d6,0,f6,False,0
2026-08-20T21:29:18,elo_1800,mimo-v2.5,23,27,d1,1,a1,False,0
2026-08-20T21:29:19,elo_1800,mimo-v2.5,4,26,a6,1,f2,False,1
2026-08-20T21:29:22,elo_1800,mimo-v2.5,34,28,f1,1,f1,True,0
2026-08-20T21:29:23,elo_1800,mimo-v2.5,13,27,a6,1,a6,True,1
2026-08-20T21:29:30,elo_1800,mimo-v2.5,41,29,c2,1,c2,True,0
2026-08-20T21:29:42,elo_1800,mimo-v2.5,29,25,a2,1,c6,False,0
2026-08-20T21:29:45,elo_1800,mimo-v2.5,19,28,d6,1,b1,False,0
2026-08-20T21:29:45,elo_1800,mimo-v2.5,36,26,f6,1,f6,True,0
2026-08-20T21:29:51,elo_1800,mimo-v2.5,42,28,a4,-1,a4,True,0
2026-08-20T21:30:08,elo_1800,mimo-v2.5,37,25,a1,1,a6,False,0
2026-08-20T21:30:16,elo_1800,mimo-v2.5,32,29,d5,1,e6,False,0
2026-08-20T21:30:19,elo_1800,mimo-v2.5,46,29,a4,1,b2,False,0
2026-08-20T21:30:35,elo_1800,mimo-v2.5,43,27,b1,0,b1,True,0
2026-08-20T21:30:47,elo_1800,mimo-v2.5,38,26,a4,1,e6,False,0
2026-08-20T21:31:20,elo_1800,mimo-v2.5,39,28,a1,1,f6,False,0
2026-08-20T21:31:54,elo_1800,mimo-v2.5,40,28,e6,0,f1,False,0
2026-08-20T21:32:01,elo_1800,mimo-v2.5,51,27,b1,1,a2,False,0
2026-08-20T21:32:09,elo_1800,mimo-v2.5,48,26,a6,0,a6,True,0
2026-08-20T21:32:19,elo_1800,mimo-v2.5,25,28,a1,1,a1,True,1
2026-08-20T21:32:20,elo_1800,mimo-v2.5,50,26,a3,1,d6,False,0
2026-08-20T21:32:22,elo_1800,mimo-v2.5,47,26,e1,1,e5,False,0
2026-08-20T21:32:34,elo_1800,mimo-v2.5,57,26,a1,0,e3,False,0
2026-08-20T21:33:28,elo_1800,mimo-v2.5,53,29,d6,1,a1,False,0
2026-08-20T21:33:42,elo_1800,mimo-v2.5,44,24,e3,1,d6,False,0
2026-08-20T21:33:47,elo_1800,mimo-v2.5,55,29,a6,1,a6,True,0
2026-08-20T21:34:00,elo_1800,mimo-v2.5,54,25,d6,0,d6,True,0
2026-08-20T21:34:01,elo_1800,mimo-v2.5,61,25,f1,1,a4,False,0
2026-08-20T21:34:05,elo_1800,mimo-v2.5,45,28,f3,0,a2,False,0
2026-08-20T21:34:18,elo_1800,mimo-v2.5,59,24,a3,1,b6,False,0
2026-08-20T21:34:21,elo_1800,mimo-v2.5,60,27,a6,0,a6,True,0
2026-08-20T21:34:53,elo_1800,mimo-v2.5,49,28,b1,0,e4,False,0
2026-08-20T21:35:11,elo_1800,mimo-v2.5,52,24,c6,1,c6,True,0
2026-08-20T21:35:15,elo_1800,mimo-v2.5,62,29,f4,0,f1,False,0
2026-08-20T21:35:15,elo_1800,mimo-v2.5,63,25,a1,1,a1,True,0
2026-08-20T21:35:22,elo_1800,mimo-v2.5,56,29,d1,1,b1,False,0
2026-08-20T21:35:23,elo_1800,mimo-v2.5,71,28,a4,-1,a4,True,0
2026-08-20T21:35:30,elo_1800,mimo-v2.5,58,25,a6,0,a6,True,0
2026-08-20T21:35:40,elo_1800,mimo-v2.5,73,24,a6,1,d2,False,0
2026-08-20T21:35:59,elo_1800,mimo-v2.5,65,24,a5,0,a1,False,0
2026-08-20T21:36:03,elo_1800,mimo-v2.5,66,28,f4,1,e5,False,0
2026-08-20T21:36:06,elo_1800,mimo-v2.5,76,26,a3,-1,a3,True,0
2026-08-20T21:36:07,elo_1800,mimo-v2.5,77,29,f5,0,f5,True,0
2026-08-20T21:36:14,elo_1800,mimo-v2.5,70,24,a6,1,e5,False,0
2026-08-20T21:36:29,elo_1800,mimo-v2.5,80,26,f3,1,d1,False,0
2026-08-20T21:36:30,elo_1800,mimo-v2.5,67,24,a5,1,d6,False,0
2026-08-20T21:36:37,elo_1800,mimo-v2.5,72,27,f6,1,d6,False,0
2026-08-20T21:37:11,elo_1800,mimo-v2.5,74,27,a5,0,b6,False,0
2026-08-20T21:37:11,elo_1800,mimo-v2.5,69,25,c1,1,b5,False,0
2026-08-20T21:37:17,elo_1800,mimo-v2.5,83,26,a1,1,a1,True,0
2026-08-20T21:37:28,elo_1800,mimo-v2.5,79,28,f1,1,f1,True,0
2026-08-20T21:37:30,elo_1800,mimo-v2.5,75,24,f4,0,d2,False,0
2026-08-20T21:37:35,elo_1800,mimo-v2.5,85,28,a1,1,a1,True,0
2026-08-20T21:38:17,elo_1800,mimo-v2.5,68,26,a5,1,a5,True,0
2026-08-20T21:38:31,elo_1800,mimo-v2.5,78,25,a2,1,e1,False,0
2026-08-20T21:38:35,elo_1800,mimo-v2.5,82,27,f6,1,f6,True,0
2026-08-20T21:38:46,elo_1800,mimo-v2.5,87,28,b1,1,a3,False,0
2026-08-20T21:38:52,elo_1800,mimo-v2.5,86,27,a5,0,a1,False,0
2026-08-20T21:38:53,elo_1800,mimo-v2.5,88,24,a2,1,a6,False,0
2026-08-20T21:39:25,elo_1800,mimo-v2.5,81,26,d6,1,a6,False,0
2026-08-20T21:39:27,elo_1800,mimo-v2.5,89,26,a6,1,f1,False,0
2026-08-20T21:39:40,elo_1800,mimo-v2.5,92,28,f6,1,f6,True,0
2026-08-20T21:39:51,elo_1800,mimo-v2.5,90,28,a5,1,a3,False,0
2026-08-20T21:40:14,elo_1800,mimo-v2.5,84,29,d1,1,b6,False,0
2026-08-20T21:40:29,elo_1800,mimo-v2.5,97,26,a1,1,a1,True,0
2026-08-20T21:40:36,elo_1800,mimo-v2.5,96,24,c6,0,a1,False,0
2026-08-20T21:41:21,elo_1800,mimo-v2.5,91,24,c1,1,c1,True,0
2026-08-20T21:41:48,elo_1800,mimo-v2.5,99,24,c6,1,f3,False,0
2026-08-20T21:41:57,elo_1800,mimo-v2.5,100,26,a4,1,a4,True,0
2026-08-20T21:41:57,elo_1800,mimo-v2.5,101,26,a1,1,a1,True,0
2026-08-20T21:42:02,elo_1800,mimo-v2.5,103,25,f6,0,f6,True,0
2026-08-20T21:42:09,elo_1800,mimo-v2.5,94,27,f1,1,f1,True,0
2026-08-20T21:42:09,elo_1800,mimo-v2.5,95,26,d6,1,d6,True,0
2026-08-20T21:42:32,elo_1800,mimo-v2.5,64,27,f5,1,a6,False,2
2026-08-20T21:42:55,elo_1800,mimo-v2.5,105,29,a1,1,a1,True,0
2026-08-20T21:42:59,elo_1800,mimo-v2.5,93,28,f4,1,e5,False,1
2026-08-20T21:43:06,elo_1800,mimo-v2.5,111,25,a1,1,a1,True,0
2026-08-20T21:43:17,elo_1800,mimo-v2.5,98,26,f4,1,e1,False,1
2026-08-20T21:43:19,elo_1800,mimo-v2.5,104,29,f5,1,c1,False,0
2026-08-20T21:43:22,elo_1800,mimo-v2.5,108,29,a1,1,a1,True,0
2026-08-20T21:43:22,elo_1800,mimo-v2.5,102,25,f6,1,f6,True,0
2026-08-20T21:43:23,elo_1800,mimo-v2.5,107,28,d1,1,e1,False,0
2026-08-20T21:43:30,elo_1800,mimo-v2.5,110,29,b6,1,f6,False,0
2026-08-20T21:43:55,elo_1800,mimo-v2.5,109,27,f6,1,f6,True,0
2026-08-20T21:44:13,elo_1800,mimo-v2.5,120,29,b6,-1,b6,True,0
2026-08-20T21:44:18,elo_1800,mimo-v2.5,112,25,b6,1,f1,False,0
2026-08-20T21:44:21,elo_1800,mimo-v2.5,113,27,b6,1,b6,True,0
2026-08-20T21:44:37,elo_1800,mimo-v2.5,116,26,a6,1,a6,True,0
2026-08-20T21:44:54,elo_1800,mimo-v2.5,119,26,d1,1,f1,False,0
2026-08-20T21:44:56,elo_1800,mimo-v2.5,117,26,f6,1,f6,True,0
2026-08-20T21:44:56,elo_1800,mimo-v2.5,114,24,e6,1,c6,False,0
2026-08-20T21:45:10,elo_1800,mimo-v2.5,106,27,f6,1,f6,True,0
2026-08-20T21:45:18,elo_1800,mimo-v2.5,123,26,e1,0,f1,False,0
2026-08-20T21:45:21,elo_1800,mimo-v2.5,118,24,d1,1,d1,True,0
2026-08-20T21:45:40,elo_1800,mimo-v2.5,127,27,c1,1,a6,False,0
2026-08-20T21:46:00,elo_1800,mimo-v2.5,124,29,e6,1,b1,False,0
2026-08-20T21:46:07,elo_1800,mimo-v2.5,128,25,f1,1,f1,True,0
2026-08-20T21:46:09,elo_1800,mimo-v2.5,126,26,e6,1,f1,False,0
2026-08-20T21:46:18,elo_1800,mimo-v2.5,130,29,b1,1,f1,False,0
2026-08-20T21:46:22,elo_1800,mimo-v2.5,133,28,f3,1,b1,False,0
2026-08-20T21:46:27,elo_1800,mimo-v2.5,125,24,a4,0,a1,False,0
2026-08-20T21:46:31,elo_1800,mimo-v2.5,135,28,a4,1,e1,False,0
2026-08-20T21:46:34,elo_1800,mimo-v2.5,122,28,f3,1,f3,True,0
2026-08-20T21:46:54,elo_1800,mimo-v2.5,129,29,a1,1,f5,False,0
2026-08-20T21:47:03,elo_1800,mimo-v2.5,115,28,d1,1,a3,False,0
2026-08-20T21:47:08,elo_1800,mimo-v2.5,132,25,f4,1,e5,False,0
2026-08-20T21:47:08,elo_1800,mimo-v2.5,131,25,b3,1,a5,False,0
2026-08-20T21:47:11,elo_1800,mimo-v2.5,121,26,a2,1,a2,True,0
2026-08-20T21:47:15,elo_1800,mimo-v2.5,136,25,a6,1,a6,True,0
2026-08-20T21:47:57,elo_1800,mimo-v2.5,140,25,f1,1,f1,True,0
2026-08-20T21:48:00,elo_1800,mimo-v2.5,139,27,b6,1,f4,False,0
2026-08-20T21:48:03,elo_1800,mimo-v2.5,142,26,a6,1,c1,False,0
2026-08-20T21:48:20,elo_1800,mimo-v2.5,145,27,a6,1,a1,False,0
2026-08-20T21:48:25,elo_1800,mimo-v2.5,144,25,a1,0,a1,True,0
2026-08-20T21:48:35,elo_1800,mimo-v2.5,143,24,c1,1,a6,False,0
2026-08-20T21:48:41,elo_1800,mimo-v2.5,134,26,f3,1,c1,False,0
2026-08-20T21:48:56,elo_1800,mimo-v2.5,151,29,d5,-1,d5,True,0
2026-08-20T21:48:57,elo_1800,mimo-v2.5,149,27,e1,1,e1,True,0
2026-08-20T21:48:57,elo_1800,mimo-v2.5,147,28,f6,0,a6,False,0
2026-08-20T21:49:02,elo_1800,mimo-v2.5,137,28,c1,1,b6,False,0
2026-08-20T21:49:08,elo_1800,mimo-v2.5,146,25,c5,1,b1,False,0
2026-08-20T21:49:19,elo_1800,mimo-v2.5,148,27,f6,1,f6,True,0
2026-08-20T21:49:21,elo_1800,mimo-v2.5,154,29,f1,0,f1,True,0
2026-08-20T21:49:27,elo_1800,mimo-v2.5,153,26,f6,1,f1,False,0
2026-08-20T21:49:44,elo_1800,mimo-v2.5,152,29,f5,1,a6,False,0
2026-08-20T21:49:59,elo_1800,mimo-v2.5,141,25,e1,1,c6,False,0
2026-08-20T21:50:18,elo_1800,mimo-v2.5,156,27,f6,1,f6,True,0
2026-08-20T21:50:18,elo_1800,mimo-v2.5,138,28,e6,1,a5,False,0
2026-08-20T21:50:43,elo_1800,mimo-v2.5,157,28,b6,1,b3,False,0
2026-08-20T21:50:55,elo_1800,mimo-v2.5,163,25,a1,0,a5,False,0
2026-08-20T21:50:58,elo_1800,mimo-v2.5,150,28,f6,1,a6,False,0
2026-08-20T21:51:00,elo_1800,mimo-v2.5,164,24,b6,1,f1,False,0
2026-08-20T21:51:05,elo_1800,mimo-v2.5,166,28,b2,-1,b2,True,0
2026-08-20T21:51:05,elo_1800,mimo-v2.5,160,25,a1,1,a1,True,0
2026-08-20T21:51:08,elo_1800,mimo-v2.5,165,29,e1,1,a6,False,0
2026-08-20T21:51:21,elo_1800,mimo-v2.5,167,27,f6,0,d6,False,0
2026-08-20T21:51:49,elo_1800,mimo-v2.5,162,28,f6,1,f6,True,0
2026-08-20T21:52:03,elo_1800,mimo-v2.5,159,24,f3,0,b6,False,0
2026-08-20T21:52:10,elo_1800,mimo-v2.5,155,25,d6,1,f6,False,0
2026-08-20T21:52:12,elo_1800,mimo-v2.5,173,27,a4,0,f6,False,0
2026-08-20T21:52:16,elo_1800,mimo-v2.5,158,27,a3,1,a2,False,0
2026-08-20T21:52:25,elo_1800,mimo-v2.5,168,28,b3,1,f2,False,0
2026-08-20T21:52:34,elo_1800,mimo-v2.5,161,24,f3,1,a1,False,0
2026-08-20T21:52:46,elo_1800,mimo-v2.5,169,25,a6,1,a6,True,0
2026-08-20T21:52:46,elo_1800,mimo-v2.5,176,24,e2,1,c6,False,0
2026-08-20T21:53:26,elo_1800,mimo-v2.5,175,27,e1,1,c5,False,0
2026-08-20T21:53:36,elo_1800,mimo-v2.5,182,25,a3,-1,a3,True,0
2026-08-20T21:53:47,elo_1800,mimo-v2.5,178,25,f6,1,f6,True,0
2026-08-20T21:53:48,elo_1800,mimo-v2.5,180,27,e3,0,f1,False,0
2026-08-20T21:53:53,elo_1800,mimo-v2.5,174,26,f1,0,f1,True,0
2026-08-20T21:54:06,elo_1800,mimo-v2.5,184,29,a1,0,a1,True,0
2026-08-20T21:54:19,elo_1800,mimo-v2.5,177,24,f6,1,a1,False,0
2026-08-20T21:54:25,elo_1800,mimo-v2.5,172,29,f6,1,f6,True,0
2026-08-20T21:54:36,elo_1800,mimo-v2.5,179,28,a6,1,a6,True,0
2026-08-20T21:54:37,elo_1800,mimo-v2.5,181,28,a4,1,b4,False,0
2026-08-20T21:54:57,elo_1800,mimo-v2.5,186,27,a1,1,a1,True,0
2026-08-20T21:55:41,elo_1800,mimo-v2.5,170,28,f1,1,f1,True,1
2026-08-20T21:55:43,elo_1800,mimo-v2.5,171,28,e6,1,f3,False,1
2026-08-20T21:55:47,elo_1800,mimo-v2.5,188,24,a4,1,a4,True,0
2026-08-20T21:55:56,elo_1800,mimo-v2.5,185,29,a5,1,e3,False,0
2026-08-20T21:55:59,elo_1800,mimo-v2.5,192,27,a6,0,a6,True,0
2026-08-20T21:56:23,elo_1800,mimo-v2.5,191,26,a2,1,b1,False,0
2026-08-20T21:56:37,elo_1800,mimo-v2.5,194,29,f2,1,b3,False,0
2026-08-20T21:56:57,elo_1800,mimo-v2.5,195,29,e1,0,e1,True,0
2026-08-20T21:57:05,elo_1800,mimo-v2.5,196,29,d1,1,f6,False,0
2026-08-20T21:57:13,elo_1800,mimo-v2.5,198,27,f1,1,f1,True,0
2026-08-20T21:57:18,elo_1800,mimo-v2.5,197,26,f3,0,a1,False,0
2026-08-20T21:57:40,elo_1800,mimo-v2.5,190,27,a6,1,a6,True,0
2026-08-20T21:58:02,elo_1800,mimo-v2.5,187,24,f6,1,b2,False,1
2026-08-20T21:58:27,elo_1800,mimo-v2.5,193,28,b6,1,b6,True,0
2026-08-20T21:59:20,elo_1800,mimo-v2.5,200,26,d1,1,a1,False,0
2026-08-20T21:59:34,elo_1800,mimo-v2.5,183,26,a4,1,f1,False,1
2026-08-20T22:02:07,elo_1800,mimo-v2.5,189,28,f5,0,f5,True,1
2026-08-20T22:02:08,elo_1800,mimo-v2.5,199,29,f4,1,a6,False,1
2026-08-20T22:02:16,elo_2800,mimo-v2.5,3,29,a4,-1,a4,True,0
2026-08-20T22:03:06,elo_2800,mimo-v2.5,5,28,a3,0,a6,False,0
2026-08-20T22:03:15,elo_2800,mimo-v2.5,1,29,b1,0,c2,False,0
2026-08-20T22:03:20,elo_2800,mimo-v2.5,2,25,f5,1,f6,False,0
2026-08-20T22:03:27,elo_2800,mimo-v2.5,12,28,a6,1,a6,True,0
2026-08-20T22:03:41,elo_2800,mimo-v2.5,6,28,a6,1,a6,True,0
2026-08-20T22:03:43,elo_2800,mimo-v2.5,11,28,b6,1,a3,False,0
2026-08-20T22:03:53,elo_2800,mimo-v2.5,4,26,a6,1,a6,True,0
2026-08-20T22:03:56,elo_2800,mimo-v2.5,9,24,a5,1,a6,False,0
2026-08-20T22:04:09,elo_2800,mimo-v2.5,16,27,f2,1,f6,False,0
2026-08-20T22:04:21,elo_2800,mimo-v2.5,8,28,a1,1,c1,False,0
2026-08-20T22:04:45,elo_2800,mimo-v2.5,15,27,f4,1,c2,False,0
2026-08-20T22:04:48,elo_2800,mimo-v2.5,14,25,b5,0,a1,False,0
2026-08-20T22:04:51,elo_2800,mimo-v2.5,10,26,f5,1,c2,False,0
2026-08-20T22:05:09,elo_2800,mimo-v2.5,18,29,a3,1,f6,False,0
2026-08-20T22:05:22,elo_2800,mimo-v2.5,17,26,f3,1,a6,False,0
2026-08-20T22:05:50,elo_2800,mimo-v2.5,13,27,a6,1,a6,True,0
2026-08-20T22:05:50,elo_2800,mimo-v2.5,24,25,f6,1,f6,True,0
2026-08-20T22:06:04,elo_2800,mimo-v2.5,21,25,a1,1,a1,True,0
2026-08-20T22:06:30,elo_2800,mimo-v2.5,19,28,d6,1,a3,False,0
2026-08-20T22:06:39,elo_2800,mimo-v2.5,30,27,a6,1,d1,False,0
2026-08-20T22:06:53,elo_2800,mimo-v2.5,28,27,a6,1,e4,False,0
2026-08-20T22:06:55,elo_2800,mimo-v2.5,26,29,e1,1,b3,False,0
2026-08-20T22:07:08,elo_2800,mimo-v2.5,23,27,d1,1,a1,False,0
2026-08-20T22:07:13,elo_2800,mimo-v2.5,27,28,f6,1,f1,False,0
2026-08-20T22:07:14,elo_2800,mimo-v2.5,29,25,a2,1,a1,False,0
2026-08-20T22:07:25,elo_2800,mimo-v2.5,35,29,f5,-1,f5,True,0
2026-08-20T22:07:41,elo_2800,mimo-v2.5,25,28,a1,1,a1,True,0
2026-08-20T22:07:51,elo_2800,mimo-v2.5,31,24,a1,1,a1,True,0
2026-08-20T22:08:08,elo_2800,mimo-v2.5,32,29,d5,1,d5,True,0
2026-08-20T22:08:22,elo_2800,mimo-v2.5,36,26,f6,1,f6,True,0
2026-08-20T22:08:27,elo_2800,mimo-v2.5,41,29,c2,1,f3,False,0
2026-08-20T22:08:31,elo_2800,mimo-v2.5,42,28,a4,-1,a4,True,0
2026-08-20T22:08:35,elo_2800,mimo-v2.5,34,28,f1,1,f1,True,0
2026-08-20T22:08:55,elo_2800,mimo-v2.5,20,29,d5,1,d5,True,1
2026-08-20T22:09:09,elo_2800,mimo-v2.5,40,28,e6,0,f1,False,0
2026-08-20T22:09:56,elo_2800,mimo-v2.5,39,28,a1,1,a1,True,0
2026-08-20T22:09:59,elo_2800,mimo-v2.5,46,29,a4,1,f1,False,0
2026-08-20T22:10:04,elo_2800,mimo-v2.5,37,25,a1,1,a1,True,0
2026-08-20T22:10:14,elo_2800,mimo-v2.5,38,26,a4,1,a5,False,0
2026-08-20T22:10:32,elo_2800,mimo-v2.5,44,24,e3,1,e3,True,0
2026-08-20T22:10:48,elo_2800,mimo-v2.5,43,27,b1,0,a4,False,0
2026-08-20T22:10:56,elo_2800,mimo-v2.5,47,26,e1,1,e5,False,0
2026-08-20T22:11:01,elo_2800,mimo-v2.5,45,28,f3,0,f5,False,0
2026-08-20T22:11:06,elo_2800,mimo-v2.5,48,26,a6,0,a6,True,0
2026-08-20T22:11:08,elo_2800,mimo-v2.5,52,24,c6,1,f6,False,0
2026-08-20T22:11:19,elo_2800,mimo-v2.5,54,25,d6,0,a3,False,0
2026-08-20T22:11:24,elo_2800,mimo-v2.5,22,27,a6,1,b3,False,1
2026-08-20T22:11:40,elo_2800,mimo-v2.5,53,29,d6,1,a1,False,0
2026-08-20T22:12:02,elo_2800,mimo-v2.5,58,25,a6,0,e3,False,0
2026-08-20T22:12:18,elo_2800,mimo-v2.5,7,26,f1,1,f1,True,1
2026-08-20T22:12:21,elo_2800,mimo-v2.5,55,29,a6,1,a6,True,0
2026-08-20T22:12:45,elo_2800,mimo-v2.5,57,26,a1,0,a1,True,0
2026-08-20T22:13:03,elo_2800,mimo-v2.5,51,27,b1,1,b1,True,0
2026-08-20T22:13:19,elo_2800,mimo-v2.5,61,25,f1,1,a1,False,0
2026-08-20T22:13:31,elo_2800,mimo-v2.5,33,27,d6,0,f6,False,1
2026-08-20T22:13:34,elo_2800,mimo-v2.5,62,29,f4,0,f1,False,0
2026-08-20T22:13:51,elo_2800,mimo-v2.5,60,27,a6,0,f4,False,0
2026-08-20T22:14:19,elo_2800,mimo-v2.5,67,24,a5,1,b2,False,0
2026-08-20T22:14:19,elo_2800,mimo-v2.5,64,27,f5,1,a6,False,0
2026-08-20T22:14:26,elo_2800,mimo-v2.5,49,28,b1,0,f4,False,1
2026-08-20T22:14:29,elo_2800,mimo-v2.5,71,28,a4,-1,a4,True,0
2026-08-20T22:14:33,elo_2800,mimo-v2.5,63,25,a1,1,a1,True,0
2026-08-20T22:14:55,elo_2800,mimo-v2.5,59,24,a3,1,a6,False,0
2026-08-20T22:15:18,elo_2800,mimo-v2.5,66,28,f4,1,b1,False,0
2026-08-20T22:15:22,elo_2800,mimo-v2.5,50,26,a3,1,d6,False,0
2026-08-20T22:15:37,elo_2800,mimo-v2.5,69,25,c1,1,f6,False,0
2026-08-20T22:15:39,elo_2800,mimo-v2.5,68,26,a5,1,c6,False,0
2026-08-20T22:15:42,elo_2800,mimo-v2.5,76,26,a3,-1,a3,True,0
2026-08-20T22:15:47,elo_2800,mimo-v2.5,72,27,f6,1,f6,True,0
2026-08-20T22:15:53,elo_2800,mimo-v2.5,77,29,f5,0,f5,True,0
2026-08-20T22:15:55,elo_2800,mimo-v2.5,73,24,a6,1,e6,False,0
2026-08-20T22:16:00,elo_2800,mimo-v2.5,70,24,a6,1,a3,False,0
2026-08-20T22:16:11,elo_2800,mimo-v2.5,65,24,a5,0,a1,False,0
2026-08-20T22:16:34,elo_2800,mimo-v2.5,79,28,f1,1,f1,True,0
2026-08-20T22:16:52,elo_2800,mimo-v2.5,81,26,d6,1,e1,False,0
2026-08-20T22:17:07,elo_2800,mimo-v2.5,74,27,a5,0,b6,False,0
2026-08-20T22:17:11,elo_2800,mimo-v2.5,86,27,a5,0,a1,False,0
2026-08-20T22:17:22,elo_2800,mimo-v2.5,82,27,f6,1,f6,True,0
2026-08-20T22:17:27,elo_2800,mimo-v2.5,87,28,b1,1,b1,True,0
2026-08-20T22:17:33,elo_2800,mimo-v2.5,85,28,a1,1,a1,True,0
2026-08-20T22:17:38,elo_2800,mimo-v2.5,89,26,a6,1,e6,False,0
2026-08-20T22:17:39,elo_2800,mimo-v2.5,83,26,a1,1,a1,True,0
2026-08-20T22:17:56,elo_2800,mimo-v2.5,80,26,f3,1,f3,True,0
2026-08-20T22:18:24,elo_2800,mimo-v2.5,88,24,a2,1,a6,False,0
2026-08-20T22:18:40,elo_2800,mimo-v2.5,84,29,d1,1,a5,False,0
2026-08-20T22:18:49,elo_2800,mimo-v2.5,90,28,a5,1,a3,False,0
2026-08-20T22:19:21,elo_2800,mimo-v2.5,91,24,c1,1,b2,False,0
2026-08-20T22:19:31,elo_2800,mimo-v2.5,96,24,c6,0,a1,False,0
2026-08-20T22:19:41,elo_2800,mimo-v2.5,95,26,d6,1,b3,False,0
2026-08-20T22:20:26,elo_2800,mimo-v2.5,94,27,f1,1,f1,True,0
2026-08-20T22:20:26,elo_2800,mimo-v2.5,92,28,f6,1,f6,True,0
2026-08-20T22:20:40,elo_2800,mimo-v2.5,101,26,a1,1,a1,True,0
2026-08-20T22:20:55,elo_2800,mimo-v2.5,56,29,d1,1,f2,False,2
2026-08-20T22:21:08,elo_2800,mimo-v2.5,97,26,a1,1,a6,False,0
2026-08-20T22:21:10,elo_2800,mimo-v2.5,100,26,a4,1,c2,False,0
2026-08-20T22:21:12,elo_2800,mimo-v2.5,78,25,a2,1,c6,False,1
2026-08-20T22:21:26,elo_2800,mimo-v2.5,98,26,f4,1,e1,False,0
2026-08-20T22:21:27,elo_2800,mimo-v2.5,99,24,c6,1,c6,True,0
2026-08-20T22:21:55,elo_2800,mimo-v2.5,93,28,f4,1,f5,False,1
2026-08-20T22:21:57,elo_2800,mimo-v2.5,108,29,a1,1,a1,True,0
2026-08-20T22:22:03,elo_2800,mimo-v2.5,104,29,f5,1,c1,False,0
2026-08-20T22:22:17,elo_2800,mimo-v2.5,103,25,f6,0,f6,True,0
2026-08-20T22:23:05,elo_2800,mimo-v2.5,106,27,f6,1,e1,False,0
2026-08-20T22:23:07,elo_2800,mimo-v2.5,110,29,b6,1,f6,False,0
2026-08-20T22:23:08,elo_2800,mimo-v2.5,75,24,f4,0,f5,False,1
2026-08-20T22:23:11,elo_2800,mimo-v2.5,112,25,b6,1,f1,False,0
2026-08-20T22:23:16,elo_2800,mimo-v2.5,105,29,a1,1,a1,True,0
2026-08-20T22:23:31,elo_2800,mimo-v2.5,118,24,d1,1,b1,False,0
2026-08-20T22:23:46,elo_2800,mimo-v2.5,115,28,d1,1,d1,True,0
2026-08-20T22:23:49,elo_2800,mimo-v2.5,107,28,d1,1,b2,False,0
2026-08-20T22:23:52,elo_2800,mimo-v2.5,102,25,f6,1,f2,False,0
2026-08-20T22:23:53,elo_2800,mimo-v2.5,120,29,b6,-1,b6,True,0
2026-08-20T22:24:17,elo_2800,mimo-v2.5,119,26,d1,1,f1,False,0
2026-08-20T22:24:17,elo_2800,mimo-v2.5,114,24,e6,1,f6,False,0
2026-08-20T22:24:28,elo_2800,mimo-v2.5,117,26,f6,1,f6,True,0
2026-08-20T22:24:39,elo_2800,mimo-v2.5,116,26,a6,1,a6,True,0
2026-08-20T22:25:02,elo_2800,mimo-v2.5,109,27,f6,1,a6,False,0
2026-08-20T22:25:05,elo_2800,mimo-v2.5,111,25,a1,1,e4,False,0
2026-08-20T22:25:36,elo_2800,mimo-v2.5,129,29,a1,1,a1,True,0
2026-08-20T22:25:46,elo_2800,mimo-v2.5,127,27,c1,1,a6,False,0
2026-08-20T22:25:46,elo_2800,mimo-v2.5,124,29,e6,1,a5,False,0
2026-08-20T22:25:50,elo_2800,mimo-v2.5,130,29,b1,1,f1,False,0
2026-08-20T22:26:05,elo_2800,mimo-v2.5,125,24,a4,0,a1,False,0
2026-08-20T22:26:10,elo_2800,mimo-v2.5,132,25,f4,1,a1,False,0
2026-08-20T22:26:18,elo_2800,mimo-v2.5,134,26,f3,1,c1,False,0
2026-08-20T22:26:21,elo_2800,mimo-v2.5,126,26,e6,1,f1,False,0
2026-08-20T22:26:25,elo_2800,mimo-v2.5,122,28,f3,1,f3,True,0
2026-08-20T22:26:32,elo_2800,mimo-v2.5,136,25,a6,1,b1,False,0
2026-08-20T22:27:02,elo_2800,mimo-v2.5,128,25,f1,1,f1,True,0
2026-08-20T22:27:23,elo_2800,mimo-v2.5,113,27,b6,1,f6,False,1
2026-08-20T22:27:40,elo_2800,mimo-v2.5,135,28,a4,1,f1,False,0
2026-08-20T22:27:41,elo_2800,mimo-v2.5,133,28,f3,1,c6,False,0
2026-08-20T22:28:07,elo_2800,mimo-v2.5,131,25,b3,1,a1,False,0
2026-08-20T22:28:19,elo_2800,mimo-v2.5,140,25,f1,1,f1,True,0
2026-08-20T22:28:27,elo_2800,mimo-v2.5,121,26,a2,1,a2,True,0
2026-08-20T22:28:32,elo_2800,mimo-v2.5,141,25,e1,1,c6,False,0
2026-08-20T22:28:49,elo_2800,mimo-v2.5,137,28,c1,1,c1,True,0
2026-08-20T22:28:49,elo_2800,mimo-v2.5,143,24,c1,1,c1,True,0
2026-08-20T22:29:42,elo_2800,mimo-v2.5,144,25,a1,0,a1,True,0
2026-08-20T22:29:44,elo_2800,mimo-v2.5,147,28,f6,0,f6,True,0
2026-08-20T22:29:49,elo_2800,mimo-v2.5,138,28,e6,1,f5,False,0
2026-08-20T22:29:53,elo_2800,mimo-v2.5,146,25,c5,1,a4,False,0
2026-08-20T22:29:59,elo_2800,mimo-v2.5,148,27,f6,1,f6,True,0
2026-08-20T22:30:03,elo_2800,mimo-v2.5,151,29,d5,-1,d5,True,0
2026-08-20T22:30:03,elo_2800,mimo-v2.5,145,27,a6,1,a6,True,0
2026-08-20T22:30:12,elo_2800,mimo-v2.5,152,29,f5,1,a6,False,0
2026-08-20T22:30:13,elo_2800,mimo-v2.5,149,27,e1,1,a3,False,0
2026-08-20T22:30:33,elo_2800,mimo-v2.5,150,28,f6,1,a6,False,0
2026-08-20T22:30:47,elo_2800,mimo-v2.5,123,26,e1,0,f1,False,1
2026-08-20T22:31:38,elo_2800,mimo-v2.5,159,24,f3,0,b1,False,0
2026-08-20T22:32:07,elo_2800,mimo-v2.5,156,27,f6,1,f6,True,0
2026-08-20T22:32:07,elo_2800,mimo-v2.5,158,27,a3,1,f5,False,0
2026-08-20T22:32:20,elo_2800,mimo-v2.5,162,28,f6,1,f6,True,0
2026-08-20T22:32:38,elo_2800,mimo-v2.5,157,28,b6,1,b3,False,0
2026-08-20T22:32:52,elo_2800,mimo-v2.5,153,26,f6,1,f6,True,0
2026-08-20T22:32:58,elo_2800,mimo-v2.5,166,28,b2,-1,b2,True,0
2026-08-20T22:33:03,elo_2800,mimo-v2.5,163,25,a1,0,a1,True,0
2026-08-20T22:33:11,elo_2800,mimo-v2.5,167,27,f6,0,d6,False,0
2026-08-20T22:33:15,elo_2800,mimo-v2.5,161,24,f3,1,a1,False,0
2026-08-20T22:33:21,elo_2800,mimo-v2.5,160,25,a1,1,a1,True,0
2026-08-20T22:33:50,elo_2800,mimo-v2.5,164,24,b6,1,f1,False,0
2026-08-20T22:34:03,elo_2800,mimo-v2.5,154,29,f1,0,f1,True,1
2026-08-20T22:34:31,elo_2800,mimo-v2.5,142,26,a6,1,c1,False,1
2026-08-20T22:34:32,elo_2800,mimo-v2.5,171,28,e6,1,d6,False,0
2026-08-20T22:34:37,elo_2800,mimo-v2.5,139,27,b6,1,f1,False,2
2026-08-20T22:34:42,elo_2800,mimo-v2.5,168,28,b3,1,f1,False,0
2026-08-20T22:35:00,elo_2800,mimo-v2.5,165,29,e1,1,e1,True,0
2026-08-20T22:35:11,elo_2800,mimo-v2.5,155,25,d6,1,f6,False,1
2026-08-20T22:36:09,elo_2800,mimo-v2.5,177,24,f6,1,f6,True,0
2026-08-20T22:36:16,elo_2800,mimo-v2.5,176,24,e2,1,a4,False,0
2026-08-20T22:36:22,elo_2800,mimo-v2.5,169,25,a6,1,a1,False,0
2026-08-20T22:36:27,elo_2800,mimo-v2.5,182,25,a3,-1,a3,True,0
2026-08-20T22:36:29,elo_2800,mimo-v2.5,172,29,f6,1,f6,True,0
2026-08-20T22:36:44,elo_2800,mimo-v2.5,174,26,f1,0,e1,False,0
2026-08-20T22:36:46,elo_2800,mimo-v2.5,178,25,f6,1,f6,True,0
2026-08-20T22:36:46,elo_2800,mimo-v2.5,175,27,e1,1,c5,False,0
2026-08-20T22:36:52,elo_2800,mimo-v2.5,170,28,f1,1,e6,False,1
2026-08-20T22:37:24,elo_2800,mimo-v2.5,183,26,a4,1,f1,False,0
2026-08-20T22:37:28,elo_2800,mimo-v2.5,184,29,a1,0,a1,True,0
2026-08-20T22:37:39,elo_2800,mimo-v2.5,180,27,e3,0,a4,False,0
2026-08-20T22:37:49,elo_2800,mimo-v2.5,187,24,f6,1,b5,False,0
2026-08-20T22:37:58,elo_2800,mimo-v2.5,186,27,a1,1,a1,True,0
2026-08-20T22:38:16,elo_2800,mimo-v2.5,181,28,a4,1,b4,False,0
2026-08-20T22:38:25,elo_2800,mimo-v2.5,185,29,a5,1,f2,False,0
2026-08-20T22:38:51,elo_2800,mimo-v2.5,173,27,a4,0,f6,False,1
2026-08-20T22:38:53,elo_2800,mimo-v2.5,189,28,f5,0,d2,False,0
2026-08-20T22:39:15,elo_2800,mimo-v2.5,195,29,e1,0,e1,True,0
2026-08-20T22:39:15,elo_2800,mimo-v2.5,190,27,a6,1,a6,True,0
2026-08-20T22:39:35,elo_2800,mimo-v2.5,194,29,f2,1,b3,False,0
2026-08-20T22:39:44,elo_2800,mimo-v2.5,198,27,f1,1,a6,False,0
2026-08-20T22:40:22,elo_2800,mimo-v2.5,188,24,a4,1,a4,True,0
2026-08-20T22:40:23,elo_2800,mimo-v2.5,179,28,a6,1,a6,True,1
2026-08-20T22:40:26,elo_2800,mimo-v2.5,197,26,f3,0,a1,False,0
2026-08-20T22:40:29,elo_2800,mimo-v2.5,193,28,b6,1,b6,True,0
2026-08-20T22:40:30,elo_2800,mimo-v2.5,196,29,d1,1,f6,False,0
2026-08-20T22:40:40,elo_2800,mimo-v2.5,199,29,f4,1,a6,False,0
2026-08-20T22:40:44,elo_2800,mimo-v2.5,200,26,d1,1,d1,True,0
2026-08-20T22:41:45,elo_2800,mimo-v2.5,191,26,a2,1,b1,False,1
2026-08-20T22:43:05,elo_2800,mimo-v2.5,192,27,a6,0,a6,True,1
